"ID_wystepowania","ID_Zawodnika","ID_Regat","ID_wariantu_klubu","WynikWRegatach","Trening"
"7317","24283626","1584594","21267167","0",
"7318","56799050","1584594","21267167","0",
"7320","24283626","42322105","21267167","5",
"7321","56799050","42322105","21267167","5",
"7322","69935946","42322105","46283265","0",
"7323","18443374","42322105","832153","1",
"7324","24283626","73972099","21267167","2",
"7325","56799050","73972099","21267167","2",
"7326","69935946","73972099","46283265","0",
"7327","24283626","77100366","21267167","3",
"7328","56799050","77100366","21267167","3",
"7329","69935946","77100366","46283265","0",
"7330","18443374","77100366","832153","4",
"7331","96789971","34786669","9816690","8",
"7332","11120520","34786669","3343985","7",
"7333","9574951","34786669","90735668","4",
"7334","69935946","34786669","46283265","0",
"7335","96789971","46476906","9816690","4",
"7336","11120520","46476906","3343985","7",
"7337","9574951","46476906","90735668","10",
"7338","69935946","46476906","46283265","0",
"7339","96789971","59734039","9816690","0",
"7340","11120520","59734039","3343985","0",
"7341","9574951","59734039","90735668","0",
"7342","56799050","59734039","21267167","0",
"7343","69935946","59734039","46283265","0",
"7344","96789971","80803598","9816690","0",
"7345","71589137","80803598","4192131","0",
"7346","11120520","80803598","3343985","0",
"7347","9574951","80803598","90735668","0",
"7348","56799050","80803598","21267167","0",
"7349","69935946","80803598","46283265","0",
"7352","9574951","16861691","29673695","11",
"7353","11120520","16861691","88156681","0",
"7354","24283626","16861691","21267167","3",
"7355","56799050","16861691","21267167","3",
"7356","69935946","16861691","46283265","0",
"7359","9574951","52984811","29673695","4",
"7360","11120520","52984811","88156681","0",
"7361","24283626","52984811","21267167","5",
"7362","69935946","52984811","46283265","0",
"7365","9574951","85326506","29673695","2",
"7366","11120520","85326506","88156681","0",
"7367","24283626","85326506","21267167","1",
"7368","56799050","85326506","21267167","1",
"7369","69935946","85326506","46283265","0",
"7372","9574951","85657695","29673695","3",
"7373","11120520","85657695","88156681","0",
"7374","24283626","85657695","21267167","1",
"7375","56799050","85657695","21267167","1",
"7376","69935946","85657695","46283265","0",
"7377","96789971","23503367","9816690","9",
"7378","71589137","23503367","31561187","2",
"7379","9574951","23503367","29673695","1",
"7380","69935946","23503367","29673695","1",
"7381","24283626","23503367","21267167","5",
"7382","873413","23503367","21267167","5",
"7383","56799050","23503367","21267167","5",
"7384","96789971","42903369","9816690","9",
"7385","71589137","42903369","31561187","3",
"7386","9574951","42903369","29673695","4",
"7387","69935946","42903369","29673695","4",
"7388","24283626","42903369","21267167","8",
"7389","96789971","76884717","9816690","5",
"7390","71589137","76884717","31561187","7",
"7391","22785032","76884717","29673695","2",
"7392","69935946","76884717","29673695","2",
"7393","24283626","76884717","21267167","6",
"7394","96789971","79990660","9816690","11",
"7395","21665175","79990660","46283265","0",
"7396","71589137","79990660","31561187","6",
"7397","9574951","79990660","29673695","1",
"7398","69935946","79990660","29673695","1",
"7399","24283626","79990660","21267167","2",
"7400","22785032","16400118","57461405","2",
"7401","56799050","16400118","77473926","1",
"7402","22785032","39885461","57461405","1",
"7403","56799050","39885461","77473926","5",
"7404","22785032","90193164","57461405","1",
"7406","56799050","90193164","77473926","3",
"7407","22785032","99194464","57461405","1",
"7409","56799050","99194464","77473926","2",
"7410","96789971","27131848","9816690","9",
"7411","75356731","27131848","46283265","7",
"7412","71589137","27131848","31561187","2",
"7413","13647562","27131848","31561187","2",
"7414","21665175","27131848","29673695","8",
"7415","69935946","27131848","29673695","8",
"7416","24283626","27131848","21267167","12",
"7417","873413","27131848","21267167","12",
"7418","96789971","40323829","9816690","6",
"7419","9574951","40323829","9816690","6",
"7420","71589137","40323829","31561187","4",
"7421","13647562","40323829","31561187","4",
"7422","21665175","40323829","29673695","5",
"7423","69935946","40323829","29673695","5",
"7424","24283626","40323829","21267167","11",
"7425","873413","40323829","21267167","11",
"7426","96789971","56840754","9816690","8",
"7427","71589137","56840754","31561187","2",
"7428","13647562","56840754","31561187","2",
"7429","21665175","56840754","29673695","1",
"7430","69935946","56840754","29673695","1",
"7431","24283626","56840754","21267167","9",
"7432","873413","56840754","21267167","9",
"7434","96789971","81519758","9816690","10",
"7435","71589137","81519758","31561187","4",
"7436","13647562","81519758","31561187","4",
"7437","21665175","81519758","29673695","7",
"7438","69935946","81519758","29673695","7",
"7439","24283626","81519758","21267167","11",
"7440","873413","81519758","21267167","11",
"7441","24449860","11173302","35887754","6",
"7442","22785032","56595466","3343985","10",
"7443","67917096","56595466","3343985","10",
"7444","24449860","56595466","35887754","6",
"7445","37577452","61637084","3343985","7",
"7446","24449860","61637084","35887754","1",
"7447","24449860","96787646","35887754","3",
"7448","96789971","11291612","9816690","9",
"7450","71589137","11291612","31561187","5",
"7451","13647562","11291612","31561187","5",
"7452","21665175","11291612","29673695","4",
"7453","69935946","11291612","29673695","4",
"7454","15603428","11291612","57461405","2",
"7455","24283626","11291612","21267167","8",
"7456","873413","11291612","21267167","8",
"7457","56799050","11291612","77473926","1",
"7458","96789971","48680673","9816690","11",
"7460","71589137","48680673","31561187","9",
"7461","13647562","48680673","31561187","9",
"7462","69935946","48680673","29673695","6",
"7463","15603428","48680673","57461405","3",
"7464","65824952","48680673","21267167","10",
"7465","24283626","48680673","21267167","10",
"7466","873413","48680673","21267167","10",
"7467","56799050","48680673","77473926","1",
"7468","9574951","78707344","66803490","7",
"7469","96789971","78707344","9816690","12",
"7471","71589137","78707344","31561187","8",
"7472","13647562","78707344","31561187","8",
"7473","69935946","78707344","29673695","10",
"7474","15603428","78707344","57461405","1",
"7475","65824952","78707344","21267167","11",
"7476","24283626","78707344","21267167","11",
"7477","873413","78707344","21267167","11",
"7478","56799050","78707344","77473926","3",
"7479","96789971","79103275","9816690","10",
"7481","71589137","79103275","31561187","9",
"7482","13647562","79103275","31561187","9",
"7483","21665175","79103275","29673695","8",
"7484","69935946","79103275","29673695","8",
"7485","15603428","79103275","57461405","3",
"7486","24283626","79103275","21267167","12",
"7487","873413","79103275","21267167","12",
"7488","56799050","79103275","77473926","2",
"7489","95999433","20201142","97015711","1",
"7490","22785032","20201142","21863651","6",
"7491","11120520","20201142","32679058","7",
"7492","79147169","20201142","23474192","8",
"7493","95999433","68966834","97015711","2",
"7494","22785032","68966834","21863651","6",
"7495","95999433","79772225","97015711","5",
"7496","22785032","79772225","21863651","11",
"7497","11120520","79772225","32679058","4",
"7498","79147169","79772225","23474192","10",
"7499","95999433","96613811","97015711","2",
"7500","22785032","96613811","21863651","11",
"7501","11120520","96613811","32679058","6",
"7502","15603428","7819477","84529515","0",
"7503","71589137","7819477","31561187","0",
"7504","13647562","7819477","31561187","0",
"7505","69935946","7819477","29673695","0",
"7506","67917096","7819477","3343985","0",
"7508","24449860","7819477","35887754","0",
"7510","65824952","7819477","21267167","0",
"7511","24283626","7819477","21267167","0",
"7512","873413","7819477","21267167","0",
"7513","56799050","7819477","77473926","0",
"7514","15603428","16116614","84529515","7",
"7516","71589137","16116614","31561187","2",
"7517","13647562","16116614","31561187","2",
"7518","69935946","16116614","29673695","11",
"7519","67917096","16116614","3343985","8",
"7521","24449860","16116614","35887754","6",
"7523","65824952","16116614","21267167","18",
"7524","24283626","16116614","21267167","18",
"7525","873413","16116614","21267167","18",
"7526","56799050","16116614","77473926","1",
"7527","15603428","34461511","84529515","7",
"7528","71589137","34461511","31561187","3",
"7529","13647562","34461511","31561187","3",
"7530","69935946","34461511","29673695","1",
"7531","67917096","34461511","3343985","9",
"7533","24449860","34461511","35887754","11",
"7535","65824952","34461511","21267167","10",
"7536","24283626","34461511","21267167","10",
"7537","873413","34461511","21267167","10",
"7538","56799050","34461511","77473926","4",
"7539","15603428","53378923","84529515","18",
"7541","71589137","53378923","31561187","3",
"7542","13647562","53378923","31561187","3",
"7543","69935946","53378923","29673695","5",
"7544","67917096","53378923","3343985","8",
"7546","24449860","53378923","35887754","12",
"7548","65824952","53378923","21267167","10",
"7549","24283626","53378923","21267167","10",
"7550","873413","53378923","21267167","10",
"7551","56799050","53378923","77473926","1",
"7552","22785032","31071604","21863651","8",
"7553","79147169","31071604","23474192","10",
"7554","65824952","31071604","27044513","7",
"7555","21665175","31071604","39923431","3",
"7556","67917096","31071604","39923431","3",
"7557","73728079","31071604","73113253","1",
"7558","30063637","51626046","21863651","18",
"7559","79147169","51626046","23474192","6",
"7560","9574951","51626046","1026501","12",
"7561","65824952","51626046","27044513","3",
"7562","21665175","51626046","39923431","2",
"7563","67917096","51626046","39923431","2",
"7564","22785032","59609769","21863651","16",
"7565","79147169","59609769","23474192","2",
"7566","9574951","59609769","1026501","6",
"7567","65824952","59609769","27044513","5",
"7568","21665175","59609769","39923431","1",
"7569","67917096","59609769","39923431","1",
"7570","79147169","72870325","23474192","10",
"7571","9574951","72870325","1026501","3",
"7572","65824952","72870325","27044513","6",
"7573","21665175","72870325","39923431","2",
"7574","67917096","72870325","39923431","2",
"7575","73728079","72870325","73113253","5",
"7576","95999433","4685116","97015711","0",
"7577","56799050","4685116","70916580","0",
"7579","15603428","4685116","37537849","0",
"7580","52138719","4685116","37537849","0",
"7581","71589137","4685116","31561187","0",
"7582","13647562","4685116","31561187","0",
"7584","45466641","4685116","3343985","0",
"7585","62687687","4685116","3343985","0",
"7586","87762857","4685116","3343985","0",
"7587","24449860","4685116","35887754","0",
"7588","75356731","4685116","20173236","0",
"7589","11120520","4685116","49746069","0",
"7590","24283626","4685116","21267167","0",
"7591","873413","4685116","21267167","0",
"7592","95999433","9923664","97015711","0",
"7593","56799050","9923664","70916580","0",
"7595","15603428","9923664","37537849","0",
"7596","52138719","9923664","37537849","0",
"7597","71589137","9923664","31561187","0",
"7598","13647562","9923664","31561187","0",
"7600","45466641","9923664","3343985","0",
"7601","62687687","9923664","3343985","0",
"7602","87762857","9923664","3343985","0",
"7603","24449860","9923664","35887754","0",
"7604","75356731","9923664","20173236","0",
"7605","11120520","9923664","49746069","0",
"7606","24283626","9923664","21267167","0",
"7607","873413","9923664","21267167","0",
"7609","95999433","15498062","97015711","1",
"7610","56799050","15498062","70916580","4",
"7612","15603428","15498062","37537849","5",
"7613","71589137","15498062","31561187","8",
"7614","13647562","15498062","31561187","8",
"7616","75356731","15498062","20173236","16",
"7617","11120520","15498062","49746069","17",
"7618","24283626","15498062","21267167","18",
"7619","873413","15498062","21267167","18",
"7620","95999433","21078561","97015711","4",
"7621","56799050","21078561","70916580","1",
"7623","15603428","21078561","37537849","16",
"7624","52138719","21078561","37537849","16",
"7625","71589137","21078561","31561187","3",
"7626","13647562","21078561","31561187","3",
"7628","45466641","21078561","3343985","17",
"7629","59502195","21078561","3343985","17",
"7630","24449860","21078561","35887754","14",
"7631","75356731","21078561","20173236","13",
"7632","11120520","21078561","49746069","2",
"7633","24283626","21078561","21267167","12",
"7634","873413","21078561","21267167","12",
"7635","79147169","10285883","23474192","4",
"7636","22785032","10285883","38352842","6",
"7637","24449860","10285883","35887754","3",
"7638","28374567","10285883","64830853","2",
"7639","75356731","10285883","20173236","13",
"7640","79147169","23242296","23474192","10",
"7641","22785032","23242296","38352842","14",
"7642","24449860","23242296","35887754","7",
"7643","28374567","23242296","64830853","2",
"7644","56240541","23242296","64830853","2",
"7645","75356731","23242296","20173236","12",
"7646","64982746","50632845","5178638","8",
"7647","79147169","50632845","23474192","5",
"7648","22785032","50632845","38352842","13",
"7649","24449860","50632845","35887754","1",
"7650","28374567","50632845","64830853","4",
"7651","56240541","50632845","64830853","4",
"7652","75356731","50632845","20173236","2",
"7653","79147169","60773118","23474192","5",
"7654","22785032","60773118","38352842","17",
"7655","24449860","60773118","35887754","2",
"7656","28374567","60773118","64830853","1",
"7657","56240541","60773118","64830853","1",
"7658","9574951","39731721","14947601","4",
"7659","9574951","44960821","14947601","1",
"7660","9574951","75270731","14947601","4",
"7661","95999433","8491828","97015711","0",
"7662","71589137","8491828","31561187","0",
"7663","13647562","8491828","31561187","0",
"7664","15603428","8491828","89761386","0",
"7665","52138719","8491828","89761386","0",
"7666","69935946","8491828","89761386","0",
"7667","59502195","8491828","3343985","0",
"7668","65824952","8491828","27044513","0",
"7669","21665175","8491828","39923431","0",
"7670","45466641","8491828","39923431","0",
"7671","67917096","8491828","39923431","0",
"7672","11120520","8491828","49746069","0",
"7673","43188873","8491828","49746069","0",
"7674","24283626","8491828","21267167","0",
"7675","873413","8491828","21267167","0",
"7676","73728079","8491828","73113253","0",
"7677","56799050","8491828","77473926","0",
"7678","95999433","46597156","97015711","16",
"7679","71589137","46597156","31561187","8",
"7680","13647562","46597156","31561187","8",
"7681","15603428","46597156","89761386","10",
"7682","52138719","46597156","89761386","10",
"7683","69935946","46597156","89761386","10",
"7685","59502195","46597156","3343985","15",
"7686","62687687","46597156","3343985","15",
"7687","87762857","46597156","3343985","15",
"7688","65824952","46597156","27044513","17",
"7689","21665175","46597156","39923431","12",
"7690","45466641","46597156","39923431","12",
"7691","67917096","46597156","39923431","12",
"7693","11120520","46597156","49746069","2",
"7694","43188873","46597156","49746069","2",
"7695","24283626","46597156","21267167","4",
"7696","873413","46597156","21267167","4",
"7697","73728079","46597156","73113253","1",
"7698","56799050","46597156","77473926","3",
"7699","95999433","72722761","97015711","9",
"7700","71589137","72722761","31561187","5",
"7701","13647562","72722761","31561187","5",
"7702","15603428","72722761","89761386","8",
"7703","52138719","72722761","89761386","8",
"7704","69935946","72722761","89761386","8",
"7705","59502195","72722761","3343985","12",
"7706","62687687","72722761","3343985","12",
"7707","87762857","72722761","3343985","12",
"7708","65824952","72722761","27044513","14",
"7709","21665175","72722761","39923431","17",
"7710","45466641","72722761","39923431","17",
"7711","67917096","72722761","39923431","17",
"7712","11120520","72722761","49746069","3",
"7713","43188873","72722761","49746069","3",
"7714","24283626","72722761","21267167","10",
"7715","873413","72722761","21267167","10",
"7716","73728079","72722761","73113253","18",
"7717","56799050","72722761","77473926","2",
"7718","95999433","97148389","97015711","13",
"7719","71589137","97148389","31561187","7",
"7720","13647562","97148389","31561187","7",
"7721","15603428","97148389","89761386","5",
"7722","52138719","97148389","89761386","5",
"7723","69935946","97148389","89761386","5",
"7724","59502195","97148389","3343985","14",
"7725","6236001","97148389","3343985","14",
"7726","62687687","97148389","3343985","14",
"7727","87762857","97148389","3343985","14",
"7728","65824952","97148389","27044513","16",
"7729","21665175","97148389","39923431","9",
"7730","45466641","97148389","39923431","9",
"7731","67917096","97148389","39923431","9",
"7732","11120520","97148389","49746069","4",
"7733","43188873","97148389","49746069","4",
"7734","24283626","97148389","21267167","6",
"7735","873413","97148389","21267167","6",
"7736","73728079","97148389","73113253","11",
"7737","56799050","97148389","77473926","10",
"7738","4400026","32915456","90735668","0",
"7739","75715925","32915456","90735668","0",
"7740","51135775","32915456","90735668","0",
"7741","32387267","32915456","90735668","0",
"7742","4400026","8389469","90735668","0",
"7743","75715925","8389469","90735668","0",
"7744","51135775","8389469","90735668","0",
"7745","80981802","8389469","90735668","0",
"7746","4400026","16432618","90735668","0",
"7747","51135775","16432618","90735668","0",
"7748","75715925","16432618","90735668","0",
"7749","70430857","16432618","90735668","0",
"7750","73659598","16432618","90735668","0",
"7751","52636159","32915456","18767554","0",
"7752","12556542","32915456","18767554","0",
"7753","45152375","32915456","18767554","0",
"7754","21888842","32915456","18767554","0",
"7755","93841623","32915456","18767554","0",
"7756","72268290","8389469","18767554","0",
"7757","36451684","8389469","18767554","0",
"7758","37387840","8389469","18767554","0",
"7759","93841623","8389469","18767554","0",
"7760","777080","16432618","18767554","0",
"7761","93841623","16432618","18767554","0",
"7762","61276643","16432618","18767554","0",
"7763","72268290","16432618","18767554","0",
"7764","96269851","16432618","18767554","0",
"7765","91863587","32915456","29673695","0",
"7766","69620680","32915456","29673695","0",
"7767","57215166","32915456","29673695","0",
"7768","21214499","32915456","29673695","0",
"7769","91863587","8389469","29673695","0",
"7770","69620680","8389469","29673695","0",
"7771","57215166","8389469","29673695","0",
"7772","68171968","8389469","29673695","0",
"7773","12556542","8389469","29673695","0",
"7774","91863587","16432618","29673695","0",
"7775","57215166","16432618","29673695","0",
"7776","21214499","16432618","29673695","0",
"7777","74344772","16432618","29673695","0",
"7778","86467729","32915456","59287240","0",
"7779","86467729","8389469","59287240","0",
"7780","69817650","8389469","59287240","0",
"7781","1644879","8389469","59287240","0",
"7782","278144","8389469","59287240","0",
"7783","86467729","16432618","59287240","0",
"7784","69817650","16432618","59287240","0",
"7785","1644879","16432618","59287240","0",
"7786","278144","16432618","59287240","0",
"7787","45949861","32915456","2968352","0",
"7788","54987655","32915456","2968352","0",
"7789","13642507","32915456","2968352","0",
"7790","46004647","32915456","2968352","0",
"7791","46004647","8389469","2968352","0",
"7792","54987655","8389469","2968352","0",
"7793","13642507","8389469","2968352","0",
"7794","45949861","8389469","2968352","0",
"7795","94551978","16432618","2968352","0",
"7796","64256891","16432618","2968352","0",
"7797","40654899","16432618","2968352","0",
"7798","52677651","16432618","2968352","0",
"7799","29990326","32915456","5178638","0",
"7800","64830763","32915456","5178638","0",
"7801","56072477","32915456","5178638","0",
"7802","72602300","32915456","5178638","0",
"7803","18250325","8389469","5178638","0",
"7804","72602300","8389469","5178638","0",
"7805","29990326","8389469","5178638","0",
"7806","64830763","8389469","5178638","0",
"7807","72602300","16432618","5178638","0",
"7808","64830763","16432618","5178638","0",
"7809","56072477","16432618","5178638","0",
"7810","4101856","16432618","5178638","0",
"7811","18250325","16432618","5178638","0",
"7812","75356731","32915456","20173236","0",
"7813","12532232","32915456","20173236","0",
"7814","35352911","32915456","20173236","0",
"7815","2211564","32915456","20173236","0",
"7816","75356731","8389469","20173236","0",
"7817","12532232","8389469","20173236","0",
"7818","35352911","8389469","20173236","0",
"7819","2211564","8389469","20173236","0",
"7820","35352911","16432618","20173236","0",
"7821","75356731","16432618","20173236","0",
"7822","2211564","16432618","20173236","0",
"7823","12532232","16432618","20173236","0",
"7824","34666788","32915456","23372296","0",
"7825","79939894","32915456","23372296","0",
"7826","33362571","8389469","23372296","0",
"7827","69220255","8389469","23372296","0",
"7828","24614586","8389469","23372296","0",
"7829","40617772","8389469","23372296","0",
"7830","40617772","16432618","23372296","0",
"7831","18000868","16432618","23372296","0",
"7832","24614586","16432618","23372296","0",
"7833","69220255","16432618","23372296","0",
"7834","78820173","32915456","80812925","0",
"7835","80272718","32915456","80812925","0",
"7836","67888989","32915456","80812925","0",
"7837","2508201","32915456","80812925","0",
"7838","95297254","32915456","80812925","0",
"7839","78820173","8389469","80812925","0",
"7840","80272718","8389469","80812925","0",
"7841","67888989","8389469","80812925","0",
"7842","21252972","8389469","80812925","0",
"7843","95297254","8389469","80812925","0",
"7844","78820173","16432618","80812925","0",
"7845","80272718","16432618","80812925","0",
"7846","67888989","16432618","80812925","0",
"7847","95297254","16432618","80812925","0",
"7848","2508201","16432618","80812925","0",
"7849","36667778","32915456","64521030","0",
"7850","5319081","32915456","64521030","0",
"7851","9194338","32915456","64521030","0",
"7852","66644175","32915456","64521030","0",
"7853","13277430","8389469","64521030","0",
"7854","66644175","8389469","64521030","0",
"7855","9194338","8389469","64521030","0",
"7856","36667778","8389469","64521030","0",
"7857","36667778","16432618","64521030","0",
"7858","9194338","16432618","64521030","0",
"7859","22978926","16432618","64521030","0",
"7860","11582532","16432618","64521030","0",
"7861","55499159","32915456","8699349","0",
"7862","75895759","32915456","8699349","0",
"7863","68743161","32915456","8699349","0",
"7864","808629","32915456","8699349","0",
"7865","73784029","8389469","8699349","0",
"7866","75895759","8389469","8699349","0",
"7867","68743161","8389469","8699349","0",
"7868","808629","8389469","8699349","0",
"7869","55499159","16432618","8699349","0",
"7870","68743161","16432618","8699349","0",
"7871","75895759","16432618","8699349","0",
"7872","79342556","16432618","8699349","0",
"7873","36327577","32915456","38352842","0",
"7874","74099061","32915456","38352842","0",
"7875","55009869","32915456","38352842","0",
"7876","21686906","32915456","38352842","0",
"7877","21686906","16432618","38352842","0",
"7878","55009869","16432618","38352842","0",
"7879","36327577","16432618","38352842","0",
"7880","88412954","16432618","38352842","0",
"7881","71770689","32915456","9193535","0",
"7882","5473020","32915456","9193535","0",
"7883","29400420","32915456","9193535","0",
"7884","64535522","32915456","9193535","0",
"7885","82130456","32915456","9193535","0",
"7886","22668771","32915456","9193535","0",
"7887","71770689","8389469","9193535","0",
"7888","5473020","8389469","9193535","0",
"7889","29400420","8389469","9193535","0",
"7890","64535522","8389469","9193535","0",
"7891","71770689","16432618","9193535","0",
"7892","64535522","16432618","9193535","0",
"7893","29400420","16432618","9193535","0",
"7894","22668771","16432618","9193535","0",
"7895","5473020","16432618","9193535","0",
"7896","9574951","32915456","14947601","0",
"7897","32257615","32915456","14947601","0",
"7898","10463259","32915456","14947601","0",
"7899","86471428","32915456","14947601","0",
"7900","34286614","32915456","14947601","0",
"7901","9574951","8389469","14947601","0",
"7902","32257615","8389469","14947601","0",
"7903","10463259","8389469","14947601","0",
"7904","34286614","8389469","14947601","0",
"7905","32257615","16432618","14947601","0",
"7906","9574951","16432618","14947601","0",
"7907","10463259","16432618","14947601","0",
"7908","34286614","16432618","14947601","0",
"7909","42855232","16432618","14947601","0",
"7910","50158144","8389469","14091040","0",
"7911","56573294","8389469","14091040","0",
"7912","77066399","8389469","14091040","0",
"7913","30063637","8389469","14091040","0",
"7914","52924222","8389469","14091040","0",
"7915","52924222","16432618","14091040","0",
"7916","45454244","16432618","14091040","0",
"7917","50158144","16432618","14091040","0",
"7918","56573294","16432618","14091040","0",
"7919","77066399","16432618","14091040","0",
"7920","52636159","32915456","82519192","0",
"7921","12556542","32915456","82519192","0",
"7922","45152375","32915456","82519192","0",
"7923","21888842","32915456","82519192","0",
"7924","52636159","8389469","82519192","0",
"7925","22260089","8389469","82519192","0",
"7926","45152375","8389469","82519192","0",
"7927","21888842","8389469","82519192","0",
"7928","21031157","8389469","82519192","0",
"7929","52636159","16432618","82519192","0",
"7930","45152375","16432618","82519192","0",
"7931","42113934","16432618","82519192","0",
"7932","21888842","16432618","82519192","0",
"7933","22260089","16432618","82519192","0",
"7934","90576417","32915456","40632154","0",
"7935","13869028","32915456","40632154","0",
"7936","62400020","32915456","40632154","0",
"7937","94116342","32915456","40632154","0",
"7938","57978966","8389469","40632154","0",
"7939","13869028","8389469","40632154","0",
"7940","62400020","8389469","40632154","0",
"7941","94116342","8389469","40632154","0",
"7942","90576417","16432618","40632154","0",
"7943","13869028","16432618","40632154","0",
"7944","62400020","16432618","40632154","0",
"7945","94116342","16432618","40632154","0",
"7946","34760913","32915456","77440855","0",
"7947","73294576","32915456","77440855","0",
"7948","80354773","32915456","77440855","0",
"7949","8499409","32915456","77440855","0",
"7950","34760913","8389469","77440855","0",
"7951","64580098","8389469","77440855","0",
"7952","8499409","8389469","77440855","0",
"7953","22682175","8389469","77440855","0",
"7954","73294576","16432618","77440855","0",
"7955","64580098","16432618","77440855","0",
"7956","34760913","16432618","77440855","0",
"7957","8499409","16432618","77440855","0",
"7958","43188873","9664111","49746069","0",
"7959","11120520","9664111","49746069","0",
"7960","66922321","9664111","49746069","0",
"7961","56650447","9664111","49746069","0",
"7962","56650447","70902597","49746069","0",
"7963","43188873","70902597","49746069","0",
"7964","66922321","70902597","49746069","0",
"7965","11120520","70902597","49746069","0",
"7966","56650447","94367801","49746069","0",
"7967","66922321","94367801","49746069","0",
"7968","43188873","94367801","49746069","0",
"7969","11120520","94367801","49746069","0",
"7970","8752163","74940339","49746069","0",
"7971","43188873","74940339","49746069","0",
"7972","66922321","74940339","49746069","0",
"7973","11120520","74940339","49746069","0",
"7974","70014022","74940339","49746069","0",
"7975","80560727","9664111","53442767","0",
"7976","85974381","9664111","53442767","0",
"7977","8649496","9664111","53442767","0",
"7978","9824398","9664111","53442767","0",
"7979","80560727","70902597","53442767","0",
"7980","21737312","70902597","53442767","0",
"7981","8649496","70902597","53442767","0",
"7982","45905168","70902597","53442767","0",
"7983","80560727","94367801","53442767","0",
"7984","8304211","94367801","53442767","0",
"7985","21737312","94367801","53442767","0",
"7986","45905168","94367801","53442767","0",
"7988","80560727","74940339","53442767","0",
"7989","21737312","74940339","53442767","0",
"7990","8649496","74940339","53442767","0",
"7991","45905168","74940339","53442767","0",
"7992","22505841","74940339","53442767","0",
"7993","90931025","9664111","21267167","0",
"7994","47496297","9664111","21267167","0",
"7995","15897980","9664111","21267167","0",
"7996","24283626","9664111","21267167","0",
"7997","47499738","70902597","21267167","0",
"7998","47496297","70902597","21267167","0",
"7999","24283626","70902597","21267167","0",
"8000","15897980","70902597","21267167","0",
"8001","47499738","94367801","21267167","0",
"8002","24283626","94367801","21267167","0",
"8003","47496297","94367801","21267167","0",
"8004","15897980","94367801","21267167","0",
"8005","47499738","74940339","21267167","0",
"8006","47496297","74940339","21267167","0",
"8007","24283626","74940339","21267167","0",
"8008","15897980","74940339","21267167","0",
"8009","43178531","9664111","832153","0",
"8010","69999258","9664111","832153","0",
"8011","84819929","9664111","832153","0",
"8012","27014000","9664111","832153","0",
"8013","43178531","70902597","832153","0",
"8014","70014022","70902597","832153","0",
"8015","42447083","70902597","832153","0",
"8016","84819929","70902597","832153","0",
"8017","43178531","94367801","832153","0",
"8018","84819929","94367801","832153","0",
"8019","27014000","94367801","832153","0",
"8020","69999258","94367801","832153","0",
"8021","43178531","74940339","832153","0",
"8022","84819929","74940339","832153","0",
"8023","69999258","74940339","832153","0",
"8024","27014000","74940339","832153","0",
"8025","26079844","9664111","77473926","0",
"8026","92539064","9664111","77473926","0",
"8027","16925860","9664111","77473926","0",
"8028","44809190","9664111","77473926","0",
"8029","26079844","70902597","77473926","0",
"8030","69076610","70902597","77473926","0",
"8031","92539064","70902597","77473926","0",
"8032","56799050","70902597","77473926","0",
"8033","56799050","94367801","77473926","0",
"8034","69076610","94367801","77473926","0",
"8035","92539064","94367801","77473926","0",
"8036","53485877","94367801","77473926","0",
"8037","12724186","94367801","77473926","0",
"8038","44809190","74940339","77473926","0",
"8039","16925860","74940339","77473926","0",
"8040","26079844","74940339","77473926","0",
"8041","40519863","74940339","77473926","0",
"8042","61838003","9664111","75141924","0",
"8043","90482603","9664111","75141924","0",
"8044","17046182","9664111","75141924","0",
"8045","57241578","9664111","75141924","0",
"8046","61838003","70902597","75141924","0",
"8047","17046182","70902597","75141924","0",
"8048","57241578","70902597","75141924","0",
"8049","90482603","70902597","75141924","0",
"8050","61838003","94367801","75141924","0",
"8051","17046182","94367801","75141924","0",
"8052","57241578","94367801","75141924","0",
"8053","90482603","94367801","75141924","0",
"8054","61838003","74940339","75141924","0",
"8055","57241578","74940339","75141924","0",
"8056","90482603","74940339","75141924","0",
"8057","5797727","74940339","75141924","0",
"8058","50933544","9664111","95701656","0",
"8059","48092005","9664111","95701656","0",
"8060","21913805","9664111","95701656","0",
"8061","31922204","9664111","95701656","0",
"8062","46299874","9664111","95701656","0",
"8063","50933544","70902597","95701656","0",
"8064","48092005","70902597","95701656","0",
"8065","21913805","70902597","95701656","0",
"8066","33305205","70902597","95701656","0",
"8067","50933544","94367801","95701656","0",
"8068","48092005","94367801","95701656","0",
"8069","21913805","94367801","95701656","0",
"8070","95849184","94367801","95701656","0",
"8071","50933544","74940339","95701656","0",
"8072","48092005","74940339","95701656","0",
"8073","21913805","74940339","95701656","0",
"8074","33305205","74940339","95701656","0",
"8075","15603428","9664111","89761386","0",
"8076","95363125","9664111","89761386","0",
"8077","69935946","9664111","89761386","0",
"8078","94977439","9664111","89761386","0",
"8079","52138719","9664111","89761386","0",
"8080","15603428","70902597","89761386","0",
"8081","69935946","70902597","89761386","0",
"8082","95363125","70902597","89761386","0",
"8083","94977439","70902597","89761386","0",
"8084","52138719","70902597","89761386","0",
"8085","39985598","70902597","89761386","0",
"8086","15603428","94367801","89761386","0",
"8087","95363125","94367801","89761386","0",
"8088","69935946","94367801","89761386","0",
"8089","94977439","94367801","89761386","0",
"8090","39985598","94367801","89761386","0",
"8091","15603428","74940339","89761386","0",
"8092","95363125","74940339","89761386","0",
"8093","94977439","74940339","89761386","0",
"8094","52138719","74940339","89761386","0",
"8095","69935946","74940339","89761386","0",
"8096","39985598","74940339","89761386","0",
"8097","56650447","74940339","89761386","0",
"8098","24307135","9664111","57461405","0",
"8099","60153375","9664111","57461405","0",
"8100","35452913","9664111","57461405","0",
"8101","95127241","9664111","57461405","0",
"8102","60557330","9664111","57461405","0",
"8103","60153375","70902597","57461405","0",
"8104","24307135","70902597","57461405","0",
"8105","60557330","70902597","57461405","0",
"8106","31221524","70902597","57461405","0",
"8107","35452913","70902597","57461405","0",
"8108","60557330","94367801","57461405","0",
"8109","60153375","94367801","57461405","0",
"8110","24307135","94367801","57461405","0",
"8111","35452913","94367801","57461405","0",
"8112","31221524","94367801","57461405","0",
"8113","60153375","74940339","57461405","0",
"8114","35452913","74940339","57461405","0",
"8115","24307135","74940339","57461405","0",
"8116","95127241","74940339","57461405","0",
"8117","60557330","74940339","57461405","0",
"8118","31221524","74940339","57461405","0",
"8119","53781072","9664111","31561187","0",
"8120","13647562","9664111","31561187","0",
"8121","65426102","9664111","31561187","0",
"8122","88404478","9664111","31561187","0",
"8123","71589137","70902597","31561187","0",
"8124","55069354","70902597","31561187","0",
"8125","88404478","70902597","31561187","0",
"8126","83892341","70902597","31561187","0",
"8127","83892341","94367801","31561187","0",
"8128","71589137","94367801","31561187","0",
"8129","88404478","94367801","31561187","0",
"8130","55069354","94367801","31561187","0",
"8131","71589137","74940339","31561187","0",
"8132","83892341","74940339","31561187","0",
"8133","88404478","74940339","31561187","0",
"8134","55069354","74940339","31561187","0",
"8135","30986928","9664111","3343985","0",
"8136","29313658","9664111","3343985","0",
"8137","99101256","9664111","3343985","0",
"8138","64982746","9664111","3343985","0",
"8139","94801578","70902597","3343985","0",
"8140","22027956","70902597","3343985","0",
"8141","29313658","70902597","3343985","0",
"8142","99101256","70902597","3343985","0",
"8143","99101256","94367801","3343985","0",
"8144","4182689","94367801","3343985","0",
"8145","30986928","94367801","3343985","0",
"8146","94801578","94367801","3343985","0",
"8147","62687687","74940339","3343985","0",
"8148","59502195","74940339","3343985","0",
"8149","87762857","74940339","3343985","0",
"8150","94801578","74940339","3343985","0",
"8151","95817148","9664111","97015711","0",
"8152","95999433","9664111","97015711","0",
"8153","48204045","9664111","97015711","0",
"8154","81240063","9664111","97015711","0",
"8155","48204045","70902597","97015711","0",
"8156","95817148","70902597","97015711","0",
"8157","81240063","70902597","97015711","0",
"8158","95999433","70902597","97015711","0",
"8159","83057212","94367801","97015711","0",
"8160","95999433","94367801","97015711","0",
"8161","48204045","94367801","97015711","0",
"8162","81240063","94367801","97015711","0",
"8163","81240063","74940339","97015711","0",
"8164","34328770","74940339","97015711","0",
"8165","95999433","74940339","97015711","0",
"8166","48204045","74940339","97015711","0",
"8167","38863535","9664111","73113253","0",
"8168","73821741","9664111","73113253","0",
"8169","41923142","9664111","73113253","0",
"8170","52305487","9664111","73113253","0",
"8171","73728079","9664111","73113253","0",
"8172","38863535","70902597","73113253","0",
"8173","73821741","70902597","73113253","0",
"8174","73728079","70902597","73113253","0",
"8175","32087038","70902597","73113253","0",
"8176","38863535","94367801","73113253","0",
"8177","73821741","94367801","73113253","0",
"8178","52305487","94367801","73113253","0",
"8179","41923142","94367801","73113253","0",
"8180","38863535","74940339","73113253","0",
"8181","73821741","74940339","73113253","0",
"8182","41923142","74940339","73113253","0",
"8183","73728079","74940339","73113253","0",
"8184","21665175","9664111","39923431","0",
"8185","55567527","9664111","39923431","0",
"8186","45466641","9664111","39923431","0",
"8187","67917096","9664111","39923431","0",
"8188","21665175","70902597","39923431","0",
"8189","61999083","70902597","39923431","0",
"8190","67917096","70902597","39923431","0",
"8191","45466641","70902597","39923431","0",
"8192","21665175","94367801","39923431","0",
"8193","45466641","94367801","39923431","0",
"8194","61999083","94367801","39923431","0",
"8195","67917096","94367801","39923431","0",
"8196","61999083","74940339","39923431","0",
"8197","21665175","74940339","39923431","0",
"8198","45466641","74940339","39923431","0",
"8199","67917096","74940339","39923431","0",
"8200","56240541","9664111","64830853","0",
"8201","91355346","9664111","64830853","0",
"8202","28164958","9664111","64830853","0",
"8203","2248904","9664111","64830853","0",
"8204","56240541","70902597","64830853","0",
"8205","2248904","70902597","64830853","0",
"8206","28374567","70902597","64830853","0",
"8207","91355346","70902597","64830853","0",
"8208","81848913","70902597","64830853","0",
"8209","56240541","94367801","64830853","0",
"8210","2248904","94367801","64830853","0",
"8211","28374567","94367801","64830853","0",
"8212","28164958","94367801","64830853","0",
"8213","2248904","74940339","64830853","0",
"8214","28164958","74940339","64830853","0",
"8215","56240541","74940339","64830853","0",
"8216","28374567","74940339","64830853","0",
"8217","48165678","74940339","64830853","0",
"8218","92508522","9664111","35887754","0",
"8219","24449860","9664111","35887754","0",
"8220","71420672","9664111","35887754","0",
"8221","55887803","9664111","35887754","0",
"8222","81311454","70902597","35887754","0",
"8223","71420672","70902597","35887754","0",
"8224","24449860","70902597","35887754","0",
"8225","92508522","70902597","35887754","0",
"8226","55887803","70902597","35887754","0",
"8227","55887803","94367801","35887754","0",
"8228","55567527","94367801","35887754","0",
"8229","24449860","94367801","35887754","0",
"8230","81311454","94367801","35887754","0",
"8231","55887803","74940339","35887754","0",
"8232","24449860","74940339","35887754","0",
"8233","55567527","74940339","35887754","0",
"8234","81311454","74940339","35887754","0",
"8235","27446283","9664111","23474192","0",
"8236","79147169","9664111","23474192","0",
"8237","23977516","9664111","23474192","0",
"8238","11145436","9664111","23474192","0",
"8239","79147169","70902597","23474192","0",
"8240","27446283","70902597","23474192","0",
"8241","11145436","70902597","23474192","0",
"8242","23977516","70902597","23474192","0",
"8243","27446283","94367801","23474192","0",
"8244","79147169","94367801","23474192","0",
"8245","23977516","94367801","23474192","0",
"8246","11145436","94367801","23474192","0",
"8247","79147169","74940339","23474192","0",
"8248","27446283","74940339","23474192","0",
"8249","23977516","74940339","23474192","0",
"8250","33525241","74940339","23474192","0",
"8251","84744363","9664111","1026501","0",
"8252","58128585","9664111","1026501","0",
"8253","86674433","9664111","1026501","0",
"8254","84221444","9664111","1026501","0",
"8255","98073618","70902597","1026501","0",
"8256","98105846","70902597","1026501","0",
"8257","76256140","70902597","1026501","0",
"8258","33310938","70902597","1026501","0",
"8259","84221444","70902597","1026501","0",
"8260","84744363","94367801","1026501","0",
"8261","58128585","94367801","1026501","0",
"8262","84221444","94367801","1026501","0",
"8263","86674433","94367801","1026501","0",
"8264","7811452","94367801","1026501","0",
"8265","7811452","74940339","1026501","0",
"8266","84744363","74940339","1026501","0",
"8267","58128585","74940339","1026501","0",
"8268","64045795","74940339","1026501","0",
"8269","81240063","66750266","97015711","0",
"8270","48204045","66750266","97015711","0",
"8271","8499409","66750266","97015711","0",
"8272","82325033","66750266","97015711","0",
"8273","61838003","66750266","75141924","0",
"8274","52111469","66750266","75141924","0",
"8275","22978926","66750266","75141924","0",
"8276","16784347","66750266","75141924","0",
"8277","50933544","66750266","95701656","0",
"8278","33305205","66750266","95701656","0",
"8279","21913805","66750266","95701656","0",
"8280","48092005","66750266","95701656","0",
"8281","76027076","66750266","95701656","0",
"8282","95849184","66750266","95701656","0",
"8283","60153375","66750266","57461405","0",
"8284","24307135","66750266","57461405","0",
"8285","60557330","66750266","57461405","0",
"8286","35452913","66750266","57461405","0",
"8287","31221524","66750266","57461405","0",
"8288","93841623","66750266","18767554","0",
"8289","37387840","66750266","18767554","0",
"8290","70014022","66750266","18767554","0",
"8291","96269851","66750266","18767554","0",
"8292","43098518","66750266","18767554","0",
"8293","86467729","66750266","59287240","0",
"8294","1644879","66750266","59287240","0",
"8295","278144","66750266","59287240","0",
"8296","6883088","66750266","59287240","0",
"8297","69817650","66750266","59287240","0",
"8298","71589137","66750266","31561187","0",
"8299","88404478","66750266","31561187","0",
"8300","86014501","66750266","31561187","0",
"8301","13647562","66750266","31561187","0",
"8302","83892341","66750266","31561187","0",
"8303","65426102","66750266","31561187","0",
"8304","73728079","66750266","73113253","0",
"8305","45466641","66750266","73113253","0",
"8306","73821741","66750266","73113253","0",
"8307","38863535","66750266","73113253","0",
"8308","97775821","66750266","73113253","0",
"8309","15603428","66750266","89761386","0",
"8310","94977439","66750266","89761386","0",
"8311","52138719","66750266","89761386","0",
"8312","66228283","66750266","89761386","0",
"8313","39985598","66750266","89761386","0",
"8314","69935946","66750266","89761386","0",
"8315","38692380","66750266","89761386","0",
"8316","21665175","66750266","39923431","0",
"8317","61999083","66750266","39923431","0",
"8318","67917096","66750266","39923431","0",
"8319","55877890","66750266","39923431","0",
"8320","9574951","66750266","14947601","0",
"8321","36838735","66750266","14947601","0",
"8322","32257615","66750266","14947601","0",
"8323","10463259","66750266","14947601","0",
"8324","80560727","66750266","53442767","0",
"8325","16386823","66750266","53442767","0",
"8326","49449500","66750266","53442767","0",
"8327","21737312","66750266","53442767","0",
"8328","8649496","66750266","53442767","0",
"8329","55887803","66750266","53387446","0",
"8330","26263252","66750266","53387446","0",
"8331","81311454","66750266","53387446","0",
"8332","24449860","66750266","53387446","0",
"8333","4400026","66750266","90735668","0",
"8334","51135775","66750266","90735668","0",
"8335","15521977","66750266","90735668","0",
"8336","37259599","66750266","90735668","0",
"8337","16159472","66750266","49746069","0",
"8338","65089759","66750266","49746069","0",
"8339","11120520","66750266","49746069","0",
"8340","43188873","66750266","49746069","0",
"8341","90931025","66750266","21267167","0",
"8342","47496297","66750266","21267167","0",
"8343","24283626","66750266","21267167","0",
"8344","15897980","66750266","21267167","0",
"8345","56799050","66750266","77473926","0",
"8346","26079844","66750266","77473926","0",
"8347","92539064","66750266","77473926","0",
"8348","69076610","66750266","77473926","0",
"8349","40911107","66750266","832153","0",
"8350","45905168","66750266","832153","0",
"8351","99260284","66750266","832153","0",
"8352","86155387","66750266","832153","0",
"8353","62687687","79701472","3343985","0",
"8354","99733046","79701472","3343985","0",
"8355","94801578","79701472","3343985","0",
"8356","87762857","79701472","3343985","0",
"8357","96729503","79701472","56132742","0",
"8358","64979107","79701472","56132742","0",
"8359","98317800","79701472","56132742","0",
"8360","21036330","79701472","56132742","0",
"8361","27446283","79701472","23474192","0",
"8362","36347990","79701472","23474192","0",
"8363","79147169","79701472","23474192","0",
"8364","33525241","79701472","23474192","0",
"8365","29990326","79701472","5178638","0",
"8366","78724856","79701472","5178638","0",
"8367","56072477","79701472","5178638","0",
"8368","72602300","79701472","5178638","0",
"8369","71770689","79701472","9193535","0",
"8370","29400420","79701472","9193535","0",
"8371","68864510","79701472","9193535","0",
"8372","69738467","79701472","9193535","0",
"8373","95363125","79701472","9193535","0",
"8374","52924222","79701472","1696220","0",
"8375","56573294","79701472","1696220","0",
"8376","30063637","79701472","1696220","0",
"8377","50158144","79701472","1696220","0",
"8378","45454244","79701472","1696220","0",
"8379","78820173","79701472","80812925","0",
"8380","2079438","79701472","80812925","0",
"8381","80272718","79701472","80812925","0",
"8382","67888989","79701472","80812925","0",
"8383","30361046","79701472","57004617","0",
"8384","15853445","79701472","57004617","0",
"8385","28355271","79701472","57004617","0",
"8386","60313871","79701472","57004617","0",
"8387","56575282","79701472","29673695","0",
"8388","42113934","79701472","29673695","0",
"8389","60638031","79701472","29673695","0",
"8390","15559808","79701472","29673695","0",
"8391","56240541","79701472","2968352","0",
"8392","33330900","79701472","2968352","0",
"8393","74460774","79701472","2968352","0",
"8394","35294268","79701472","2968352","0",
"8395","82362175","79701472","39262660","0",
"8396","68160068","79701472","39262660","0",
"8397","2601478","79701472","39262660","0",
"8398","88743461","79701472","39262660","0",
"8399","2747521","79701472","39262660","0",
"8400","978157","79701472","39262660","0",
"8401","99283841","79701472","55674587","0",
"8402","2508201","79701472","55674587","0",
"8403","49997823","79701472","55674587","0",
"8404","41738367","79701472","55674587","0",
"8405","85957211","79701472","55674587","0",
"8406","28374567","79701472","64830853","0",
"8407","2248904","79701472","64830853","0",
"8408","66969175","79701472","64830853","0",
"8409","28164958","79701472","64830853","0",
"8410","23299892","79701472","64830853","0",
"8411","17281960","79701472","23372296","0",
"8412","30986928","79701472","23372296","0",
"8413","64209255","79701472","23372296","0",
"8414","43318486","79701472","23372296","0",
"8415","52636159","79701472","5117166","0",
"8416","60534882","79701472","5117166","0",
"8417","45152375","79701472","5117166","0",
"8418","34544875","79701472","5117166","0",
"8419","21031157","79701472","5117166","0",
"8420","75356731","79701472","20173236","0",
"8421","35352911","79701472","20173236","0",
"8422","12795529","79701472","20173236","0",
"8423","82504240","79701472","20173236","0",
"8424","13757277","79701472","8699349","0",
"8425","95416000","79701472","8699349","0",
"8426","43405293","79701472","8699349","0",
"8427","75895759","79701472","8699349","0",
"8428","64580098","79701472","77440855","0",
"8429","56650447","79701472","77440855","0",
"8430","68991758","79701472","77440855","0",
"8431","73294576","79701472","77440855","0",
"8432","70877071","79701472","77440855","0",
"8433","81240063","72158401","97015711","0",
"8434","48204045","72158401","97015711","0",
"8435","34027266","72158401","97015711","0",
"8436","8499409","72158401","97015711","0",
"8437","61838003","72158401","75141924","0",
"8438","17046182","72158401","75141924","0",
"8439","3651790","72158401","75141924","0",
"8440","52111469","72158401","75141924","0",
"8441","50933544","72158401","95701656","0",
"8442","33305205","72158401","95701656","0",
"8443","21913805","72158401","95701656","0",
"8444","48092005","72158401","95701656","0",
"8445","76027076","72158401","95701656","0",
"8446","95849184","72158401","95701656","0",
"8447","60153375","72158401","57461405","0",
"8448","60557330","72158401","57461405","0",
"8449","35452913","72158401","57461405","0",
"8450","31221524","72158401","57461405","0",
"8451","93841623","72158401","18767554","0",
"8452","37387840","72158401","18767554","0",
"8453","70014022","72158401","18767554","0",
"8454","43098518","72158401","18767554","0",
"8455","96269851","72158401","18767554","0",
"8456","86467729","72158401","59287240","0",
"8457","1644879","72158401","59287240","0",
"8458","77015976","72158401","59287240","0",
"8459","69817650","72158401","59287240","0",
"8460","65426102","72158401","31561187","0",
"8461","71589137","72158401","31561187","0",
"8462","88404478","72158401","31561187","0",
"8463","13647562","72158401","31561187","0",
"8464","83892341","72158401","31561187","0",
"8465","73728079","72158401","73113253","0",
"8466","45466641","72158401","73113253","0",
"8467","73821741","72158401","73113253","0",
"8468","38863535","72158401","73113253","0",
"8469","15603428","72158401","89761386","0",
"8470","94977439","72158401","89761386","0",
"8471","52138719","72158401","89761386","0",
"8472","66228283","72158401","89761386","0",
"8473","39985598","72158401","89761386","0",
"8474","69935946","72158401","89761386","0",
"8475","21665175","72158401","39923431","0",
"8476","61999083","72158401","39923431","0",
"8477","67917096","72158401","39923431","0",
"8478","18250325","72158401","39923431","0",
"8479","9574951","72158401","14947601","0",
"8480","32257615","72158401","14947601","0",
"8481","10463259","72158401","14947601","0",
"8482","34286614","72158401","14947601","0",
"8483","36838735","72158401","14947601","0",
"8484","80560727","72158401","53442767","0",
"8485","16386823","72158401","53442767","0",
"8486","49449500","72158401","53442767","0",
"8487","21737312","72158401","53442767","0",
"8488","8649496","72158401","53442767","0",
"8489","55887803","72158401","53387446","0",
"8490","26263252","72158401","53387446","0",
"8491","81311454","72158401","53387446","0",
"8492","24449860","72158401","53387446","0",
"8493","4400026","72158401","90735668","0",
"8494","51135775","72158401","90735668","0",
"8495","15521977","72158401","90735668","0",
"8496","37259599","72158401","90735668","0",
"8497","8752163","72158401","49746069","0",
"8498","65089759","72158401","49746069","0",
"8499","7519675","72158401","49746069","0",
"8500","43188873","72158401","49746069","0",
"8501","47499738","72158401","21267167","0",
"8502","24283626","72158401","21267167","0",
"8503","15897980","72158401","21267167","0",
"8504","47496297","72158401","21267167","0",
"8505","56799050","72158401","77473926","0",
"8506","26079844","72158401","77473926","0",
"8507","92539064","72158401","77473926","0",
"8508","69076610","72158401","77473926","0",
"8509","7897917","72158401","832153","0",
"8510","32087038","72158401","832153","0",
"8511","6236001","72158401","832153","0",
"8512","55877890","72158401","832153","0",
"8513","52636159","86083690","25482520","0",
"8514","10463259","86083690","25482520","0",
"8515","83818446","86083690","25482520","0",
"8516","34544875","86083690","25482520","0",
"8517","21031157","86083690","25482520","0",
"8518","59502195","86083690","81328377","0",
"8519","60037556","86083690","81328377","0",
"8520","21737312","86083690","81328377","0",
"8521","19467112","86083690","81328377","0",
"8522","60153375","86083690","57461405","0",
"8523","24307135","86083690","57461405","0",
"8524","43098518","86083690","57461405","0",
"8525","60557330","86083690","57461405","0",
"8526","35452913","86083690","57461405","0",
"8527","33330900","86083690","57461405","0",
"8528","95127241","86083690","57461405","0",
"8529","19858163","86083690","99948523","0",
"8530","27988605","86083690","99948523","0",
"8531","38090223","86083690","99948523","0",
"8532","99936909","86083690","99948523","0",
"8533","3888095","86083690","1696220","0",
"8534","56573294","86083690","1696220","0",
"8535","50158144","86083690","1696220","0",
"8536","51345164","86083690","1696220","0",
"8537","91699042","86083690","1696220","0",
"8538","54750686","86083690","25666958","0",
"8539","73305027","86083690","25666958","0",
"8540","8097623","86083690","25666958","0",
"8541","22748409","86083690","25666958","0",
"8542","62233020","86083690","29673695","0",
"8543","4869592","86083690","29673695","0",
"8544","39069308","86083690","29673695","0",
"8545","40519863","86083690","29673695","0",
"8546","62687687","86083690","3343985","0",
"8547","45466641","86083690","3343985","0",
"8548","94801578","86083690","3343985","0",
"8549","87762857","86083690","3343985","0",
"8550","28374567","86083690","74054412","0",
"8551","55618592","86083690","74054412","0",
"8552","66969175","86083690","74054412","0",
"8553","89701494","86083690","74054412","0",
"8554","6097295","86083690","74054412","0",
"8555","88733739","86083690","48603239","0",
"8556","51891737","86083690","48603239","0",
"8557","23681485","86083690","48603239","0",
"8558","54766168","86083690","48603239","0",
"8559","55529454","86083690","2877157","0",
"8560","2079438","86083690","2877157","0",
"8561","26263252","86083690","2877157","0",
"8562","11795008","86083690","2877157","0",
"8563","92308303","86083690","2877157","0",
"8564","90174955","86083690","39146377","0",
"8565","82325033","86083690","39146377","0",
"8566","34027266","86083690","39146377","0",
"8567","63392407","86083690","39146377","0",
"8568","56240541","86083690","21267167","0",
"8569","5251190","86083690","21267167","0",
"8570","28072309","86083690","21267167","0",
"8571","6236001","86083690","21267167","0",
"8572","62687687","16117658","3343985","0",
"8573","94801578","16117658","3343985","0",
"8574","87762857","16117658","3343985","0",
"8575","27988605","16117658","3343985","0",
"8576","96729503","16117658","56132742","0",
"8577","64979107","16117658","56132742","0",
"8578","98317800","16117658","56132742","0",
"8579","21036330","16117658","56132742","0",
"8580","27446283","16117658","23474192","0",
"8581","36347990","16117658","23474192","0",
"8582","11145436","16117658","23474192","0",
"8583","79147169","16117658","23474192","0",
"8584","38090223","16117658","5178638","0",
"8585","78724856","16117658","5178638","0",
"8586","56072477","16117658","5178638","0",
"8587","72602300","16117658","5178638","0",
"8588","71770689","16117658","9193535","0",
"8589","29400420","16117658","9193535","0",
"8590","69738467","16117658","9193535","0",
"8591","95363125","16117658","9193535","0",
"8592","52924222","16117658","1696220","0",
"8593","30063637","16117658","1696220","0",
"8594","50158144","16117658","1696220","0",
"8595","56573294","16117658","1696220","0",
"8596","45454244","16117658","1696220","0",
"8597","78820173","16117658","80812925","0",
"8598","6918556","16117658","80812925","0",
"8599","69059518","16117658","80812925","0",
"8600","80272718","16117658","80812925","0",
"8601","67888989","16117658","80812925","0",
"8602","30361046","16117658","57004617","0",
"8603","25524724","16117658","57004617","0",
"8604","65824952","16117658","57004617","0",
"8605","15853445","16117658","57004617","0",
"8606","22260089","16117658","29673695","0",
"8607","12556542","16117658","29673695","0",
"8608","16925860","16117658","29673695","0",
"8609","74344772","16117658","29673695","0",
"8610","56240541","16117658","2968352","0",
"8611","54987655","16117658","2968352","0",
"8612","13642507","16117658","2968352","0",
"8613","46004647","16117658","2968352","0",
"8614","2601478","16117658","39262660","0",
"8615","68160068","16117658","39262660","0",
"8616","2747521","16117658","39262660","0",
"8617","978157","16117658","39262660","0",
"8618","82362175","16117658","39262660","0",
"8619","99283841","16117658","55674587","0",
"8620","2508201","16117658","55674587","0",
"8621","49997823","16117658","55674587","0",
"8622","41738367","16117658","55674587","0",
"8623","85957211","16117658","55674587","0",
"8624","28374567","16117658","64830853","0",
"8625","2248904","16117658","64830853","0",
"8626","89701494","16117658","64830853","0",
"8627","28164958","16117658","64830853","0",
"8628","66969175","16117658","64830853","0",
"8629","17281960","16117658","23372296","0",
"8630","24614586","16117658","23372296","0",
"8631","64209255","16117658","23372296","0",
"8632","43318486","16117658","23372296","0",
"8633","52636159","16117658","5117166","0",
"8634","60534882","16117658","5117166","0",
"8635","45152375","16117658","5117166","0",
"8636","21031157","16117658","5117166","0",
"8637","75356731","16117658","20173236","0",
"8638","35352911","16117658","20173236","0",
"8639","12795529","16117658","20173236","0",
"8640","82504240","16117658","20173236","0",
"8641","13757277","16117658","8699349","0",
"8642","43405293","16117658","8699349","0",
"8643","95416000","16117658","8699349","0",
"8644","75895759","16117658","8699349","0",
"8645","64580098","16117658","77440855","0",
"8646","56650447","16117658","77440855","0",
"8647","68991758","16117658","77440855","0",
"8648","73294576","16117658","77440855","0",
"8649","70877071","16117658","77440855","0",
"8650","60153375","28212392","57461405","0",
"8651","43098518","28212392","57461405","0",
"8652","60557330","28212392","57461405","0",
"8653","64626101","28212392","57461405","0",
"8654","95127241","28212392","57461405","0",
"8655","24307135","28212392","57461405","0",
"8656","28374567","28212392","74054412","0",
"8657","55618592","28212392","74054412","0",
"8658","66969175","28212392","74054412","0",
"8659","89701494","28212392","74054412","0",
"8660","6097295","28212392","74054412","0",
"8661","54750686","28212392","25666958","0",
"8662","8097623","28212392","25666958","0",
"8663","22748409","28212392","25666958","0",
"8664","73305027","28212392","25666958","0",
"8665","91355346","28212392","3343985","0",
"8666","45466641","28212392","3343985","0",
"8667","50866729","28212392","3343985","0",
"8668","94801578","28212392","3343985","0",
"8669","16286562","28212392","2877157","0",
"8670","26263252","28212392","2877157","0",
"8671","34703753","28212392","2877157","0",
"8672","99215395","28212392","2877157","0",
"8673","90174955","28212392","39146377","0",
"8674","82325033","28212392","39146377","0",
"8675","34027266","28212392","39146377","0",
"8676","63392407","28212392","39146377","0",
"8677","88733739","28212392","48603239","0",
"8678","51891737","28212392","48603239","0",
"8679","23681485","28212392","48603239","0",
"8680","54766168","28212392","48603239","0",
"8681","19858163","28212392","99948523","0",
"8682","38090223","28212392","99948523","0",
"8683","27988605","28212392","99948523","0",
"8684","77690632","28212392","99948523","0",
"8685","59502195","28212392","81328377","0",
"8686","21737312","28212392","81328377","0",
"8687","19467112","28212392","81328377","0",
"8688","2788509","28212392","81328377","0",
"8689","52636159","28212392","25482520","0",
"8690","10463259","28212392","25482520","0",
"8691","83818446","28212392","25482520","0",
"8692","21031157","28212392","25482520","0",
"8693","56240541","28212392","21267167","0",
"8694","5251190","28212392","21267167","0",
"8695","28072309","28212392","21267167","0",
"8696","6236001","28212392","21267167","0",
"8697","38683625","28212392","88825641","0",
"8698","95508896","28212392","88825641","0",
"8699","8606756","28212392","88825641","0",
"8700","24371813","28212392","88825641","0",
"8701","71963105","28212392","88825641","0",
"8702","50285431","28212392","1696220","0",
"8703","51345164","28212392","1696220","0",
"8704","9649165","28212392","1696220","0",
"8705","51690174","28212392","1696220","0",
"8706","62513506","28212392","1696220","0",
"8707","3888095","28212392","1696220","0",
"8708","62233020","28212392","29673695","0",
"8709","4869592","28212392","29673695","0",
"8710","2136837","28212392","29673695","0",
"8711","40519863","28212392","29673695","0",
"8712","91355346","87373489","3343985","0",
"8713","50866729","87373489","3343985","0",
"8714","94801578","87373489","3343985","0",
"8715","27988605","87373489","3343985","0",
"8716","96729503","87373489","56132742","0",
"8717","64979107","87373489","56132742","0",
"8718","26859950","87373489","56132742","0",
"8719","98317800","87373489","56132742","0",
"8720","29990326","87373489","5178638","0",
"8721","78724856","87373489","5178638","0",
"8722","56072477","87373489","5178638","0",
"8723","72602300","87373489","5178638","0",
"8724","27446283","87373489","23474192","0",
"8725","36347990","87373489","23474192","0",
"8726","11145436","87373489","23474192","0",
"8727","79147169","87373489","23474192","0",
"8728","71770689","87373489","9193535","0",
"8729","29400420","87373489","9193535","0",
"8730","21159438","87373489","9193535","0",
"8731","69738467","87373489","9193535","0",
"8732","95363125","87373489","9193535","0",
"8733","52924222","87373489","1696220","0",
"8734","56573294","87373489","1696220","0",
"8735","50158144","87373489","1696220","0",
"8736","45454244","87373489","1696220","0",
"8737","78820173","87373489","80812925","0",
"8738","6918556","87373489","80812925","0",
"8739","95297254","87373489","80812925","0",
"8740","80272718","87373489","80812925","0",
"8741","67888989","87373489","80812925","0",
"8742","30361046","87373489","57004617","0",
"8743","65824952","87373489","57004617","0",
"8744","25524724","87373489","57004617","0",
"8745","15853445","87373489","57004617","0",
"8746","55567527","87373489","29673695","0",
"8747","12556542","87373489","29673695","0",
"8748","16925860","87373489","29673695","0",
"8749","22260089","87373489","29673695","0",
"8750","45949861","87373489","2968352","0",
"8751","54987655","87373489","2968352","0",
"8752","13642507","87373489","2968352","0",
"8753","46004647","87373489","2968352","0",
"8754","2601478","87373489","39262660","0",
"8755","68160068","87373489","39262660","0",
"8756","2747521","87373489","39262660","0",
"8757","978157","87373489","39262660","0",
"8758","82362175","87373489","39262660","0",
"8759","99283841","87373489","55674587","0",
"8760","2508201","87373489","55674587","0",
"8761","49997823","87373489","55674587","0",
"8762","41738367","87373489","55674587","0",
"8763","85957211","87373489","55674587","0",
"8764","28374567","87373489","64830853","0",
"8765","2248904","87373489","64830853","0",
"8766","89701494","87373489","64830853","0",
"8767","28164958","87373489","64830853","0",
"8768","66969175","87373489","64830853","0",
"8769","17281960","87373489","23372296","0",
"8770","24614586","87373489","23372296","0",
"8771","64209255","87373489","23372296","0",
"8772","43318486","87373489","23372296","0",
"8773","52636159","87373489","5117166","0",
"8774","60534882","87373489","5117166","0",
"8775","45152375","87373489","5117166","0",
"8776","21031157","87373489","5117166","0",
"8777","64580098","87373489","77440855","0",
"8778","56650447","87373489","77440855","0",
"8779","68991758","87373489","77440855","0",
"8780","73294576","87373489","77440855","0",
"8781","70877071","87373489","77440855","0",
"8782","75356731","87373489","20173236","0",
"8783","35352911","87373489","20173236","0",
"8784","12795529","87373489","20173236","0",
"8785","82504240","87373489","20173236","0",
"8786","43405293","87373489","8699349","0",
"8787","95416000","87373489","8699349","0",
"8788","53424240","87373489","8699349","0",
"8789","75895759","87373489","8699349","0",
"8790","81240063","14732889","97015711","0",
"8791","48204045","14732889","97015711","0",
"8792","82325033","14732889","97015711","0",
"8793","8499409","14732889","97015711","0",
"8794","61838003","14732889","75141924","0",
"8795","57241578","14732889","75141924","0",
"8796","3651790","14732889","75141924","0",
"8797","5797727","14732889","75141924","0",
"8798","52111469","14732889","75141924","0",
"8799","50933544","14732889","95701656","0",
"8800","33305205","14732889","95701656","0",
"8801","21913805","14732889","95701656","0",
"8802","48092005","14732889","95701656","0",
"8803","76027076","14732889","95701656","0",
"8804","95849184","14732889","95701656","0",
"8805","60153375","14732889","57461405","0",
"8806","24307135","14732889","57461405","0",
"8807","60557330","14732889","57461405","0",
"8808","35452913","14732889","57461405","0",
"8809","31221524","14732889","57461405","0",
"8810","93841623","14732889","18767554","0",
"8811","37387840","14732889","18767554","0",
"8812","96269851","14732889","18767554","0",
"8813","72268290","14732889","18767554","0",
"8814","36451684","14732889","18767554","0",
"8815","70014022","14732889","18767554","0",
"8816","86467729","14732889","59287240","0",
"8817","1644879","14732889","59287240","0",
"8818","278144","14732889","59287240","0",
"8819","69817650","14732889","59287240","0",
"8820","6883088","14732889","59287240","0",
"8821","71589137","14732889","31561187","0",
"8822","88404478","14732889","31561187","0",
"8823","86014501","14732889","31561187","0",
"8824","13647562","14732889","31561187","0",
"8825","83892341","14732889","31561187","0",
"8826","73728079","14732889","73113253","0",
"8827","73821741","14732889","73113253","0",
"8828","45466641","14732889","73113253","0",
"8829","38863535","14732889","73113253","0",
"8830","15603428","14732889","89761386","0",
"8831","94977439","14732889","89761386","0",
"8832","66228283","14732889","89761386","0",
"8833","39985598","14732889","89761386","0",
"8834","69935946","14732889","89761386","0",
"8835","21665175","14732889","39923431","0",
"8836","61999083","14732889","39923431","0",
"8837","67917096","14732889","39923431","0",
"8838","80296865","14732889","39923431","0",
"8839","9574951","14732889","14947601","0",
"8840","32257615","14732889","14947601","0",
"8841","10463259","14732889","14947601","0",
"8842","34286614","14732889","14947601","0",
"8843","2017998","14732889","14947601","0",
"8844","80560727","14732889","53442767","0",
"8845","16386823","14732889","53442767","0",
"8846","49449500","14732889","53442767","0",
"8847","21737312","14732889","53442767","0",
"8848","8649496","14732889","53442767","0",
"8849","55887803","14732889","53387446","0",
"8850","26263252","14732889","53387446","0",
"8851","81311454","14732889","53387446","0",
"8852","24449860","14732889","53387446","0",
"8853","4400026","14732889","90735668","0",
"8854","51135775","14732889","90735668","0",
"8855","16159472","14732889","90735668","0",
"8856","15521977","14732889","90735668","0",
"8857","37259599","14732889","90735668","0",
"8858","8752163","14732889","49746069","0",
"8859","18250325","14732889","49746069","0",
"8860","11120520","14732889","49746069","0",
"8861","43188873","14732889","49746069","0",
"8862","47499738","14732889","21267167","0",
"8863","5251190","14732889","21267167","0",
"8864","24283626","14732889","21267167","0",
"8865","15897980","14732889","21267167","0",
"8866","56799050","14732889","77473926","0",
"8867","26079844","14732889","77473926","0",
"8868","92539064","14732889","77473926","0",
"8869","69076610","14732889","77473926","0",
"8870","52648875","14732889","77473926","0",
"8871","7897917","14732889","832153","0",
"8872","6236001","14732889","832153","0",
"8873","7519675","14732889","832153","0",
"8874","32087038","14732889","832153","0",
"8875","28374567","69259421","64830853","0",
"8876","2248904","69259421","64830853","0",
"8877","89701494","69259421","64830853","0",
"8878","28164958","69259421","64830853","0",
"8879","62687687","69259421","3343985","0",
"8880","99733046","69259421","3343985","0",
"8881","94801578","69259421","3343985","0",
"8882","87762857","69259421","3343985","0",
"8883","27446283","69259421","23474192","0",
"8884","79147169","69259421","23474192","0",
"8885","11145436","69259421","23474192","0",
"8886","36347990","69259421","23474192","0",
"8887","28772765","69259421","23474192","0",
"8888","29990326","69259421","5178638","0",
"8889","56072477","69259421","5178638","0",
"8890","78724856","69259421","5178638","0",
"8891","72602300","69259421","5178638","0",
"8892","47097531","69259421","5178638","0",
"8893","44546626","69259421","1696220","0",
"8894","45454244","69259421","1696220","0",
"8895","56573294","69259421","1696220","0",
"8896","50158144","69259421","1696220","0",
"8897","30063637","69259421","1696220","0",
"8898","52636159","69259421","5117166","0",
"8899","60534882","69259421","5117166","0",
"8900","45152375","69259421","5117166","0",
"8901","21031157","69259421","5117166","0",
"8902","75356731","69259421","20173236","0",
"8903","82504240","69259421","20173236","0",
"8904","12795529","69259421","20173236","0",
"8905","35352911","69259421","20173236","0",
"8906","56240541","69259421","2968352","0",
"8907","54987655","69259421","2968352","0",
"8908","94551978","69259421","2968352","0",
"8909","46004647","69259421","2968352","0",
"8910","55567527","69259421","29673695","0",
"8911","22260089","69259421","29673695","0",
"8912","12556542","69259421","29673695","0",
"8913","16925860","69259421","29673695","0",
"8914","78820173","69259421","80812925","0",
"8915","80272718","69259421","80812925","0",
"8916","67888989","69259421","80812925","0",
"8917","6918556","69259421","80812925","0",
"8918","95297254","69259421","80812925","0",
"8919","17281960","69259421","23372296","0",
"8920","24614586","69259421","23372296","0",
"8921","64209255","69259421","23372296","0",
"8922","43318486","69259421","23372296","0",
"8923","71770689","69259421","9193535","0",
"8924","5473020","69259421","9193535","0",
"8925","29400420","69259421","9193535","0",
"8926","69738467","69259421","9193535","0",
"8927","21159438","69259421","9193535","0",
"8928","43405293","69259421","8699349","0",
"8929","75895759","69259421","8699349","0",
"8930","95416000","69259421","8699349","0",
"8931","53424240","69259421","8699349","0",
"8932","96729503","69259421","56132742","0",
"8933","64979107","69259421","56132742","0",
"8934","26859950","69259421","56132742","0",
"8935","44449054","69259421","56132742","0",
"8936","99283841","69259421","55674587","0",
"8937","2508201","69259421","55674587","0",
"8938","49997823","69259421","55674587","0",
"8939","85957211","69259421","55674587","0",
"8940","41738367","69259421","55674587","0",
"8941","2601478","69259421","39262660","0",
"8942","2747521","69259421","39262660","0",
"8943","978157","69259421","39262660","0",
"8944","68160068","69259421","39262660","0",
"8945","30361046","69259421","57004617","0",
"8946","51426199","69259421","57004617","0",
"8947","25524724","69259421","57004617","0",
"8948","28355271","69259421","57004617","0",
"8949","65824952","69259421","57004617","0",
"8950","64580098","69259421","77440855","0",
"8951","73294576","69259421","77440855","0",
"8952","56650447","69259421","77440855","0",
"8953","68991758","69259421","77440855","0",
"8954","70877071","69259421","77440855","0",
"8955","90931025","133713","21267167","0",
"8956","24283626","133713","21267167","0",
"8957","47496297","133713","21267167","0",
"8958","15897980","133713","21267167","0",
"8959","69935946","133713","89761386","0",
"8960","15603428","133713","89761386","0",
"8961","94977439","133713","89761386","0",
"8962","38692380","133713","89761386","0",
"8963","39985598","133713","89761386","0",
"8964","19858163","133713","49746069","0",
"8965","65089759","133713","49746069","0",
"8966","11120520","133713","49746069","0",
"8967","43188873","133713","49746069","0",
"8968","80560727","133713","53442767","0",
"8969","21737312","133713","53442767","0",
"8970","8649496","133713","53442767","0",
"8971","16386823","133713","53442767","0",
"8972","49449500","133713","53442767","0",
"8973","60153375","133713","57461405","0",
"8974","24307135","133713","57461405","0",
"8975","60557330","133713","57461405","0",
"8976","35452913","133713","57461405","0",
"8977","31221524","133713","57461405","0",
"8978","56799050","133713","77473926","0",
"8979","26079844","133713","77473926","0",
"8980","92539064","133713","77473926","0",
"8981","69076610","133713","77473926","0",
"8982","55887803","133713","53387446","0",
"8983","26263252","133713","53387446","0",
"8984","81311454","133713","53387446","0",
"8985","24449860","133713","53387446","0",
"8986","61838003","133713","75141924","0",
"8987","17046182","133713","75141924","0",
"8988","57241578","133713","75141924","0",
"8989","52111469","133713","75141924","0",
"8990","21665175","133713","39923431","0",
"8991","67917096","133713","39923431","0",
"8992","61999083","133713","39923431","0",
"8993","80296865","133713","39923431","0",
"8994","6236001","133713","832153","0",
"8995","72393707","133713","832153","0",
"8996","69999258","133713","832153","0",
"8997","32087038","133713","832153","0",
"8998","73728079","133713","73113253","0",
"8999","70014022","133713","73113253","0",
"9000","36079322","133713","73113253","0",
"9001","70898607","133713","73113253","0",
"9002","71589137","133713","31561187","0",
"9003","88404478","133713","31561187","0",
"9004","86014501","133713","31561187","0",
"9005","83892341","133713","31561187","0",
"9006","50933544","133713","95701656","0",
"9007","48092005","133713","95701656","0",
"9008","33305205","133713","95701656","0",
"9009","21913805","133713","95701656","0",
"9010","76027076","133713","95701656","0",
"9011","95849184","133713","95701656","0",
"9012","81240063","133713","97015711","0",
"9013","48204045","133713","97015711","0",
"9014","82325033","133713","97015711","0",
"9015","8499409","133713","97015711","0",
"9016","36451684","133713","18767554","0",
"9017","37387840","133713","18767554","0",
"9018","96269851","133713","18767554","0",
"9019","72268290","133713","18767554","0",
"9020","9574951","133713","14947601","0",
"9021","32257615","133713","14947601","0",
"9022","10463259","133713","14947601","0",
"9023","34286614","133713","14947601","0",
"9024","4400026","133713","90735668","0",
"9025","51135775","133713","90735668","0",
"9026","37259599","133713","90735668","0",
"9027","15521977","133713","90735668","0",
"9028","86467729","133713","59287240","0",
"9029","1644879","133713","59287240","0",
"9030","278144","133713","59287240","0",
"9031","69817650","133713","59287240","0",
"9032","60153375","41227949","57461405","0",
"9033","43098518","41227949","57461405","0",
"9034","64626101","41227949","57461405","0",
"9035","95127241","41227949","57461405","0",
"9036","88733739","41227949","48603239","0",
"9037","51891737","41227949","48603239","0",
"9038","54766168","41227949","48603239","0",
"9039","23681485","41227949","48603239","0",
"9040","64561923","41227949","48603239","0",
"9041","62687687","41227949","3343985","0",
"9042","87762857","41227949","3343985","0",
"9043","94801578","41227949","3343985","0",
"9044","45466641","41227949","3343985","0",
"9045","54750686","41227949","25666958","0",
"9046","22748409","41227949","25666958","0",
"9047","92934688","41227949","25666958","0",
"9048","8097623","41227949","25666958","0",
"9049","62233020","41227949","29673695","0",
"9050","40519863","41227949","29673695","0",
"9051","2136837","41227949","29673695","0",
"9052","39069308","41227949","29673695","0",
"9053","56575282","41227949","81328377","0",
"9054","59502195","41227949","81328377","0",
"9055","42113934","41227949","81328377","0",
"9056","2788509","41227949","81328377","0",
"9057","28374567","41227949","74054412","0",
"9058","55618592","41227949","74054412","0",
"9059","66969175","41227949","74054412","0",
"9060","6097295","41227949","74054412","0",
"9061","42715654","41227949","99948523","0",
"9062","19858163","41227949","99948523","0",
"9063","38090223","41227949","99948523","0",
"9064","99936909","41227949","99948523","0",
"9065","56240541","41227949","21267167","0",
"9066","28072309","41227949","21267167","0",
"9067","80759556","41227949","21267167","0",
"9068","6236001","41227949","21267167","0",
"9069","55529454","41227949","2877157","0",
"9070","92308303","41227949","2877157","0",
"9071","11795008","41227949","2877157","0",
"9072","26263252","41227949","2877157","0",
"9073","38683625","41227949","88825641","0",
"9074","8606756","41227949","88825641","0",
"9075","47207042","41227949","88825641","0",
"9076","95508896","41227949","88825641","0",
"9077","52636159","41227949","25482520","0",
"9078","10463259","41227949","25482520","0",
"9079","83818446","41227949","25482520","0",
"9080","21031157","41227949","25482520","0",
"9081","50285431","41227949","1696220","0",
"9082","62152022","41227949","1696220","0",
"9083","9649165","41227949","1696220","0",
"9084","87598700","41227949","1696220","0",
"9085","91699042","41227949","1696220","0",
"9086","90174955","41227949","39146377","0",
"9087","82325033","41227949","39146377","0",
"9088","34027266","41227949","39146377","0",
"9089","63392407","41227949","39146377","0",
"9169","56240541","10285883","64830853","0",
"9427","96789971","31071604","9816690","0",
"9428","69935946","31071604","59287240","0",
"9507","96789971","51626046","9816690","0",
"9512","69935946","51626046","59287240","0",
"9521","73728079","51626046","73113253","0",
"9525","96789971","59609769","9816690","0",
"9530","69935946","59609769","59287240","0",
"9540","79147169","68966834","23474192","0",
"9620","96789971","72870325","9816690","0",
"9621","69935946","72870325","59287240","0",
"9803","79147169","96613811","23474192","0",
"10113","64580098","32915456","77440855","7",
"10114","64580098","19492707","77440855","14",
"10115","73294576","19492707","77440855","14",
"10118","21665175","7819477","3343985","0","0"
"10119","65089759","7819477","3343985","0","0"
"10120","61999083","7819477","3343985","0","0"
"10122","21665175","34461511","3343985","0","0"
"10123","64706246","34461511","3343985","0","0"
"10124","61999083","34461511","3343985","0","0"
"10126","99101256","53378923","3343985","0","0"
"10127","21665175","53378923","3343985","0","0"
"10128","61999083","53378923","3343985","0","0"
"10130","99101256","16116614","3343985","0","0"
"10131","21665175","16116614","3343985","0","0"
"10133","99283841","7819477","18767554","0","0"
"10134","99283841","34461511","18767554","0","0"
"10135","99283841","53378923","18767554","0","0"
"10136","99283841","16116614","18767554","0","0"
"10137","99283841","21078561","18767554","0","0"
"10138","99283841","4685116","18767554","0","0"
"10139","99283841","9923664","18767554","0","0"
"10140","99283841","15498062","18767554","0","0"
"10141","99283841","46597156","31561187","0","0"
"10142","99283841","97148389","31561187","0","0"
"10143","99283841","72722761","31561187","0","0"
"10144","99283841","8491828","31561187","0","0"
"10146","1138506","31071604","39923431","0","0"
"10172","2017998","42903369","29673695","0","0"
"10173","2017998","23503367","29673695","0","0"
"10174","95363125","76884717","29673695","0","0"
"10175","95363125","79990660","29673695","0","0"
"10176","95363125","23503367","29673695","0","0"
"10177","56650447","76884717","29673695","0","0"
"10178","56650447","79990660","29673695","0","0"
"10179","12556546","76884717","29673695","0","0"
"10180","12556546","42903369","29673695","0","0"
"10181","12556546","79990660","29673695","0","0"
"10182","12556546","23503367","29673695","0","0"
"10183","38863535","42903369","29673695","0","0"
"10184","22785032","76884717","29673695","0","0"
"10201","2017998","59734039","90735668","0","0"
"10202","2017998","80803598","90735668","0","0"
"10203","95363125","46476906","90735668","0","0"
"10204","95363125","34786669","90735668","0","0"
"10205","95363125","59734039","90735668","0","0"
"10206","95363125","80803598","90735668","0","0"
"10207","12556541","46476906","90735668","0","0"
"10208","12556541","34786669","90735668","0","0"
"10209","12556541","59734039","90735668","0","0"
"10210","12556541","80803598","90735668","0","0"
"10211","5473020","46476906","90735668","0","0"
"10212","5473020","34786669","90735668","0","0"
"10213","85957211","21078561","18767554","0","0"
"10214","85957211","4685116","18767554","0","0"
"10216","85957211","15498062","18767554",,
"10217","95999433","79772225","97015711","0","0"
"10218","95999433","20201142","97015711","0","0"
"10219","95999433","96613811","97015711","0","0"
"10220","95999433","68966834","97015711","0","0"
"10221","95999433","21078561","97015711","0","0"
"10222","95999433","4685116","97015711","0","0"
"10223","95999433","9923664","97015711","0","0"
"10224","95999433","15498062","97015711","0","0"
"10225","95999433","46597156","97015711","0","0"
"10226","95999433","97148389","97015711","0","0"
"10227","95999433","72722761","97015711","0","0"
"10228","95999433","8491828","97015711","0","0"
"10229","48204045","79772225","97015711","0","0"
"10230","48204045","20201142","97015711","0","0"
"10231","48204045","96613811","97015711","0","0"
"10232","48204045","68966834","97015711","0","0"
"10233","48204045","21078561","97015711","0","0"
"10234","48204045","4685116","97015711","0","0"
"10235","48204045","9923664","97015711","0","0"
"10236","48204045","46597156","97015711","0","0"
"10237","48204045","97148389","97015711","0","0"
"10238","48204045","72722761","97015711","0","0"
"10239","48204045","8491828","97015711","0","0"
"10240","77066399","79772225","97015711","0","0"
"10241","77066399","20201142","97015711","0","0"
"10242","77066399","96613811","97015711","0","0"
"10243","77066399","68966834","97015711","0","0"
"10244","77066399","4685116","97015711","0","0"
"10245","77066399","9923664","97015711","0","0"
"10246","77066399","15498062","97015711","0","0"
"10247","77066399","46597156","97015711","0","0"
"10248","77066399","97148389","97015711","0","0"
"10249","77066399","72722761","97015711","0","0"
"10250","77066399","8491828","97015711","0","0"
"10251","43405293","79772225","97015711","0","0"
"10252","43405293","68966834","97015711","0","0"
"10253","43405293","21078561","97015711","0","0"
"10254","43405293","4685116","97015711","0","0"
"10255","43405293","9923664","97015711","0","0"
"10256","43405293","15498062","97015711","0","0"
"10257","43405293","46597156","97015711","0","0"
"10258","43405293","97148389","97015711","0","0"
"10259","43405293","72722761","97015711","0","0"
"10260","43405293","8491828","97015711","0","0"
"10261","75895754","68966834","97015711","0","0"
"10262","75895754","21078561","97015711","0","0"
"10263","52924222","15498062","97015711","0","0"
"10264","55877890","20201142","97015711","0","0"
"10265","50158144","96613811","97015711","0","0"
"10266","56650447","46597156","49746069","0","0"
"10267","56650447","97148389","49746069","0","0"
"10268","56650447","72722761","49746069","0","0"
"10269","56650447","8491828","49746069","0","0"
"10270","48204045","85657695","21267167","0","0"
"10271","48204045","85326506","21267167","0","0"
"10321","56650447","21078561","49746069","0","0"
"10322","56650447","4685116","49746069","0","0"
"10323","56650447","9923664","49746069","0","0"
"10324","56650447","15498062","49746069","0","0"
"10325","15603428","21078561","49746069","0","0"
"10326","15603428","9923664","49746069","0","0"
"10327","15603428","15498062","49746069","0","0"
"10328","66228283","21078561","49746069","0","0"
"10329","66228283","4685116","49746069","0","0"
"10330","66228283","9923664","49746069","0","0"
"10331","66228283","15498062","49746069","0","0"
"10332","2136265","9923664","49746069","0","0"
"10336","31221524","4685116","49746069","0","0"
"10337","15603428","99194464","57461405","0","0"
"10338","15603428","90193164","57461405","0","0"
"10339","15603428","39885461","57461405","0","0"
"10340","15603428","16400118","57461405","0","0"
"10341","15603428","79103275","57461405","0","0"
"10342","15603428","11291612","57461405","0","0"
"10343","15603428","48680673","57461405","0","0"
"10344","15603428","78707344","57461405","0","0"
"10345","15603428","7819477","57461405","0","0"
"10346","15603428","34461511","57461405","0","0"
"10347","15603428","53378923","57461405","0","0"
"10348","15603428","16116614","57461405","0","0"
"10349","37259599","99194464","57461405","0","0"
"10350","37259599","39885461","57461405","0","0"
"10351","37259599","16400118","57461405","0","0"
"10352","11120520","90193164","57461405","0","0"
"10353","22785032","99194464","57461405","0","0"
"10354","22785032","90193164","57461405","0","0"
"10355","22785032","39885461","57461405","0","0"
"10356","22785032","16400118","57461405","0","0"
"10357","66228283","99194464","57461405","0","0"
"10358","66228283","90193164","57461405","0","0"
"10359","66228283","39885461","57461405","0","0"
"10360","66228283","16400118","57461405","0","0"
"10361","66228283","7819477","57461405","0","0"
"10362","66228283","34461511","57461405","0","0"
"10363","66228283","53378923","57461405","0","0"
"10364","66228283","16116614","57461405","0","0"
"10365","31221524","79103275","57461405","0","0"
"10366","31221524","11291612","57461405","0","0"
"10367","31221524","48680673","57461405","0","0"
"10368","31221524","78707344","57461405","0","0"
"10369","31221524","7819477","57461405","0","0"
"10370","31221524","34461511","57461405","0","0"
"10371","31221524","53378923","57461405","0","0"
"10372","31221524","16116614","57461405","0","0"
"10373","65089759","79103275","57461405","0","0"
"10374","65089759","11291612","57461405","0","0"
"10375","65089759","48680673","57461405","0","0"
"10376","65089759","78707344","57461405","0","0"
"10377","56650447","79103275","57461405","0","0"
"10378","56650447","11291612","57461405","0","0"
"10379","56650447","48680673","57461405","0","0"
"10380","56650447","78707344","57461405","0","0"
"10381","56650447","16116614","57461405","0","0"
"10382","60557330","7819477","57461405","0","0"
"10383","60557330","34461511","57461405","0","0"
"10384","60557330","53378923","57461405","0","0"
"10385","80759556","51626046","12403011","0","0"
"10386","80759556","72870325","12403011","0","0"
"10387","80759556","97148389","12403011","0","0"
"10388","92539064","56840754","54844888","0","0"
"10389","92539064","81519758","54844888","0","0"
"10390","92539064","40323829","54844888","0","0"
"10391","92539064","27131848","54844888","0","0"
"10392","92539064","79103275","54844888","0","0"
"10393","92539064","11291612","54844888","0","0"
"10394","92539064","48680673","54844888","0","0"
"10395","92539064","78707344","54844888","0","0"
"10396","92539064","7819477","54844888","0","0"
"10397","92539064","34461511","54844888","0","0"
"10398","92539064","46476906","4192131","0","0"
"10399","92539064","34786669","4192131","0","0"
"10400","92539064","59734039","4192131","0","0"
"10401","92539064","80803598","4192131","0","0"
"10402","92539064","21078561","9704316","0","0"
"10403","92539064","4685116","9704316","0","0"
"10404","92539064","9923664","9704316","0","0"
"10405","92539064","15498062","9704316","0","0"
"10406","92539064","46597156","9704316","0","0"
"10407","92539064","97148389","9704316","0","0"
"10408","92539064","72722761","9704316","0","0"
"10409","92539064","8491828","9704316","0","0"
"10410","2248904","99194464","64830853","0","0"
"10411","2248904","90193164","64830853","0","0"
"10412","2248904","39885461","64830853","0","0"
"10413","2248904","16400118","64830853","0","0"
"10414","2248904","79103275","64830853","0","0"
"10415","2248904","11291612","64830853","0","0"
"10416","2248904","48680673","64830853","0","0"
"10417","2248904","78707344","64830853","0","0"
"10418","2248904","7819477","64830853","0","0"
"10419","2248904","34461511","64830853","0","0"
"10420","2248904","53378923","64830853","0","0"
"10421","2248904","16116614","64830853","0","0"
"10422","2248904","31071604","64830853","0","0"
"10423","2248904","59609769","64830853","0","0"
"10424","2248904","51626046","64830853","0","0"
"10425","2248904","72870325","64830853","0","0"
"10426","2248904","10285883","64830853","0","0"
"10427","2248904","50632845","64830853","0","0"
"10428","2248904","60773118","64830853","0","0"
"10429","2248904","23242296","64830853","0","0"
"10430","28164958","99194464","64830853","0","0"
"10431","28164958","90193164","64830853","0","0"
"10432","28164958","39885461","64830853","0","0"
"10433","28164958","16400118","64830853","0","0"
"10434","28164958","79103275","64830853","0","0"
"10435","28164958","11291612","64830853","0","0"
"10436","28164958","48680673","64830853","0","0"
"10437","28164958","78707344","64830853","0","0"
"10438","28164958","7819477","64830853","0","0"
"10439","28164958","34461511","64830853","0","0"
"10440","28164958","53378923","64830853","0","0"
"10441","28164958","16116614","64830853","0","0"
"10442","28164958","31071604","64830853","0","0"
"10443","28164958","59609769","64830853","0","0"
"10444","28164958","51626046","64830853","0","0"
"10445","28164958","72870325","64830853","0","0"
"10446","28164958","10285883","64830853","0","0"
"10447","28164958","50632845","64830853","0","0"
"10448","28164958","60773118","64830853","0","0"
"10449","28164958","23242296","64830853","0","0"
"10450","48165678","11291612","64830853","0","0"
"10451","48165678","7819477","64830853","0","0"
"10452","48165678","53378923","64830853","0","0"
"10453","48165678","31071604","64830853","0","0"
"10454","48165678","59609769","64830853","0","0"
"10455","48165678","51626046","64830853","0","0"
"10456","48165678","72870325","64830853","0","0"
"10457","48165678","10285883","64830853","0","0"
"10458","48165678","23242296","64830853","0","0"
"10459","23299892","99194464","64830853","0","0"
"10460","23299892","90193164","64830853","0","0"
"10461","23299892","39885461","64830853","0","0"
"10462","23299892","16400118","64830853","0","0"
"10463","23299892","78707344","64830853","0","0"
"10464","23299892","53378923","64830853","0","0"
"10465","23299892","16116614","64830853","0","0"
"10466","23299892","51626046","64830853","0","0"
"10467","50933544","99194464","64830853","0","0"
"10468","50933544","90193164","64830853","0","0"
"10469","50933544","79103275","64830853","0","0"
"10470","50933544","11291612","64830853","0","0"
"10471","48092005","79103275","64830853","0","0"
"10472","84819929","48680673","64830853","0","0"
"10473","45905168","7819477","64830853","0","0"
"10474","45905168","34461511","64830853","0","0"
"10475","45905168","16116614","64830853","0","0"
"10476","42406402","31071604","64830853","0","0"
"10477","42406402","59609769","64830853","0","0"
"10478","42406402","72870325","64830853","0","0"
"10479","56240541","10285883","64830853","0","0"
"10480","56240541","50632845","64830853","0","0"
"10481","56240541","60773118","64830853","0","0"
"10482","56240541","23242296","64830853","0","0"
"10483","28374567","10285883","64830853","0","0"
"10484","28374567","50632845","64830853","0","0"
"10485","28374567","60773118","64830853","0","0"
"10486","28374567","23242296","64830853","0","0"
"10487","2248904","99194464","64830853","0","0"
"10488","2248904","90193164","64830853","0","0"
"10489","2248904","39885461","64830853","0","0"
"10490","2248904","16400118","64830853","0","0"
"10491","2248904","79103275","64830853","0","0"
"10492","2248904","11291612","64830853","0","0"
"10493","2248904","48680673","64830853","0","0"
"10494","2248904","78707344","64830853","0","0"
"10495","2248904","7819477","64830853","0","0"
"10496","2248904","34461511","64830853","0","0"
"10497","2248904","53378923","64830853","0","0"
"10498","2248904","16116614","64830853","0","0"
"10499","2248904","31071604","64830853","0","0"
"10500","2248904","59609769","64830853","0","0"
"10501","2248904","51626046","64830853","0","0"
"10502","2248904","72870325","64830853","0","0"
"10503","2248904","10285883","64830853","0","0"
"10504","2248904","50632845","64830853","0","0"
"10505","2248904","60773118","64830853","0","0"
"10506","2248904","23242296","64830853","0","0"
"10507","28164958","99194464","64830853","0","0"
"10508","28164958","90193164","64830853","0","0"
"10509","28164958","39885461","64830853","0","0"
"10510","28164958","16400118","64830853","0","0"
"10511","28164958","79103275","64830853","0","0"
"10512","28164958","11291612","64830853","0","0"
"10513","28164958","48680673","64830853","0","0"
"10514","28164958","78707344","64830853","0","0"
"10515","28164958","7819477","64830853","0","0"
"10516","28164958","34461511","64830853","0","0"
"10517","28164958","53378923","64830853","0","0"
"10518","28164958","16116614","64830853","0","0"
"10519","28164958","31071604","64830853","0","0"
"10520","28164958","59609769","64830853","0","0"
"10521","28164958","51626046","64830853","0","0"
"10522","28164958","72870325","64830853","0","0"
"10523","28164958","10285883","64830853","0","0"
"10524","28164958","50632845","64830853","0","0"
"10525","28164958","60773118","64830853","0","0"
"10526","28164958","23242296","64830853","0","0"
"10527","48165678","11291612","64830853","0","0"
"10528","48165678","7819477","64830853","0","0"
"10529","48165678","53378923","64830853","0","0"
"10530","48165678","31071604","64830853","0","0"
"10531","48165678","59609769","64830853","0","0"
"10532","48165678","51626046","64830853","0","0"
"10533","48165678","72870325","64830853","0","0"
"10534","48165678","10285883","64830853","0","0"
"10535","48165678","23242296","64830853","0","0"
"10536","23299892","99194464","64830853","0","0"
"10537","23299892","90193164","64830853","0","0"
"10538","23299892","39885461","64830853","0","0"
"10539","23299892","16400118","64830853","0","0"
"10540","23299892","78707344","64830853","0","0"
"10541","23299892","53378923","64830853","0","0"
"10542","23299892","16116614","64830853","0","0"
"10543","23299892","51626046","64830853","0","0"
"10544","50933544","99194464","64830853","0","0"
"10545","50933544","90193164","64830853","0","0"
"10546","50933544","79103275","64830853","0","0"
"10547","50933544","11291612","64830853","0","0"
"10548","48092005","79103275","64830853","0","0"
"10549","84819929","48680673","64830853","0","0"
"10550","45905168","7819477","64830853","0","0"
"10551","45905168","34461511","64830853","0","0"
"10552","45905168","16116614","64830853","0","0"
"10553","42406402","31071604","64830853","0","0"
"10554","42406402","59609769","64830853","0","0"
"10555","42406402","72870325","64830853","0","0"
"10556","56240541","10285883","64830853","0","0"
"10557","56240541","50632845","64830853","0","0"
"10558","56240541","60773118","64830853","0","0"
"10559","56240541","23242296","64830853","0","0"
"10560","28374567","10285883","64830853","0","0"
"10561","28374567","50632845","64830853","0","0"
"10562","28374567","60773118","64830853","0","0"
"10563","28374567","23242296","64830853","0","0"
"10564","278143","39885461","64830853","0","0"
"10565","278143","16400118","64830853","0","0"
"10566","278143","78707344","64830853","0","0"
"10567","27446283","79772225","23474192","0","0"
"10568","27446283","20201142","23474192","0","0"
"10569","27446283","96613811","23474192","0","0"
"10570","27446283","68966834","23474192","0","0"
"10571","27446283","31071604","23474192","0","0"
"10572","27446283","59609769","23474192","0","0"
"10573","27446283","72870325","23474192","0","0"
"10574","27446283","10285883","23474192","0","0"
"10575","27446283","50632845","23474192","0","0"
"10576","27446283","23242296","23474192","0","0"
"10577","95508897","79772225","23474192","0","0"
"10578","95508897","20201142","23474192","0","0"
"10579","95508897","96613811","23474192","0","0"
"10580","95508897","68966834","23474192","0","0"
"10581","95508897","31071604","23474192","0","0"
"10582","95508897","59609769","23474192","0","0"
"10583","95508897","72870325","23474192","0","0"
"10584","95508897","10285883","23474192","0","0"
"10585","95508897","23242296","23474192","0","0"
"10586","23977516","79772225","23474192","0","0"
"10587","23977516","20201142","23474192","0","0"
"10588","23977516","31071604","23474192","0","0"
"10589","23977516","59609769","23474192","0","0"
"10590","23977516","72870325","23474192","0","0"
"10591","23977516","10285883","23474192","0","0"
"10592","23977516","50632845","23474192","0","0"
"10593","23977516","23242296","23474192","0","0"
"10594","11145436","79772225","23474192","0","0"
"10595","11145436","20201142","23474192","0","0"
"10596","11145436","96613811","23474192","0","0"
"10597","11145436","68966834","23474192","0","0"
"10598","11145436","31071604","23474192","0","0"
"10599","11145436","59609769","23474192","0","0"
"10600","11145436","72870325","23474192","0","0"
"10601","11145436","10285883","23474192","0","0"
"10602","11145436","50632845","23474192","0","0"
"10603","95508898","68966834","23474192","0","0"
"10604","95508898","60773118","23474192","0","0"
"10605","95508898","23242296","23474192","0","0"
"10606","95508899","51626046","23474192","0","0"
"10607","95508900","51626046","23474192","0","0"
"10608","95508901","50632845","23474192","0","0"
"10609","95508901","60773118","23474192","0","0"
"10610","95508902","96613811","23474192","0","0"
"10611","95508903","51626046","23474192","0","0"
"10612","95508904","51626046","23474192","0","0"
"10613","95508905","60773118","23474192","0","0"
"10614","95508906","60773118","23474192","0","0"
"10615","100113","79125934","59952554","0","0"
"10616","28918410","79125934","59952554","0","0"
"10617","5251190","79125934","59952554","0","0"
"10618","100111","79125934","59952554","0","0"
"10619","100110","79125934","59952554","0","0"
"10620","100104","79125934","91072341","0","0"
"10621","2079438","79125934","91072341","0","0"
"10622","97775821","79125934","91072341","0","0"
"10623","100103","79125934","91072341","0","0"
"10624","28374567","79125934","74054412","0","0"
"10625","100107","79125934","74054412","0","0"
"10626","100108","79125934","74054412","0","0"
"10627","100109","79125934","74054412","0","0"
"10628","100105","79125934","18112440","0","0"
"10629","55618592","79125934","18112440","0","0"
"10630","89701494","79125934","18112440","0","0"
"10631","6097295","79125934","18112440","0","0"
"10632","100106","79125934","18112440","0","0"
"10633","38090223","79125934","4866531","0","0"
"10634","27988605","79125934","4866531","0","0"
"10635","99936909","79125934","4866531","0","0"
"10636","63940661","79125934","4866531","0","0"
"10637","88733739","79125934","48603239","0","0"
"10638","51891737","79125934","48603239","0","0"
"10639","64561923","79125934","48603239","0","0"
"10640","23681485","79125934","48603239","0","0"
"10641","54766168","79125934","48603239","0","0"
"10642","100102","79125934","96823854","0","0"
"10643","100101","79125934","96823854","0","0"
"10644","100133","79125934","96823854","0","0"
"10645","100132","79125934","96823854","0","0"
"10647","61838003","79125934","38200602","0","0"
"10648","22978926","79125934","38200602","0","0"
"10649","11582532","79125934","38200602","0","0"
"10650","80759556","79125934","38200602","0","0"
"10651","30759449","79125934","19531518","0","0"
"10652","34703753","79125934","19531518","0","0"
"10653","42113934","79125934","19531518","0","0"
"10654","21888842","79125934","19531518","0","0"
"10655","100131","79125934","81436706","0","0"
"10656","100130","79125934","81436706","0","0"
"10657","100129","79125934","81436706","0","0"
"10658","100128","79125934","81436706","0","0"
"10659","55529454","79125934","73579006","0","0"
"10660","26263252","79125934","73579006","0","0"
"10661","11795008","79125934","73579006","0","0"
"10662","100034","79125934","73579006","0","0"
"10663","100035","79125934","73579006","0","0"
"10664","100127","79125934","37119258","0","0"
"10665","100126","79125934","37119258","0","0"
"10666","100125","79125934","37119258","0","0"
"10667","100124","79125934","37119258","0","0"
"10668","100123","79125934","94867914","0","0"
"10669","100122","79125934","94867914","0","0"
"10670","100121","79125934","94867914","0","0"
"10671","100120","79125934","94867914","0","0"
"10672","90174955","79125934","30078914","0","0"
"10673","82325033","79125934","30078914","0","0"
"10674","34027266","79125934","30078914","0","0"
"10675","63392407","79125934","30078914","0","0"
"10676","100118","79125934","20953095","0","0"
"10677","100117","79125934","20953095","0","0"
"10678","100116","79125934","20953095","0","0"
"10679","100115","79125934","20953095","0","0"
"10680","100114","79125934","20953095","0","0"
"10747","16159472","79125934","71024784","0","0"
"10748","87762857","79125934","71024784","0","0"
"10749","45466641","79125934","71024784","0","0"
"10750","94801578","79125934","71024784","0","0"
"10751","56799050","59294752","77473926","1","0"
"10752","26079844","59294752","77473926","1","0"
"10753","92539064","59294752","77473926","1","0"
"10754","69076610","59294752","77473926","1","0"
"10755","52648875","59294752","77473926","1","0"
"10756","47499738","59294752","21267167","2","0"
"10757","47496297","59294752","21267167","2","0"
"10758","24283626","59294752","21267167","2","0"
"10759","15897980","59294752","21267167","2","0"
"10760","8752163","59294752","49746069","3","0"
"10761","65089759","59294752","49746069","3","0"
"10762","11120520","59294752","49746069","3","0"
"10763","58147240","59294752","49746069","3","0"
"10764","16159472","59294752","49746069","3","0"
"10765","55887803","59294752","53387446","4","0"
"10766","64567908","59294752","53387446","4","0"
"10767","95508898","59294752","53387446","4","0"
"10768","24449860","59294752","53387446","4","0"
"10769","62687687","59294752","71024784","5","0"
"10770","94801578","59294752","71024784","5","0"
"10771","99733046","59294752","71024784","5","0"
"10772","87762857","59294752","71024784","5","0"
"10773","21665175","59294752","91072341","6","0"
"10774","61999083","59294752","91072341","6","0"
"10775","67917096","59294752","91072341","6","0"
"10776","55877890","59294752","91072341","6","0"
"10777","14819510","59294752","91072341","6","0"
"10778","71589137","59294752","31561187","7","0"
"10779","88404478","59294752","31561187","7","0"
"10780","86014501","59294752","31561187","7","0"
"10781","13647562","59294752","31561187","7","0"
"10782","83892341","59294752","31561187","7","0"
"10783","65426102","59294752","31561187","7","0"
"10784","61838003","59294752","38075179","8","0"
"10785","80759556","59294752","38075179","8","0"
"10786","11582532","59294752","38075179","8","0"
"10787","22978926","59294752","38075179","8","0"
"10788","60153375","59294752","59952554","9","0"
"10789","24307135","59294752","59952554","9","0"
"10790","60557330","59294752","59952554","9","0"
"10791","35452913","59294752","59952554","9","0"
"10792","93841623","59294752","18767554","10","0"
"10793","61276643","59294752","18767554","10","0"
"10794","12556542","59294752","18767554","10","0"
"10795","44703992","59294752","18767554","10","0"
"10796","43098518","59294752","18767554","10","0"
"10797","41646056","59294752","37537849","11","0"
"10798","98317800","59294752","37537849","11","0"
"10799","96729503","59294752","37537849","11","0"
"10800","26859950","59294752","37537849","11","0"
"10801","86467729","59294752","59287240","12","0"
"10802","1644879","59294752","59287240","12","0"
"10803","278144","59294752","59287240","12","0"
"10804","6883088","59294752","59287240","12","0"
"10805","69817650","59294752","59287240","12","0"
"10806","50933544","59294752","95701656","13","0"
"10807","33305205","59294752","95701656","13","0"
"10808","21913805","59294752","95701656","13","0"
"10809","48092005","59294752","95701656","13","0"
"10810","76027076","59294752","95701656","13","0"
"10811","95849184","59294752","95701656","13","0"
"10812","92713058","59294752","31990349","14","0"
"10813","78724856","59294752","31990349","14","0"
"10814","56072477","59294752","31990349","14","0"
"10815","47097531","59294752","31990349","14","0"
"10816","93543314","59294752","31990349","14","0"
"10817","81240063","59294752","97015711","15","0"
"10818","48204045","59294752","97015711","15","0"
"10819","38692380","59294752","97015711","15","0"
"10820","8499409","59294752","97015711","15","0"
"10821","52636159","59294752","74220210","16","0"
"10822","45152375","59294752","74220210","16","0"
"10823","34544875","59294752","74220210","16","0"
"10824","21031157","59294752","74220210","16","0"
"10825","4400026","59294752","90735668","17","0"
"10826","51135775","59294752","90735668","17","0"
"10827","15521977","59294752","90735668","17","0"
"10828","37259599","59294752","90735668","17","0"
"10829","67898103","59294752","53442767","18","0"
"10830","21737312","59294752","53442767","18","0"
"10831","99260284","59294752","53442767","18","0"
"10832","55567527","59294752","53442767","18","0"
"10833","16386823","59294752","53442767","18","0"
"10834","64580098","59294752","77440855","19","0"
"10835","68991758","59294752","77440855","19","0"
"10836","73294576","59294752","77440855","19","0"
"10837","70877071","59294752","77440855","19","0"
"10838","85144544","59294752","77440855","19","0"
"10839","38863535","59294752","73113253","20","0"
"10840","73821741","59294752","73113253","20","0"
"10841","45466641","59294752","73113253","20","0"
"10842","100102","59294752","73113253","20","0"
"10843","98073618","9304588","26090069","1","0"
"10844","98105846","9304588","26090069","1","0"
"10845","84744363","9304588","26090069","1","0"
"10846","82200314","9304588","26090069","1","0"
"10847","45240930","9304588","87679588","2","0"
"10848","28404702","9304588","87679588","2","0"
"10849","23983079","9304588","87679588","2","0"
"10850","15198900","9304588","87679588","2","0"
"10851","77424731","9304588","22762275","3","0"
"10852","8097623","9304588","22762275","3","0"
"10853","80296865","9304588","22762275","3","0"
"10854","75895754","9304588","22762275","3","0"
"10855","100113","9304588","80098965","4","0"
"10856","28918410","9304588","80098965","4","0"
"10857","5251190","9304588","80098965","4","0"
"10858","100111","9304588","80098965","4","0"
"10859","100110","9304588","80098965","4","0"
"10860","93290583","9304588","80098965","4","0"
"10861","72161971","9304588","33741103","5","0"
"10862","71690631","9304588","33741103","5","0"
"10863","40911107","9304588","33741103","5","0"
"10864","83057212","9304588","33741103","5","0"
"10865","16286562","9304588","38417452","6","0"
"10866","26263252","9304588","38417452","6","0"
"10867","99215395","9304588","38417452","6","0"
"10868","21888842","9304588","38417452","6","0"
"10869","30361046","9304588","57004617","7","0"
"10870","65824952","9304588","57004617","7","0"
"10871","15853445","9304588","57004617","7","0"
"10872","34286614","9304588","57004617","7","0"
"10873","64209255","9304588","57004617","7","0"
"10874","43318486","9304588","57004617","7","0"
"10875","28374567","9304588","92127505","8","0"
"10876","23299892","9304588","92127505","8","0"
"10877","2248904","9304588","92127505","8","0"
"10878","66969175","9304588","92127505","8","0"
"10879","28164958","9304588","92127505","8","0"
"10880","52924222","9304588","90476956","9","0"
"10881","7811452","9304588","90476956","9","0"
"10882","95508902","9304588","90476956","9","0"
"10883","50158144","9304588","90476956","9","0"
"10884","42218780","9304588","29673695","10","0"
"10885","21214499","9304588","29673695","10","0"
"10886","69620680","9304588","29673695","10","0"
"10887","68171968","9304588","29673695","10","0"
"10888","56240541","9304588","74603081","11","0"
"10889","54987655","9304588","74603081","11","0"
"10890","46743679","9304588","74603081","11","0"
"10891","83471132","9304588","74603081","11","0"
"10892","40863537","9304588","23474192","12","0"
"10893","34094604","9304588","23474192","12","0"
"10894","82057930","9304588","23474192","12","0"
"10895","22379257","9304588","23474192","12","0"
"10896","75356731","9304588","74174186","13","0"
"10897","35352911","9304588","74174186","13","0"
"10898","12795529","9304588","74174186","13","0"
"10899","49787773","9304588","74174186","13","0"
"10900","78820173","9304588","80812925","14","0"
"10901","57154248","9304588","80812925","14","0"
"10902","80272718","9304588","80812925","14","0"
"10903","67888989","9304588","80812925","14","0"
"10904","90933367","9304588","35910270","15","0"
"10905","28768439","9304588","35910270","15","0"
"10906","53551115","9304588","35910270","15","0"
"10907","63127316","9304588","35910270","15","0"
"10908","82362175","9304588","39262660","16","0"
"10909","68160068","9304588","39262660","16","0"
"10910","2601478","9304588","39262660","16","0"
"10911","88743461","9304588","39262660","16","0"
"10912","2747521","9304588","39262660","16","0"
"10913","978157","9304588","39262660","16","0"
"10914","7658402","9304588","58692555","17","0"
"10915","407814","9304588","58692555","17","0"
"10916","20142461","9304588","58692555","17","0"
"10917","86155387","9304588","58692555","17","0"
"10918","13757277","9304588","50693065","18","0"
"10919","95416000","9304588","50693065","18","0"
"10920","92976193","9304588","50693065","18","0"
"10921","19912444","9304588","50693065","18","0"
"10922","22448081","9304588","17296471","19","0"
"10923","54766168","9304588","17296471","19","0"
"10924","68864510","9304588","17296471","19","0"
"10925","49419670","9304588","17296471","19","0"
"10926","99283841","9304588","55674587","20","0"
"10927","2508201","9304588","55674587","20","0"
"10928","49997823","9304588","55674587","20","0"
"10929","5392458","9304588","55674587","20","0"
"10930","85957211","9304588","55674587","20","0"
"10931","98073618","72686373","26090069","1","0"
"10932","95127241","72686373","26090069","1","0"
"10933","95127242","72686373","26090069","1","0"
"10934","98105846","72686373","26090069","1","0"
"10935","84744363","72686373","26090069","1","0"
"10936","33310938","72686373","26090069","1","0"
"10937","30361046","72686373","57004617","2","0"
"10938","25524724","72686373","57004617","2","0"
"10939","65824952","72686373","57004617","2","0"
"10940","15853445","72686373","57004617","2","0"
"10941","64209255","72686373","57004617","2","0"
"10942","43318486","72686373","57004617","2","0"
"10943","45240930","72686373","87679588","3","0"
"10944","28404702","72686373","87679588","3","0"
"10945","23983079","72686373","87679588","3","0"
"10946","15198900","72686373","87679588","3","0"
"10947","52924222","72686373","90476956","4","0"
"10948","7811452","72686373","90476956","4","0"
"10949","50158144","72686373","90476956","4","0"
"10950","95508902","72686373","90476956","4","0"
"10951","77066399","72686373","90476956","4","0"
"10952","100113","72686373","80098965","5","0"
"10953","28918410","72686373","80098965","5","0"
"10954","5251190","72686373","80098965","5","0"
"10955","100111","72686373","80098965","5","0"
"10956","60557330","72686373","80098965","5","0"
"10957","100110","72686373","80098965","5","0"
"10958","16286562","72686373","38417452","6","0"
"10959","26263252","72686373","38417452","6","0"
"10960","99215395","72686373","38417452","6","0"
"10961","21888842","72686373","38417452","6","0"
"10962","34703753","72686373","38417452","6","0"
"10963","72161971","72686373","33741103","7","0"
"10964","40911107","72686373","33741103","7","0"
"10965","71690631","72686373","33741103","7","0"
"10966","83057212","72686373","33741103","7","0"
"10967","80296865","72686373","22762275","8","0"
"10968","37872837","72686373","22762275","8","0"
"10969","75895754","72686373","22762275","8","0"
"10970","8097623","72686373","22762275","8","0"
"10971","42218780","72686373","29673695","9","0"
"10972","21214499","72686373","29673695","9","0"
"10973","69620680","72686373","29673695","9","0"
"10974","68171968","72686373","29673695","9","0"
"10975","40863537","72686373","23474192","10","0"
"10976","40863538","72686373","23474192","10","0"
"10977","82057930","72686373","23474192","10","0"
"10978","56240541","72686373","74603081","11","0"
"10979","54987655","72686373","74603081","11","0"
"10980","91355346","72686373","74603081","11","0"
"10981","33330900","72686373","74603081","11","0"
"10982","30361047","72686373","74603081","11","0"
"10983","22448081","72686373","17296471","12","0"
"10984","68864510","72686373","17296471","12","0"
"10985","49419670","72686373","17296471","12","0"
"10986","51891737","72686373","17296471","12","0"
"10987","28374567","72686373","92127505","13","0"
"10988","2248905","72686373","92127505","13","0"
"10989","2248904","72686373","92127505","13","0"
"10990","66969175","72686373","92127505","13","0"
"10991","28164958","72686373","92127505","13","0"
"10992","82362175","72686373","39262660","14","0"
"10993","88743461","72686373","39262660","14","0"
"10994","2747521","72686373","39262660","14","0"
"10995","978157","72686373","39262660","14","0"
"10996","13757277","72686373","50693065","15","0"
"10997","95416000","72686373","50693065","15","0"
"10998","92976193","72686373","50693065","15","0"
"10999","19912444","72686373","50693065","15","0"
"11000","90933367","72686373","35910270","16","0"
"11001","28768439","72686373","35910270","16","0"
"11002","53551115","72686373","35910270","16","0"
"11003","63127316","72686373","35910270","16","0"
"11004","75356731","72686373","74174186","17","0"
"11005","49787773","72686373","74174186","17","0"
"11006","40863536","72686373","74174186","17","0"
"11007","35352911","72686373","74174186","17","0"
"11008","12795529","72686373","74174186","17","0"
"11009","82504240","72686373","74174186","17","0"
"11010","2508201","72686373","55674587","18","0"
"11011","49997823","72686373","55674587","18","0"
"11012","99283841","72686373","55674587","18","0"
"11013","5392458","72686373","55674587","18","0"
"11014","85957211","72686373","55674587","18","0"
"11015","78820173","72686373","80812925","19","0"
"11016","6918556","72686373","80812925","19","0"
"11017","80272718","72686373","80812925","19","0"
"11018","67888989","72686373","80812925","19","0"
"11019","57154248","72686373","80812925","19","0"
"11020","7658402","72686373","58692555","20","0"
"11021","407814","72686373","58692555","20","0"
"11022","20142461","72686373","58692555","20","0"
"11023","86155387","72686373","58692555","20","0"
"11024","60153375","35162940","59952554","1","0"
"11025","24307135","35162940","59952554","1","0"
"11026","60557330","35162940","59952554","1","0"
"11027","35452913","35162940","59952554","1","0"
"11028","16159472","35162940","49746069","2","0"
"11029","65089759","35162940","49746069","2","0"
"11030","11120520","35162940","49746069","2","0"
"11031","11795008","35162940","49746069","2","0"
"11032","62687687","35162940","71024784","3","0"
"11033","94801578","35162940","71024784","3","0"
"11034","99733046","35162940","71024784","3","0"
"11035","87762857","35162940","71024784","3","0"
"11036","64982746","35162940","71024784","3","0"
"11037","56799050","35162940","77473926","4","0"
"11038","26079844","35162940","77473926","4","0"
"11039","92539064","35162940","77473926","4","0"
"11040","69076610","35162940","77473926","4","0"
"11041","52648875","35162940","77473926","4","0"
"11042","93841623","35162940","18767554","5","0"
"11043","44703992","35162940","18767554","5","0"
"11044","43098518","35162940","18767554","5","0"
"11045","36451684","35162940","18767554","5","0"
"11046","80560727","35162940","53442767","6","0"
"11047","16386823","35162940","53442767","6","0"
"11048","49449500","35162940","53442767","6","0"
"11049","21737312","35162940","53442767","6","0"
"11050","8649496","35162940","53442767","6","0"
"11051","67898103","35162940","53442767","6","0"
"11052","21665175","35162940","91072341","7","0"
"11053","61999083","35162940","91072341","7","0"
"11054","67917096","35162940","91072341","7","0"
"11055","55877890","35162940","91072341","7","0"
"11056","38863535","35162940","73113253","8","0"
"11057","100102","35162940","73113253","8","0"
"11058","45466641","35162940","73113253","8","0"
"11059","73821741","35162940","73113253","8","0"
"11060","86467729","35162940","59287240","9","0"
"11061","1644879","35162940","59287240","9","0"
"11062","278144","35162940","59287240","9","0"
"11063","6883088","35162940","59287240","9","0"
"11064","69817650","35162940","59287240","9","0"
"11065","71589137","35162940","31561187","10","0"
"11066","88404478","35162940","31561187","10","0"
"11067","86014501","35162940","31561187","10","0"
"11068","13647562","35162940","31561187","10","0"
"11069","83892341","35162940","31561187","10","0"
"11070","65426102","35162940","31561187","10","0"
"11071","64580098","35162940","77440855","11","0"
"11072","85144544","35162940","77440855","11","0"
"11073","68991758","35162940","77440855","11","0"
"11074","73294576","35162940","77440855","11","0"
"11075","70877071","35162940","77440855","11","0"
"11076","47499738","35162940","21267167","12","0"
"11077","24283626","35162940","21267167","12","0"
"11078","15897980","35162940","21267167","12","0"
"11079","30759449","35162940","21267167","12","0"
"11080","4400026","35162940","90735668","13","0"
"11081","51135775","35162940","90735668","13","0"
"11082","15521977","35162940","90735668","13","0"
"11083","37259599","35162940","90735668","13","0"
"11084","92713058","35162940","31990349","14","0"
"11085","78724856","35162940","31990349","14","0"
"11086","56072477","35162940","31990349","14","0"
"11087","47097531","35162940","31990349","14","0"
"11088","42113934","35162940","31990349","14","0"
"11089","55887803","35162940","53387446","15","0"
"11090","95508898","35162940","53387446","15","0"
"11091","24449860","35162940","53387446","15","0"
"11092","64567908","35162940","53387446","15","0"
"11093","61838003","35162940","38075179","16","0"
"11094","80759556","35162940","38075179","16","0"
"11095","11582532","35162940","38075179","16","0"
"11096","22978926","35162940","38075179","16","0"
"11097","50933544","35162940","95701656","17","0"
"11098","33305205","35162940","95701656","17","0"
"11099","21913805","35162940","95701656","17","0"
"11100","46299874","35162940","95701656","17","0"
"11101","100130","35162940","95701656","17","0"
"11102","81240063","35162940","97015711","18","0"
"11103","48204045","35162940","97015711","18","0"
"11104","38692380","35162940","97015711","18","0"
"11105","8499409","35162940","97015711","18","0"
"11106","96729503","35162940","37537849","19","0"
"11107","26859950","35162940","37537849","19","0"
"11108","98317800","35162940","37537849","19","0"
"11109","21036330","35162940","37537849","19","0"
"11110","55567527","35162940","74220210","20","0"
"11111","55567528","35162940","74220210","20","0"
"11112","45152374","35162940","74220210","20","0"
"11113","45152375","35162940","74220210","20","0"
