"ID_miejsca","ID_wyscigu","ID_wariantu_klubu","Zajete_miejsce","Kary","Numer_lodki"
"25199","95158478","57461405","1.00","0","0"
"25200","10164333","57461405","2.00","0","0"
"25201","78792350","57461405","7.00","0","0"
"25202","49488836","57461405","2.00","0","0"
"25203","94400432","57461405","2.00","0","0"
"25204","20315379","57461405","7.00","0","0"
"25205","20611740","57461405","1.00","0","0"
"25206","28917660","57461405","1.00","0","0"
"25207","58678967","57461405","7.00","0","0"
"25208","93262944","57461405","1.00","0","0"
"25209","22344339","57461405","1.00","0","0"
"25210","93613839","57461405","7.00","0","0"
"25211","96367843","57461405","1.00","0","0"
"25212","82324271","57461405","1.00","0","0"
"25213","11928401","57461405","7.00","0","0"
"25214","27396304","57461405","1.00","0","0"
"25215","74331278","57461405","2.00","0","0"
"25216","47409268","57461405","7.00","0","0"
"25217","95158478","77473926","7.00","0","0"
"25218","10164333","77473926","1.00","0","0"
"25219","78792350","77473926","1.00","0","0"
"25220","49488836","77473926","1.00","0","0"
"25221","94400432","77473926","1.00","0","0"
"25222","20315379","77473926","7.00","0","0"
"25223","20611740","77473926","2.00","0","0"
"25224","28917660","77473926","7.00","0","0"
"25225","58678967","77473926","1.00","0","0"
"25226","93262944","77473926","7.00","0","0"
"25227","22344339","77473926","5.00","0","0"
"25228","93613839","77473926","1.00","0","0"
"25229","96367843","77473926","3.00","0","0"
"25230","82324271","77473926","2.00","0","0"
"25231","11928401","77473926","7.00","0","0"
"25232","27396304","77473926","3.00","0","0"
"25233","74331278","77473926","7.00","0","0"
"25234","47409268","77473926","7.00","1","0"
"25235","95158478","64830853","5.00","0","0"
"25236","10164333","64830853","7.00","0","0"
"25237","78792350","64830853","3.00","0","0"
"25238","49488836","64830853","3.00","0","0"
"25239","94400432","64830853","3.00","0","0"
"25240","20315379","64830853","7.00","0","0"
"25241","20611740","64830853","7.00","0","0"
"25242","28917660","64830853","2.00","0","0"
"25243","58678967","64830853","4.00","0","0"
"25244","93262944","64830853","4.00","0","0"
"25245","22344339","64830853","7.00","0","0"
"25246","93613839","64830853","2.00","0","0"
"25247","96367843","64830853","2.00","0","0"
"25248","82324271","64830853","5.00","0","0"
"25249","11928401","64830853","7.00","0","0"
"25250","27396304","64830853","7.00","0","0"
"25251","74331278","64830853","1.00","0","0"
"25252","47409268","64830853","3.00","0","0"
"25253","95158478","66803490","2.00","0","0"
"25254","10164333","66803490","7.00","0","0"
"25255","78792350","66803490","4.00","0","0"
"25256","49488836","66803490","5.00","0","0"
"25257","94400432","66803490","7.00","0","0"
"25258","20315379","66803490","1.00","0","0"
"25259","20611740","66803490","7.00","0","0"
"25260","28917660","66803490","3.00","0","0"
"25261","58678967","66803490","2.00","0","0"
"25262","93262944","66803490","5.00","0","0"
"25263","22344339","66803490","7.00","0","0"
"25264","93613839","66803490","4.00","0","0"
"25265","96367843","66803490","5.00","0","0"
"25266","82324271","66803490","7.00","0","0"
"25267","11928401","66803490","1.00","0","0"
"25268","27396304","66803490","7.00","0","0"
"25269","74331278","66803490","5.00","0","0"
"25270","47409268","66803490","1.00","0","0"
"25271","95158478","20708529","4.00","0","0"
"25272","10164333","20708529","7.00","0","0"
"25273","78792350","20708529","2.00","0","0"
"25274","49488836","20708529","7.00","0","0"
"25275","94400432","20708529","7.00","1","0"
"25276","20315379","20708529","2.00","0","0"
"25277","20611740","20708529","7.00","0","0"
"25278","28917660","20708529","4.00","0","0"
"25279","58678967","20708529","5.00","0","0"
"25280","93262944","20708529","3.00","0","0"
"25281","22344339","20708529","7.00","0","0"
"25282","93613839","20708529","6.00","0","0"
"25283","96367843","20708529","7.00","0","0"
"25284","82324271","20708529","3.00","0","0"
"25285","11928401","20708529","2.00","0","0"
"25286","27396304","20708529","7.00","0","0"
"25287","74331278","20708529","3.00","0","0"
"25288","47409268","20708529","5.00","0","0"
"25289","95158478","97519162","7.00","0","0"
"25290","10164333","97519162","4.00","0","0"
"25291","78792350","97519162","5.00","0","0"
"25292","49488836","97519162","4.00","0","0"
"25293","94400432","97519162","7.00","0","0"
"25294","20315379","97519162","4.00","0","0"
"25295","20611740","97519162","3.00","0","0"
"25296","28917660","97519162","7.00","0","0"
"25297","58678967","97519162","6.00","0","0"
"25298","93262944","97519162","7.00","0","0"
"25299","22344339","97519162","3.00","0","0"
"25300","93613839","97519162","3.00","0","0"
"25301","96367843","97519162","7.00","1","0"
"25302","82324271","97519162","7.00","0","0"
"25303","11928401","97519162","4.00","0","0"
"25304","27396304","97519162","2.00","0","0"
"25305","74331278","97519162","7.00","0","0"
"25306","47409268","97519162","2.00","0","0"
"25307","95158478","68504006","3.00","0","0"
"25308","10164333","68504006","3.00","0","0"
"25309","78792350","68504006","7.00","0","0"
"25310","49488836","68504006","6.00","0","0"
"25311","94400432","68504006","7.00","0","0"
"25312","20315379","68504006","3.00","0","0"
"25313","20611740","68504006","4.00","0","0"
"25314","28917660","68504006","6.00","0","0"
"25315","58678967","68504006","7.00","0","0"
"25316","93262944","68504006","2.00","0","0"
"25317","22344339","68504006","4.00","0","0"
"25318","93613839","68504006","7.00","0","0"
"25319","96367843","68504006","4.00","0","0"
"25320","82324271","68504006","7.00","0","0"
"25321","11928401","68504006","3.00","0","0"
"25322","27396304","68504006","4.00","0","0"
"25323","74331278","68504006","7.00","1","0"
"25324","47409268","68504006","7.00","0","0"
"25325","95158478","96517047","7.00","0","0"
"25326","10164333","96517047","5.00","0","0"
"25327","78792350","96517047","6.00","0","0"
"25328","49488836","96517047","7.00","0","0"
"25329","94400432","96517047","5.00","0","0"
"25330","20315379","96517047","5.00","0","0"
"25331","20611740","96517047","7.00","1","0"
"25332","28917660","96517047","7.00","0","0"
"25333","58678967","96517047","3.00","0","0"
"25334","93262944","96517047","7.00","0","0"
"25335","22344339","96517047","2.00","0","0"
"25336","93613839","96517047","5.00","0","0"
"25337","96367843","96517047","7.00","0","0"
"25338","82324271","96517047","7.00","1","0"
"25339","11928401","96517047","6.00","0","0"
"25340","27396304","96517047","5.00","0","0"
"25341","74331278","96517047","7.00","0","0"
"25342","47409268","96517047","4.00","0","0"
"25343","95158478","15248730","6.00","0","0"
"25344","10164333","15248730","6.00","0","0"
"25345","78792350","15248730","7.00","0","0"
"25346","49488836","15248730","7.00","0","0"
"25347","94400432","15248730","4.00","0","0"
"25348","20315379","15248730","6.00","0","0"
"25349","20611740","15248730","5.00","0","0"
"25350","28917660","15248730","5.00","0","0"
"25351","58678967","15248730","7.00","0","0"
"25352","93262944","15248730","6.00","0","0"
"25353","22344339","15248730","6.00","0","0"
"25354","93613839","15248730","7.00","0","0"
"25355","96367843","15248730","7.00","0","0"
"25356","82324271","15248730","4.00","0","0"
"25357","11928401","15248730","5.00","0","0"
"25358","27396304","15248730","6.00","0","0"
"25359","74331278","15248730","4.00","0","0"
"25360","47409268","15248730","7.00","0","0"
"25361","63913808","57461405","7.00","0","0"
"25362","98881818","57461405","1.00","0","0"
"25363","31217293","57461405","2.00","0","0"
"25364","43450607","57461405","2.00","0","0"
"25365","81011921","57461405","2.00","0","0"
"25366","76586715","57461405","7.00","0","0"
"25367","69525636","57461405","2.00","0","0"
"25368","57926344","57461405","7.00","0","0"
"25369","68770420","57461405","1.00","0","0"
"25370","42095056","57461405","7.00","0","0"
"25371","40593295","57461405","3.00","0","0"
"25372","78669143","57461405","1.00","0","0"
"25373","63913808","66803490","2.00","0","0"
"25374","98881818","66803490","2.00","0","0"
"25375","31217293","66803490","7.00","0","0"
"25376","43450607","66803490","7.00","0","0"
"25377","81011921","66803490","4.00","0","0"
"25378","76586715","66803490","2.00","0","0"
"25379","69525636","66803490","1.00","0","0"
"25380","57926344","66803490","1.00","0","0"
"25381","68770420","66803490","7.00","0","0"
"25382","42095056","66803490","4.00","0","0"
"25383","40593295","66803490","1.00","0","0"
"25384","78669143","66803490","7.00","0","0"
"25385","63913808","77473926","1.00","0","0"
"25386","98881818","77473926","3.00","0","0"
"25387","31217293","77473926","7.00","0","0"
"25388","43450607","77473926","1.00","0","0"
"25389","81011921","77473926","7.00","0","0"
"25390","76586715","77473926","1.00","0","0"
"25391","69525636","77473926","3.00","0","0"
"25392","57926344","77473926","2.00","0","0"
"25393","68770420","77473926","7.00","0","0"
"25394","42095056","77473926","1.00","0","0"
"25395","40593295","77473926","6.00","0","0"
"25396","78669143","77473926","7.00","0","0"
"25397","63913808","64830853","3.00","0","0"
"25398","98881818","64830853","7.00","0","0"
"25399","31217293","64830853","4.00","0","0"
"25400","43450607","64830853","7.00","0","0"
"25401","81011921","64830853","1.00","0","0"
"25402","76586715","64830853","3.00","0","0"
"25403","69525636","64830853","7.00","0","0"
"25404","57926344","64830853","6.00","0","0"
"25405","68770420","64830853","5.00","0","0"
"25406","42095056","64830853","6.00","0","0"
"25407","40593295","64830853","7.00","0","0"
"25408","78669143","64830853","3.00","0","0"
"25409","63913808","20708529","7.00","0","0"
"25410","98881818","20708529","4.00","0","0"
"25411","31217293","20708529","1.00","0","0"
"25412","43450607","20708529","4.00","0","0"
"25413","81011921","20708529","7.00","0","0"
"25414","76586715","20708529","4.00","0","0"
"25415","69525636","20708529","4.00","0","0"
"25416","57926344","20708529","7.00","0","0"
"25417","68770420","20708529","4.00","0","0"
"25418","42095056","20708529","7.00","0","0"
"25419","40593295","20708529","5.00","0","0"
"25420","78669143","20708529","5.00","0","0"
"25421","63913808","68504006","7.00","0","0"
"25422","98881818","68504006","6.00","0","0"
"25423","31217293","68504006","6.00","0","0"
"25424","43450607","68504006","7.00","0","0"
"25425","81011921","68504006","3.00","0","0"
"25426","76586715","68504006","5.00","0","0"
"25427","69525636","68504006","6.00","0","0"
"25428","57926344","68504006","7.00","0","0"
"25429","68770420","68504006","2.00","0","0"
"25430","42095056","68504006","7.00","0","0"
"25431","40593295","68504006","2.00","0","0"
"25432","78669143","68504006","2.00","0","0"
"25433","63913808","96517047","5.00","0","0"
"25434","98881818","96517047","5.00","0","0"
"25435","31217293","96517047","7.00","0","0"
"25436","43450607","96517047","3.00","0","0"
"25437","81011921","96517047","6.00","0","0"
"25438","76586715","96517047","7.00","0","0"
"25439","69525636","96517047","5.00","0","0"
"25440","57926344","96517047","4.00","0","0"
"25441","68770420","96517047","7.00","0","0"
"25442","42095056","96517047","2.00","0","0"
"25443","40593295","96517047","4.00","0","0"
"25444","78669143","96517047","7.00","0","0"
"25445","63913808","97519162","4.00","0","0"
"25446","98881818","97519162","7.00","0","0"
"25447","31217293","97519162","5.00","0","0"
"25448","43450607","97519162","5.00","0","0"
"25449","81011921","97519162","5.00","0","0"
"25450","76586715","97519162","7.00","0","0"
"25451","69525636","97519162","7.00","0","0"
"25452","57926344","97519162","5.00","0","0"
"25453","68770420","97519162","3.00","0","0"
"25454","42095056","97519162","3.00","0","0"
"25455","40593295","97519162","7.00","0","0"
"25456","78669143","97519162","4.00","0","0"
"25457","63913808","15248730","6.00","0","0"
"25458","98881818","15248730","7.00","0","0"
"25459","31217293","15248730","3.00","0","0"
"25460","43450607","15248730","6.00","0","0"
"25461","81011921","15248730","7.00","0","0"
"25462","76586715","15248730","6.00","0","0"
"25463","69525636","15248730","7.00","0","0"
"25464","57926344","15248730","3.00","0","0"
"25465","68770420","15248730","7.00","1","0"
"25466","42095056","15248730","5.00","0","0"
"25467","40593295","15248730","7.00","0","0"
"25468","78669143","15248730","6.00","0","0"
"25469","56917135","57461405","2.00","0","0"
"25470","19287685","57461405","7.00","0","0"
"25471","97616046","57461405","1.00","0","0"
"25472","61372341","57461405","7.00","0","0"
"25473","40645410","57461405","5.00","0","0"
"25474","54004647","57461405","1.00","0","0"
"25475","56011172","57461405","7.00","0","0"
"25476","11097575","57461405","1.00","0","0"
"25477","15601875","57461405","2.00","0","0"
"25478","75578697","57461405","1.00","0","0"
"25479","73738621","57461405","7.00","0","0"
"25480","26615959","57461405","1.00","0","0"
"25481","30551147","57461405","7.00","0","0"
"25482","92635854","57461405","1.00","0","0"
"25483","44757489","57461405","4.00","0","0"
"25484","56917135","64830853","1.00","0","0"
"25485","19287685","64830853","1.00","0","0"
"25486","97616046","64830853","7.00","0","0"
"25487","61372341","64830853","3.00","0","0"
"25488","40645410","64830853","1.00","0","0"
"25489","54004647","64830853","7.00","0","0"
"25490","56011172","64830853","3.00","0","0"
"25491","11097575","64830853","4.00","0","0"
"25492","15601875","64830853","7.00","0","0"
"25493","75578697","64830853","2.00","0","0"
"25494","73738621","64830853","2.00","0","0"
"25495","26615959","64830853","7.00","0","0"
"25496","30551147","64830853","1.00","0","0"
"25497","92635854","64830853","2.00","0","0"
"25498","44757489","64830853","7.00","0","0"
"25499","56917135","66803490","7.00","0","0"
"25500","19287685","66803490","2.00","0","0"
"25501","97616046","66803490","2.00","0","0"
"25502","61372341","66803490","7.00","0","0"
"25503","40645410","66803490","2.00","0","0"
"25504","54004647","66803490","2.00","0","0"
"25505","56011172","66803490","1.00","0","0"
"25506","11097575","66803490","7.00","0","0"
"25507","15601875","66803490","3.00","0","0"
"25508","75578697","66803490","7.00","0","0"
"25509","73738621","66803490","3.00","0","0"
"25510","26615959","66803490","3.00","0","0"
"25511","30551147","66803490","7.00","0","0"
"25512","92635854","66803490","5.00","0","0"
"25513","44757489","66803490","3.00","0","0"
"25514","56917135","97519162","4.00","0","0"
"25515","19287685","97519162","7.00","0","0"
"25516","97616046","97519162","3.00","0","0"
"25517","61372341","97519162","2.00","0","0"
"25518","40645410","97519162","7.00","0","0"
"25519","54004647","97519162","5.00","0","0"
"25520","56011172","97519162","7.00","0","0"
"25521","11097575","97519162","3.00","0","0"
"25522","15601875","97519162","1.00","0","0"
"25523","75578697","97519162","4.00","0","0"
"25524","73738621","97519162","7.00","0","0"
"25525","26615959","97519162","2.00","0","0"
"25526","30551147","97519162","2.00","0","0"
"25527","92635854","97519162","7.00","0","0"
"25528","44757489","97519162","1.00","0","0"
"25529","56917135","77473926","3.00","0","0"
"25530","19287685","77473926","3.00","0","0"
"25531","97616046","77473926","7.00","0","0"
"25532","61372341","77473926","7.00","0","0"
"25533","40645410","77473926","4.00","0","0"
"25534","54004647","77473926","4.00","0","0"
"25535","56011172","77473926","5.00","0","0"
"25536","11097575","77473926","2.00","0","0"
"25537","15601875","77473926","7.00","0","0"
"25538","75578697","77473926","3.00","0","0"
"25539","73738621","77473926","5.00","0","0"
"25540","26615959","77473926","7.00","0","0"
"25541","30551147","77473926","7.00","0","0"
"25542","92635854","77473926","3.00","0","0"
"25543","44757489","77473926","2.00","0","0"
"25544","56917135","20708529","5.00","0","0"
"25545","19287685","20708529","4.00","0","0"
"25546","97616046","20708529","7.00","0","0"
"25547","61372341","20708529","4.00","0","0"
"25548","40645410","20708529","7.00","0","0"
"25549","54004647","20708529","6.00","0","0"
"25550","56011172","20708529","4.00","0","0"
"25551","11097575","20708529","6.00","0","0"
"25552","15601875","20708529","7.00","0","0"
"25553","75578697","20708529","5.00","0","0"
"25554","73738621","20708529","1.00","0","0"
"25555","26615959","20708529","7.00","0","0"
"25556","30551147","20708529","4.00","0","0"
"25557","92635854","20708529","7.00","0","0"
"25558","44757489","20708529","5.00","0","0"
"25559","56917135","68504006","6.00","0","0"
"25560","19287685","68504006","7.00","0","0"
"25561","97616046","68504006","5.00","0","0"
"25562","61372341","68504006","5.00","0","0"
"25563","40645410","68504006","3.00","0","0"
"25564","54004647","68504006","7.00","0","0"
"25565","56011172","68504006","7.00","0","0"
"25566","11097575","68504006","5.00","0","0"
"25567","15601875","68504006","4.00","0","0"
"25568","75578697","68504006","6.00","0","0"
"25569","73738621","68504006","7.00","0","0"
"25570","26615959","68504006","4.00","0","0"
"25571","30551147","68504006","6.00","0","0"
"25572","92635854","68504006","4.00","0","0"
"25573","44757489","68504006","7.00","0","0"
"25574","56917135","15248730","7.00","0","0"
"25575","19287685","15248730","5.00","0","0"
"25576","97616046","15248730","6.00","0","0"
"25577","61372341","15248730","1.00","0","0"
"25578","40645410","15248730","6.00","0","0"
"25579","54004647","15248730","7.00","0","0"
"25580","56011172","15248730","6.00","0","0"
"25581","11097575","15248730","7.00","0","0"
"25582","15601875","15248730","7.00","1","0"
"25583","75578697","15248730","7.00","0","0"
"25584","73738621","15248730","4.00","0","0"
"25585","26615959","15248730","5.00","0","0"
"25586","30551147","15248730","3.00","0","0"
"25587","92635854","15248730","6.00","0","0"
"25588","44757489","15248730","7.00","0","0"
"25589","56917135","96517047","7.00","0","0"
"25590","19287685","96517047","6.00","0","0"
"25591","97616046","96517047","4.00","0","0"
"25592","61372341","96517047","7.00","1","0"
"25593","40645410","96517047","7.00","0","0"
"25594","54004647","96517047","3.00","0","0"
"25595","56011172","96517047","2.00","0","0"
"25596","11097575","96517047","7.00","0","0"
"25597","15601875","96517047","5.00","0","0"
"25598","75578697","96517047","7.00","0","0"
"25599","73738621","96517047","6.00","0","0"
"25600","26615959","96517047","7.00","1","0"
"25601","30551147","96517047","5.00","0","0"
"25602","92635854","96517047","7.00","0","0"
"25603","44757489","96517047","6.00","0","0"
"25604","15189074","77473926","6.00","0","0"
"25605","91048939","77473926","1.00","0","0"
"25606","68998214","77473926","1.00","0","0"
"25607","87895614","77473926","5.00","0","0"
"25608","47551998","77473926","6.00","0","0"
"25609","9948115","77473926","1.00","0","0"
"25610","15189074","57461405","2.00","0","0"
"25611","91048939","57461405","6.00","0","0"
"25612","68998214","57461405","4.00","0","0"
"25613","87895614","57461405","1.00","0","0"
"25614","47551998","57461405","1.00","0","0"
"25615","9948115","57461405","6.00","0","0"
"25616","15189074","68504006","6.00","0","0"
"25617","91048939","68504006","2.00","0","0"
"25618","68998214","68504006","2.00","0","0"
"25619","87895614","68504006","6.00","0","0"
"25620","47551998","68504006","4.00","0","0"
"25621","9948115","68504006","3.00","0","0"
"25622","15189074","64830853","4.00","0","0"
"25623","91048939","64830853","6.00","0","0"
"25624","68998214","64830853","3.00","0","0"
"25625","87895614","64830853","3.00","0","0"
"25626","47551998","64830853","6.00","0","0"
"25627","9948115","64830853","2.00","0","0"
"25628","15189074","97519162","6.00","0","0"
"25629","91048939","97519162","3.00","0","0"
"25630","68998214","97519162","5.00","0","0"
"25631","87895614","97519162","2.00","0","0"
"25632","47551998","97519162","5.00","0","0"
"25633","9948115","97519162","6.00","0","0"
"25634","15189074","66803490","3.00","0","0"
"25635","91048939","66803490","6.00","0","0"
"25636","68998214","66803490","6.00","0","0"
"25637","87895614","66803490","6.00","0","0"
"25638","47551998","66803490","3.00","0","0"
"25639","9948115","66803490","4.00","0","0"
"25640","15189074","20708529","6.00","0","0"
"25641","91048939","20708529","5.00","0","0"
"25642","68998214","20708529","6.00","0","0"
"25643","87895614","20708529","4.00","0","0"
"25644","47551998","20708529","2.00","0","0"
"25645","9948115","20708529","6.00","0","0"
"25646","15189074","15248730","1.00","0","0"
"25647","91048939","15248730","6.00","0","0"
"25648","68998214","15248730","6.00","0","0"
"25649","87895614","15248730","6.00","0","0"
"25650","47551998","15248730","6.00","0","0"
"25651","9948115","15248730","5.00","0","0"
"25652","15189074","96517047","5.00","0","0"
"25653","91048939","96517047","4.00","0","0"
"25654","68998214","96517047","6.00","0","0"
"25655","87895614","96517047","6.00","0","0"
"25656","47551998","96517047","6.00","0","0"
"25657","9948115","96517047","6.00","0","0"
"25658","34008829","32679058","4.00","0","0"
"25659","53676151","32679058","1.00","0","0"
"25660","89653193","32679058","2.00","0","0"
"25661","84638398","32679058","5.00","0","0"
"25662","82493915","32679058","1.00","0","0"
"25663","41515994","32679058","2.00","0","0"
"25664","47056985","32679058","3.00","0","0"
"25665","96788606","32679058","1.00","0","0"
"25666","34027180","32679058","1.00","0","0"
"25667","5299689","32679058","4.00","0","0"
"25668","50703394","32679058","3.00","0","0"
"25669","19892586","32679058","3.00","0","0"
"25670","91321258","32679058","2.00","0","0"
"25671","59786661","32679058","1.00","0","0"
"25672","81953777","32679058","1.00","0","0"
"25673","34008829","5394163","2.00","0","0"
"25674","53676151","5394163","2.00","0","0"
"25675","89653193","5394163","3.00","0","0"
"25676","84638398","5394163","3.00","0","0"
"25677","82493915","5394163","3.00","0","0"
"25678","41515994","5394163","3.00","0","0"
"25679","47056985","5394163","1.00","0","0"
"25680","96788606","5394163","1.00","0","0"
"25681","34027180","5394163","5.00","0","0"
"25682","5299689","5394163","4.00","0","0"
"25683","50703394","5394163","1.00","0","0"
"25684","19892586","5394163","2.00","0","0"
"25685","91321258","5394163","1.00","0","0"
"25686","59786661","5394163","7.00","1","0"
"25687","81953777","5394163","3.00","0","0"
"25688","34008829","35887754","1.00","0","0"
"25689","53676151","35887754","5.00","0","0"
"25690","89653193","35887754","5.00","0","0"
"25691","84638398","35887754","3.00","0","0"
"25692","82493915","35887754","2.00","0","0"
"25693","41515994","35887754","2.00","0","0"
"25694","47056985","35887754","2.00","0","0"
"25695","96788606","35887754","2.00","0","0"
"25696","34027180","35887754","1.00","0","0"
"25697","5299689","35887754","3.00","0","0"
"25698","50703394","35887754","4.00","0","0"
"25699","19892586","35887754","1.00","0","0"
"25700","91321258","35887754","2.00","0","0"
"25701","59786661","35887754","5.00","0","0"
"25702","81953777","35887754","3.00","0","0"
"25703","34008829","97519162","2.00","0","0"
"25704","53676151","97519162","3.00","0","0"
"25705","89653193","97519162","1.00","0","0"
"25706","84638398","97519162","1.00","0","0"
"25707","82493915","97519162","2.00","0","0"
"25708","41515994","97519162","1.00","0","0"
"25709","47056985","97519162","2.00","0","0"
"25710","96788606","97519162","4.00","0","0"
"25711","34027180","97519162","6.00","0","0"
"25712","5299689","97519162","5.00","0","0"
"25713","50703394","97519162","2.00","0","0"
"25714","19892586","97519162","3.00","0","0"
"25715","91321258","97519162","6.00","0","0"
"25716","59786661","97519162","2.00","0","0"
"25717","81953777","97519162","2.00","0","0"
"25718","34008829","3343985","3.00","0","0"
"25719","53676151","3343985","2.00","0","0"
"25720","89653193","3343985","4.00","0","0"
"25721","84638398","3343985","1.00","0","0"
"25722","82493915","3343985","3.00","0","0"
"25723","41515994","3343985","5.00","0","0"
"25724","47056985","3343985","1.00","0","0"
"25725","96788606","3343985","3.00","0","0"
"25726","34027180","3343985","3.00","0","0"
"25727","5299689","3343985","1.00","0","0"
"25728","50703394","3343985","1.00","0","0"
"25729","19892586","3343985","4.00","0","0"
"25730","91321258","3343985","7.00","1","0"
"25731","59786661","3343985","1.00","0","0"
"25732","81953777","3343985","4.00","0","0"
"25733","34008829","20708529","4.00","0","0"
"25734","53676151","20708529","4.00","0","0"
"25735","89653193","20708529","1.00","0","0"
"25736","84638398","20708529","2.00","0","0"
"25737","82493915","20708529","4.00","0","0"
"25738","41515994","20708529","3.00","0","0"
"25739","47056985","20708529","5.00","0","0"
"25740","96788606","20708529","4.00","0","0"
"25741","34027180","20708529","3.00","0","0"
"25742","5299689","20708529","2.00","0","0"
"25743","50703394","20708529","5.00","0","0"
"25744","19892586","20708529","1.00","0","0"
"25745","91321258","20708529","4.00","0","0"
"25746","59786661","20708529","7.00","1","0"
"25747","81953777","20708529","2.00","0","0"
"25748","34008829","38352842","7.00","1","0"
"25749","53676151","38352842","5.00","0","0"
"25750","89653193","38352842","4.00","0","0"
"25751","84638398","38352842","2.00","0","0"
"25752","82493915","38352842","1.00","0","0"
"25753","41515994","38352842","4.00","0","0"
"25754","47056985","38352842","6.00","0","0"
"25755","96788606","38352842","3.00","0","0"
"25756","34027180","38352842","2.00","0","0"
"25757","5299689","38352842","6.00","0","0"
"25758","50703394","38352842","2.00","0","0"
"25759","19892586","38352842","2.00","0","0"
"25760","91321258","38352842","1.00","0","0"
"25761","59786661","38352842","7.00","1","0"
"25762","81953777","38352842","6.00","0","0"
"25763","34008829","28130866","5.00","0","0"
"25764","53676151","28130866","1.00","0","0"
"25765","89653193","28130866","3.00","0","0"
"25766","84638398","28130866","6.00","0","0"
"25767","82493915","28130866","6.00","0","0"
"25768","41515994","28130866","6.00","0","0"
"25769","47056985","28130866","4.00","0","0"
"25770","96788606","28130866","5.00","0","0"
"25771","34027180","28130866","4.00","0","0"
"25772","5299689","28130866","1.00","0","0"
"25773","50703394","28130866","5.00","0","0"
"25774","19892586","28130866","4.00","0","0"
"25775","91321258","28130866","3.00","0","0"
"25776","59786661","28130866","4.00","0","0"
"25777","81953777","28130866","1.00","0","0"
"25778","34008829","23372296","1.00","0","0"
"25779","53676151","23372296","4.00","0","0"
"25780","89653193","23372296","6.00","0","0"
"25781","84638398","23372296","7.00","1","0"
"25782","82493915","23372296","5.00","0","0"
"25783","41515994","23372296","4.00","0","0"
"25784","47056985","23372296","4.00","0","0"
"25785","96788606","23372296","2.00","0","0"
"25786","34027180","23372296","7.00","1","0"
"25787","5299689","23372296","2.00","0","0"
"25788","50703394","23372296","4.00","0","0"
"25789","19892586","23372296","5.00","0","0"
"25790","91321258","23372296","3.00","0","0"
"25791","59786661","23372296","3.00","0","0"
"25792","81953777","23372296","4.00","0","0"
"25793","34008829","15248730","3.00","0","0"
"25794","53676151","15248730","3.00","0","0"
"25795","89653193","15248730","2.00","0","0"
"25796","84638398","15248730","5.00","0","0"
"25797","82493915","15248730","4.00","0","0"
"25798","41515994","15248730","5.00","0","0"
"25799","47056985","15248730","6.00","0","0"
"25800","96788606","15248730","6.00","0","0"
"25801","34027180","15248730","5.00","0","0"
"25802","5299689","15248730","5.00","0","0"
"25803","50703394","15248730","3.00","0","0"
"25804","19892586","15248730","5.00","0","0"
"25805","91321258","15248730","4.00","0","0"
"25806","59786661","15248730","2.00","0","0"
"25807","81953777","15248730","5.00","0","0"
"25808","34008829","23628341","7.00","1","0"
"25809","53676151","23628341","7.00","1","0"
"25810","89653193","23628341","5.00","0","0"
"25811","84638398","23628341","4.00","0","0"
"25812","82493915","23628341","6.00","0","0"
"25813","41515994","23628341","6.00","0","0"
"25814","47056985","23628341","3.00","0","0"
"25815","96788606","23628341","6.00","0","0"
"25816","34027180","23628341","2.00","0","0"
"25817","5299689","23628341","3.00","0","0"
"25818","50703394","23628341","6.00","0","0"
"25819","19892586","23628341","6.00","0","0"
"25820","91321258","23628341","5.00","0","0"
"25821","59786661","23628341","3.00","0","0"
"25822","81953777","23628341","5.00","0","0"
"25823","34008829","96517047","6.00","0","0"
"25824","53676151","96517047","6.00","0","0"
"25825","89653193","96517047","6.00","0","0"
"25826","84638398","96517047","4.00","0","0"
"25827","82493915","96517047","5.00","0","0"
"25828","41515994","96517047","1.00","0","0"
"25829","47056985","96517047","5.00","0","0"
"25830","96788606","96517047","5.00","0","0"
"25831","34027180","96517047","4.00","0","0"
"25832","5299689","96517047","6.00","0","0"
"25833","50703394","96517047","6.00","0","0"
"25834","19892586","96517047","6.00","0","0"
"25835","91321258","96517047","5.00","0","0"
"25836","59786661","96517047","6.00","0","0"
"25837","81953777","96517047","6.00","0","0"
"25838","11268875","35887754","3.00","0","0"
"25839","80635105","35887754","2.00","0","0"
"25840","82794258","35887754","1.00","0","0"
"25841","84029861","35887754","1.00","0","0"
"25842","66368510","35887754","2.00","0","0"
"25843","11268875","32679058","1.00","0","0"
"25844","80635105","32679058","3.00","0","0"
"25845","82794258","32679058","4.00","0","0"
"25846","84029861","32679058","2.00","0","0"
"25847","66368510","32679058","1.00","0","0"
"25848","11268875","23628341","3.00","0","0"
"25849","80635105","23628341","5.00","0","0"
"25850","82794258","23628341","2.00","0","0"
"25851","84029861","23628341","1.00","0","0"
"25852","66368510","23628341","1.00","0","0"
"25853","11268875","5394163","6.00","0","0"
"25854","80635105","5394163","1.00","0","0"
"25855","82794258","5394163","3.00","0","0"
"25856","84029861","5394163","4.00","0","0"
"25857","66368510","5394163","2.00","0","0"
"25858","11268875","20708529","2.00","0","0"
"25859","80635105","20708529","2.00","0","0"
"25860","82794258","20708529","6.00","0","0"
"25861","84029861","20708529","3.00","0","0"
"25862","66368510","20708529","3.00","0","0"
"25863","11268875","23372296","1.00","0","0"
"25864","80635105","23372296","4.00","0","0"
"25865","82794258","23372296","3.00","0","0"
"25866","84029861","23372296","3.00","0","0"
"25867","66368510","23372296","6.00","0","0"
"25868","11268875","3343985","2.00","0","0"
"25869","80635105","3343985","5.00","0","0"
"25870","82794258","3343985","4.00","0","0"
"25871","84029861","3343985","2.00","0","0"
"25872","66368510","3343985","4.00","0","0"
"25873","11268875","97519162","4.00","0","0"
"25874","80635105","97519162","3.00","0","0"
"25875","82794258","97519162","1.00","0","0"
"25876","84029861","97519162","7.00","1","0"
"25877","66368510","97519162","3.00","0","0"
"25878","11268875","15248730","5.00","0","0"
"25879","80635105","15248730","1.00","0","0"
"25880","82794258","15248730","5.00","0","0"
"25881","84029861","15248730","5.00","0","0"
"25882","66368510","15248730","5.00","0","0"
"25883","11268875","28130866","4.00","0","0"
"25884","80635105","28130866","6.00","0","0"
"25885","82794258","28130866","2.00","0","0"
"25886","84029861","28130866","5.00","0","0"
"25887","66368510","28130866","4.00","0","0"
"25888","11268875","38352842","5.00","0","0"
"25889","80635105","38352842","4.00","0","0"
"25890","82794258","38352842","5.00","0","0"
"25891","84029861","38352842","6.00","0","0"
"25892","66368510","38352842","5.00","0","0"
"25893","11268875","96517047","6.00","0","0"
"25894","80635105","96517047","6.00","0","0"
"25895","82794258","96517047","6.00","0","0"
"25896","84029861","96517047","4.00","0","0"
"25897","66368510","96517047","6.00","0","0"
"25898","5251615","32679058","2.00","0","0"
"25899","42725657","32679058","1.00","0","0"
"25900","33689488","32679058","3.00","0","0"
"25901","66293235","32679058","1.00","0","0"
"25902","86446975","32679058","2.00","0","0"
"25903","96432941","32679058","2.00","0","0"
"25904","39090361","32679058","1.00","0","0"
"25905","22176482","32679058","2.00","0","0"
"25906","62581765","32679058","4.00","0","0"
"25907","27423829","32679058","1.00","0","0"
"25908","53646297","32679058","2.00","0","0"
"25909","98359783","32679058","2.00","0","0"
"25910","40408463","32679058","1.00","0","0"
"25911","58047198","32679058","5.00","0","0"
"25912","57883924","32679058","1.00","0","0"
"25913","5251615","3343985","3.00","0","0"
"25914","42725657","3343985","6.00","0","0"
"25915","33689488","3343985","1.00","0","0"
"25916","66293235","3343985","1.00","0","0"
"25917","86446975","3343985","3.00","0","0"
"25918","96432941","3343985","4.00","0","0"
"25919","39090361","3343985","2.00","0","0"
"25920","22176482","3343985","2.00","0","0"
"25921","62581765","3343985","1.00","0","0"
"25922","27423829","3343985","2.00","0","0"
"25923","53646297","3343985","1.00","0","0"
"25924","98359783","3343985","1.00","0","0"
"25925","40408463","3343985","3.00","0","0"
"25926","58047198","3343985","2.00","0","0"
"25927","57883924","3343985","2.00","0","0"
"25928","5251615","5394163","1.00","0","0"
"25929","42725657","5394163","3.00","0","0"
"25930","33689488","5394163","6.00","0","0"
"25931","66293235","5394163","3.00","0","0"
"25932","86446975","5394163","1.00","0","0"
"25933","96432941","5394163","1.00","0","0"
"25934","39090361","5394163","2.00","0","0"
"25935","22176482","5394163","1.00","0","0"
"25936","62581765","5394163","5.00","0","0"
"25937","27423829","5394163","2.00","0","0"
"25938","53646297","5394163","4.00","0","0"
"25939","98359783","5394163","7.00","1","0"
"25940","40408463","5394163","1.00","0","0"
"25941","58047198","5394163","5.00","0","0"
"25942","57883924","5394163","2.00","0","0"
"25943","5251615","23628341","4.00","0","0"
"25944","42725657","23628341","4.00","0","0"
"25945","33689488","23628341","1.00","0","0"
"25946","66293235","23628341","2.00","0","0"
"25947","86446975","23628341","5.00","0","0"
"25948","96432941","23628341","5.00","0","0"
"25949","39090361","23628341","3.00","0","0"
"25950","22176482","23628341","4.00","0","0"
"25951","62581765","23628341","2.00","0","0"
"25952","27423829","23628341","1.00","0","0"
"25953","53646297","23628341","3.00","0","0"
"25954","98359783","23628341","2.00","0","0"
"25955","40408463","23628341","3.00","0","0"
"25956","58047198","23628341","3.00","0","0"
"25957","57883924","23628341","3.00","0","0"
"25958","5251615","38352842","3.00","0","0"
"25959","42725657","38352842","4.00","0","0"
"25960","33689488","38352842","4.00","0","0"
"25961","66293235","38352842","2.00","0","0"
"25962","86446975","38352842","4.00","0","0"
"25963","96432941","38352842","3.00","0","0"
"25964","39090361","38352842","1.00","0","0"
"25965","22176482","38352842","4.00","0","0"
"25966","62581765","38352842","3.00","0","0"
"25967","27423829","38352842","3.00","0","0"
"25968","53646297","38352842","6.00","0","0"
"25969","98359783","38352842","1.00","0","0"
"25970","40408463","38352842","5.00","0","0"
"25971","58047198","38352842","2.00","0","0"
"25972","57883924","38352842","1.00","0","0"
"25973","5251615","35887754","4.00","0","0"
"25974","42725657","35887754","1.00","0","0"
"25975","33689488","35887754","2.00","0","0"
"25976","66293235","35887754","4.00","0","0"
"25977","86446975","35887754","1.00","0","0"
"25978","96432941","35887754","7.00","1","0"
"25979","39090361","35887754","5.00","0","0"
"25980","22176482","35887754","1.00","0","0"
"25981","62581765","35887754","3.00","0","0"
"25982","27423829","35887754","3.00","0","0"
"25983","53646297","35887754","3.00","0","0"
"25984","98359783","35887754","4.00","0","0"
"25985","40408463","35887754","2.00","0","0"
"25986","58047198","35887754","1.00","0","0"
"25987","57883924","35887754","6.00","0","0"
"25988","5251615","97519162","1.00","0","0"
"25989","42725657","97519162","2.00","0","0"
"25990","33689488","97519162","4.00","0","0"
"25991","66293235","97519162","3.00","0","0"
"25992","86446975","97519162","5.00","0","0"
"25993","96432941","97519162","6.00","0","0"
"25994","39090361","97519162","4.00","0","0"
"25995","22176482","97519162","3.00","0","0"
"25996","62581765","97519162","4.00","0","0"
"25997","27423829","97519162","4.00","0","0"
"25998","53646297","97519162","4.00","0","0"
"25999","98359783","97519162","3.00","0","0"
"26000","40408463","97519162","4.00","0","0"
"26001","58047198","97519162","4.00","0","0"
"26002","57883924","97519162","3.00","0","0"
"26003","5251615","20708529","2.00","0","0"
"26004","42725657","20708529","3.00","0","0"
"26005","33689488","20708529","2.00","0","0"
"26006","66293235","20708529","4.00","0","0"
"26007","86446975","20708529","6.00","0","0"
"26008","96432941","20708529","1.00","0","0"
"26009","39090361","20708529","3.00","0","0"
"26010","22176482","20708529","6.00","0","0"
"26011","62581765","20708529","5.00","0","0"
"26012","27423829","20708529","6.00","0","0"
"26013","53646297","20708529","5.00","0","0"
"26014","98359783","20708529","5.00","0","0"
"26015","40408463","20708529","4.00","0","0"
"26016","58047198","20708529","3.00","0","0"
"26017","57883924","20708529","4.00","0","0"
"26018","5251615","15248730","6.00","0","0"
"26019","42725657","15248730","6.00","0","0"
"26020","33689488","15248730","3.00","0","0"
"26021","66293235","15248730","5.00","0","0"
"26022","86446975","15248730","6.00","0","0"
"26023","96432941","15248730","3.00","0","0"
"26024","39090361","15248730","4.00","0","0"
"26025","22176482","15248730","5.00","0","0"
"26026","62581765","15248730","6.00","0","0"
"26027","27423829","15248730","4.00","0","0"
"26028","53646297","15248730","2.00","0","0"
"26029","98359783","15248730","6.00","0","0"
"26030","40408463","15248730","2.00","0","0"
"26031","58047198","15248730","1.00","0","0"
"26032","57883924","15248730","5.00","0","0"
"26033","5251615","23372296","5.00","0","0"
"26034","42725657","23372296","5.00","0","0"
"26035","33689488","23372296","5.00","0","0"
"26036","66293235","23372296","5.00","0","0"
"26037","86446975","23372296","2.00","0","0"
"26038","96432941","23372296","5.00","0","0"
"26039","39090361","23372296","6.00","0","0"
"26040","22176482","23372296","6.00","0","0"
"26041","62581765","23372296","1.00","0","0"
"26042","27423829","23372296","5.00","0","0"
"26043","53646297","23372296","1.00","0","0"
"26044","98359783","23372296","3.00","0","0"
"26045","40408463","23372296","5.00","0","0"
"26046","58047198","23372296","4.00","0","0"
"26047","57883924","23372296","7.00","1","0"
"26048","5251615","28130866","5.00","0","0"
"26049","42725657","28130866","2.00","0","0"
"26050","33689488","28130866","6.00","0","0"
"26051","66293235","28130866","6.00","0","0"
"26052","86446975","28130866","4.00","0","0"
"26053","96432941","28130866","2.00","0","0"
"26054","39090361","28130866","5.00","0","0"
"26055","22176482","28130866","3.00","0","0"
"26056","62581765","28130866","2.00","0","0"
"26057","27423829","28130866","5.00","0","0"
"26058","53646297","28130866","5.00","0","0"
"26059","98359783","28130866","5.00","0","0"
"26060","40408463","28130866","6.00","0","0"
"26061","58047198","28130866","6.00","0","0"
"26062","57883924","28130866","5.00","0","0"
"26063","5251615","96517047","6.00","0","0"
"26064","42725657","96517047","5.00","0","0"
"26065","33689488","96517047","5.00","0","0"
"26066","66293235","96517047","6.00","0","0"
"26067","86446975","96517047","3.00","0","0"
"26068","96432941","96517047","4.00","0","0"
"26069","39090361","96517047","6.00","0","0"
"26070","22176482","96517047","5.00","0","0"
"26071","62581765","96517047","6.00","0","0"
"26072","27423829","96517047","6.00","0","0"
"26073","53646297","96517047","6.00","0","0"
"26074","98359783","96517047","4.00","0","0"
"26075","40408463","96517047","6.00","0","0"
"26076","58047198","96517047","6.00","0","0"
"26077","57883924","96517047","4.00","0","0"
"26078","90646400","32679058","1.00","0","0"
"26079","88407388","32679058","2.00","0","0"
"26080","15479323","32679058","4.00","0","0"
"26081","58792979","32679058","2.00","0","0"
"26082","21044606","32679058","3.00","0","0"
"26083","20522304","32679058","1.00","0","0"
"26084","32344330","32679058","1.00","0","0"
"26085","70438078","32679058","1.00","0","0"
"26086","30789057","32679058","1.00","0","0"
"26087","36145374","32679058","6.00","0","0"
"26088","75142386","32679058","3.00","0","0"
"26089","90646400","97519162","2.00","0","0"
"26090","88407388","97519162","6.00","0","0"
"26091","15479323","97519162","5.00","0","0"
"26092","58792979","97519162","1.00","0","0"
"26093","21044606","97519162","1.00","0","0"
"26094","20522304","97519162","5.00","0","0"
"26095","32344330","97519162","2.00","0","0"
"26096","70438078","97519162","3.00","0","0"
"26097","30789057","97519162","2.00","0","0"
"26098","36145374","97519162","1.00","0","0"
"26099","75142386","97519162","1.00","0","0"
"26100","90646400","38352842","2.00","0","0"
"26101","88407388","38352842","1.00","0","0"
"26102","15479323","38352842","1.00","0","0"
"26103","58792979","38352842","5.00","0","0"
"26104","21044606","38352842","6.00","0","0"
"26105","20522304","38352842","3.00","0","0"
"26106","32344330","38352842","3.00","0","0"
"26107","70438078","38352842","4.00","0","0"
"26108","30789057","38352842","4.50","0","0"
"26109","36145374","38352842","2.00","0","0"
"26110","75142386","38352842","1.00","0","0"
"26111","90646400","23372296","1.00","0","0"
"26112","88407388","23372296","1.00","0","0"
"26113","15479323","23372296","6.00","0","0"
"26114","58792979","23372296","2.00","0","0"
"26115","21044606","23372296","3.00","0","0"
"26116","20522304","23372296","2.00","0","0"
"26117","32344330","23372296","3.00","0","0"
"26118","70438078","23372296","1.00","0","0"
"26119","30789057","23372296","5.00","0","0"
"26120","36145374","23372296","5.00","0","0"
"26121","75142386","23372296","6.00","0","0"
"26122","90646400","23628341","5.00","0","0"
"26123","88407388","23628341","2.00","0","0"
"26124","15479323","23628341","2.00","0","0"
"26125","58792979","23628341","3.00","0","0"
"26126","21044606","23628341","5.00","0","0"
"26127","20522304","23628341","3.00","0","0"
"26128","32344330","23628341","4.00","0","0"
"26129","70438078","23628341","2.00","0","0"
"26130","30789057","23628341","1.00","0","0"
"26131","36145374","23628341","4.00","0","0"
"26132","75142386","23628341","4.00","0","0"
"26133","90646400","35887754","4.00","0","0"
"26134","88407388","35887754","3.00","0","0"
"26135","15479323","35887754","1.00","0","0"
"26136","58792979","35887754","6.00","0","0"
"26137","21044606","35887754","1.00","0","0"
"26138","20522304","35887754","4.00","0","0"
"26139","32344330","35887754","1.00","0","0"
"26140","70438078","35887754","5.00","0","0"
"26141","30789057","35887754","3.00","0","0"
"26142","36145374","35887754","3.00","0","0"
"26143","75142386","35887754","5.00","0","0"
"26144","90646400","5394163","3.00","0","0"
"26145","88407388","5394163","5.00","0","0"
"26146","15479323","5394163","3.00","0","0"
"26147","58792979","5394163","6.00","0","0"
"26148","21044606","5394163","5.00","0","0"
"26149","20522304","5394163","1.00","0","0"
"26150","32344330","5394163","2.00","0","0"
"26151","70438078","5394163","2.00","0","0"
"26152","30789057","5394163","2.00","0","0"
"26153","36145374","5394163","3.00","0","0"
"26154","75142386","5394163","6.00","0","0"
"26155","90646400","20708529","4.00","0","0"
"26156","88407388","20708529","4.00","0","0"
"26157","15479323","20708529","4.00","0","0"
"26158","58792979","20708529","1.00","0","0"
"26159","21044606","20708529","2.00","0","0"
"26160","20522304","20708529","2.00","0","0"
"26161","32344330","20708529","6.00","0","0"
"26162","70438078","20708529","6.00","0","0"
"26163","30789057","20708529","3.00","0","0"
"26164","36145374","20708529","6.00","0","0"
"26165","75142386","20708529","2.00","0","0"
"26166","90646400","15248730","5.00","0","0"
"26167","88407388","15248730","4.00","0","0"
"26168","15479323","15248730","5.00","0","0"
"26169","58792979","15248730","4.00","0","0"
"26170","21044606","15248730","4.00","0","0"
"26171","20522304","15248730","4.00","0","0"
"26172","32344330","15248730","4.00","0","0"
"26173","70438078","15248730","3.00","0","0"
"26174","30789057","15248730","4.50","0","0"
"26175","36145374","15248730","1.00","0","0"
"26176","75142386","15248730","2.00","0","0"
"26177","90646400","3343985","6.00","0","0"
"26178","88407388","3343985","3.00","0","0"
"26179","15479323","3343985","3.00","0","0"
"26180","58792979","3343985","4.00","0","0"
"26181","21044606","3343985","4.00","0","0"
"26182","20522304","3343985","5.00","0","0"
"26183","32344330","3343985","5.00","0","0"
"26184","70438078","3343985","4.00","0","0"
"26185","30789057","3343985","4.00","0","0"
"26186","36145374","3343985","2.00","0","0"
"26187","75142386","3343985","3.00","0","0"
"26188","90646400","28130866","3.00","0","0"
"26189","88407388","28130866","5.00","0","0"
"26190","15479323","28130866","2.00","0","0"
"26191","58792979","28130866","3.00","0","0"
"26192","21044606","28130866","2.00","0","0"
"26193","20522304","28130866","6.00","0","0"
"26194","32344330","28130866","6.00","0","0"
"26195","70438078","28130866","5.00","0","0"
"26196","30789057","28130866","6.00","0","0"
"26197","36145374","28130866","4.00","0","0"
"26198","75142386","28130866","5.00","0","0"
"26199","90646400","96517047","6.00","0","0"
"26200","88407388","96517047","6.00","0","0"
"26201","15479323","96517047","6.00","0","0"
"26202","58792979","96517047","5.00","0","0"
"26203","21044606","96517047","6.00","0","0"
"26204","20522304","96517047","6.00","0","0"
"26205","32344330","96517047","5.00","0","0"
"26206","70438078","96517047","6.00","0","0"
"26207","30789057","96517047","6.00","0","0"
"26208","36145374","96517047","5.00","0","0"
"26209","75142386","96517047","4.00","0","0"
"26210","50568944","75141924","1.00","0","0"
"26211","94713067","75141924","1.00","0","0"
"26212","89625407","75141924","1.00","0","0"
"26213","21711068","75141924","1.00","0","0"
"26214","31076210","75141924","6.00","0","0"
"26215","23042356","75141924","8.00","0","0"
"26216","63535404","75141924","1.00","0","0"
"26217","23644797","75141924","1.00","0","0"
"26218","79560247","75141924","2.00","0","0"
"26219","84259688","75141924","7.00","0","0"
"26220","72117849","75141924","1.00","0","0"
"26221","37318437","75141924","5.00","0","0"
"26222","89155148","75141924","1.00","0","0"
"26223","50568944","95701656","4.00","0","0"
"26224","94713067","95701656","2.00","0","0"
"26225","89625407","95701656","6.00","0","0"
"26226","21711068","95701656","1.00","0","0"
"26227","31076210","95701656","9.00","0","0"
"26228","23042356","95701656","1.00","0","0"
"26229","63535404","95701656","2.00","0","0"
"26230","23644797","95701656","2.00","0","0"
"26231","79560247","95701656","1.00","0","0"
"26232","84259688","95701656","3.00","0","0"
"26233","72117849","95701656","4.00","0","0"
"26234","37318437","95701656","1.00","0","0"
"26235","89155148","95701656","2.00","0","0"
"26236","50568944","26725552","4.00","0","0"
"26237","94713067","26725552","4.00","0","0"
"26238","89625407","26725552","1.00","0","0"
"26239","21711068","26725552","2.00","0","0"
"26240","31076210","26725552","5.00","0","0"
"26241","23042356","26725552","2.00","0","0"
"26242","63535404","26725552","2.00","0","0"
"26243","23644797","26725552","2.00","0","0"
"26244","79560247","26725552","5.00","0","0"
"26245","84259688","26725552","6.00","0","0"
"26246","72117849","26725552","1.00","0","0"
"26247","37318437","26725552","2.00","0","0"
"26248","89155148","26725552","7.00","0","0"
"26249","50568944","32679058","2.00","0","0"
"26250","94713067","32679058","1.00","0","0"
"26251","89625407","32679058","5.00","0","0"
"26252","21711068","32679058","5.00","0","0"
"26253","31076210","32679058","4.00","0","0"
"26254","23042356","32679058","3.00","0","0"
"26255","63535404","32679058","4.00","0","0"
"26256","23644797","32679058","4.00","0","0"
"26257","79560247","32679058","3.00","0","0"
"26258","84259688","32679058","3.00","0","0"
"26259","72117849","32679058","2.00","0","0"
"26260","37318437","32679058","4.00","0","0"
"26261","89155148","32679058","4.00","0","0"
"26262","50568944","97015711","5.00","0","0"
"26263","94713067","97015711","2.00","0","0"
"26264","89625407","97015711","3.00","0","0"
"26265","21711068","97015711","4.00","0","0"
"26266","31076210","97015711","5.00","0","0"
"26267","23042356","97015711","2.00","0","0"
"26268","63535404","97015711","6.00","0","0"
"26269","23644797","97015711","5.00","0","0"
"26270","79560247","97015711","2.00","0","0"
"26271","84259688","97015711","2.00","0","0"
"26272","72117849","97015711","3.00","0","0"
"26273","37318437","97015711","2.00","0","0"
"26274","89155148","97015711","3.00","0","0"
"26275","50568944","23372296","1.00","0","0"
"26276","94713067","23372296","3.00","0","0"
"26277","89625407","23372296","7.00","0","0"
"26278","21711068","23372296","7.00","0","0"
"26279","31076210","23372296","2.00","0","0"
"26280","23042356","23372296","3.00","0","0"
"26281","63535404","23372296","1.00","0","0"
"26282","23644797","23372296","1.00","0","0"
"26283","79560247","23372296","1.00","0","0"
"26284","84259688","23372296","1.00","0","0"
"26285","72117849","23372296","7.00","0","0"
"26286","37318437","23372296","6.00","0","0"
"26287","89155148","23372296","6.00","0","0"
"26288","50568944","86806554","3.00","0","0"
"26289","94713067","86806554","5.00","0","0"
"26290","89625407","86806554","4.00","0","0"
"26291","21711068","86806554","6.00","0","0"
"26292","31076210","86806554","3.00","0","0"
"26293","23042356","86806554","1.00","0","0"
"26294","63535404","86806554","3.00","0","0"
"26295","23644797","86806554","4.00","0","0"
"26296","79560247","86806554","6.00","0","0"
"26297","84259688","86806554","2.00","0","0"
"26298","72117849","86806554","9.00","0","0"
"26299","37318437","86806554","1.00","0","0"
"26300","89155148","86806554","1.00","0","0"
"26301","50568944","59287240","6.00","0","0"
"26302","94713067","59287240","7.00","0","0"
"26303","89625407","59287240","2.00","0","0"
"26304","21711068","59287240","2.00","0","0"
"26305","31076210","59287240","1.00","0","0"
"26306","23042356","59287240","6.00","0","0"
"26307","63535404","59287240","3.00","0","0"
"26308","23644797","59287240","3.00","0","0"
"26309","79560247","59287240","7.00","0","0"
"26310","84259688","59287240","7.00","0","0"
"26311","72117849","59287240","3.00","0","0"
"26312","37318437","59287240","3.00","0","0"
"26313","89155148","59287240","4.00","0","0"
"26314","50568944","1026501","2.00","0","0"
"26315","94713067","1026501","8.00","0","0"
"26316","89625407","1026501","4.00","0","0"
"26317","21711068","1026501","4.00","0","0"
"26318","31076210","1026501","1.00","0","0"
"26319","23042356","1026501","4.00","0","0"
"26320","63535404","1026501","7.00","0","0"
"26321","23644797","1026501","5.00","0","0"
"26322","79560247","1026501","3.00","0","0"
"26323","84259688","1026501","5.00","0","0"
"26324","72117849","1026501","5.00","0","0"
"26325","37318437","1026501","3.00","0","0"
"26326","89155148","1026501","8.00","0","0"
"26327","50568944","23474192","7.00","0","0"
"26328","94713067","23474192","8.00","0","0"
"26329","89625407","23474192","2.00","0","0"
"26330","21711068","23474192","6.00","0","0"
"26331","31076210","23474192","3.00","0","0"
"26332","23042356","23474192","5.00","0","0"
"26333","63535404","23474192","4.00","0","0"
"26334","23644797","23474192","6.00","0","0"
"26335","79560247","23474192","4.00","0","0"
"26336","84259688","23474192","4.00","0","0"
"26337","72117849","23474192","6.00","0","0"
"26338","37318437","23474192","7.00","0","0"
"26339","89155148","23474192","3.00","0","0"
"26340","50568944","21863651","5.00","0","0"
"26341","94713067","21863651","6.00","0","0"
"26342","89625407","21863651","9.00","0","0"
"26343","21711068","21863651","3.00","0","0"
"26344","31076210","21863651","2.00","0","0"
"26345","23042356","21863651","5.00","0","0"
"26346","63535404","21863651","10.00","1","0"
"26347","23644797","21863651","7.00","0","0"
"26348","79560247","21863651","7.00","0","0"
"26349","84259688","21863651","1.00","0","0"
"26350","72117849","21863651","4.00","0","0"
"26351","37318437","21863651","4.00","0","0"
"26352","89155148","21863651","2.00","0","0"
"26353","50568944","80070716","3.00","0","0"
"26354","94713067","80070716","6.00","0","0"
"26355","89625407","80070716","5.00","0","0"
"26356","21711068","80070716","3.00","0","0"
"26357","31076210","80070716","8.00","0","0"
"26358","23042356","80070716","4.00","0","0"
"26359","63535404","80070716","5.00","0","0"
"26360","23644797","80070716","8.00","0","0"
"26361","79560247","80070716","8.00","0","0"
"26362","84259688","80070716","8.00","0","0"
"26363","72117849","80070716","8.00","0","0"
"26364","37318437","80070716","6.00","0","0"
"26365","89155148","80070716","5.00","0","0"
"26366","50568944","48068506","6.00","0","0"
"26367","94713067","48068506","4.00","0","0"
"26368","89625407","48068506","7.00","0","0"
"26369","21711068","48068506","7.00","0","0"
"26370","31076210","48068506","8.00","0","0"
"26371","23042356","48068506","6.00","0","0"
"26372","63535404","48068506","5.00","0","0"
"26373","23644797","48068506","3.00","0","0"
"26374","79560247","48068506","9.00","0","0"
"26375","84259688","48068506","9.00","0","0"
"26376","72117849","48068506","2.00","0","0"
"26377","37318437","48068506","9.00","0","0"
"26378","89155148","48068506","7.00","0","0"
"26379","50568944","28130866","8.00","0","0"
"26380","94713067","28130866","5.00","0","0"
"26381","89625407","28130866","9.00","0","0"
"26382","21711068","28130866","8.00","0","0"
"26383","31076210","28130866","7.00","0","0"
"26384","23042356","28130866","8.00","0","0"
"26385","63535404","28130866","6.00","0","0"
"26386","23644797","28130866","9.00","0","0"
"26387","79560247","28130866","4.00","0","0"
"26388","84259688","28130866","4.00","0","0"
"26389","72117849","28130866","6.00","0","0"
"26390","37318437","28130866","5.00","0","0"
"26391","89155148","28130866","6.00","0","0"
"26392","50568944","40632154","8.00","0","0"
"26393","94713067","40632154","7.00","0","0"
"26394","89625407","40632154","3.00","0","0"
"26395","21711068","40632154","8.00","0","0"
"26396","31076210","40632154","4.00","0","0"
"26397","23042356","40632154","7.00","0","0"
"26398","63535404","40632154","10.00","1","0"
"26399","23644797","40632154","7.00","0","0"
"26400","79560247","40632154","6.00","0","0"
"26401","84259688","40632154","9.00","0","0"
"26402","72117849","40632154","8.00","0","0"
"26403","37318437","40632154","8.00","0","0"
"26404","89155148","40632154","5.00","0","0"
"26405","50568944","8699349","9.00","0","0"
"26406","94713067","8699349","9.00","0","0"
"26407","89625407","8699349","6.00","0","0"
"26408","21711068","8699349","5.00","0","0"
"26409","31076210","8699349","6.00","0","0"
"26410","23042356","8699349","7.00","0","0"
"26411","63535404","8699349","8.00","0","0"
"26412","23644797","8699349","8.00","0","0"
"26413","79560247","8699349","5.00","0","0"
"26414","84259688","8699349","5.00","0","0"
"26415","72117849","8699349","5.00","0","0"
"26416","37318437","8699349","8.00","0","0"
"26417","89155148","8699349","9.00","0","0"
"26418","50568944","15248730","7.00","0","0"
"26419","94713067","15248730","3.00","0","0"
"26420","89625407","15248730","8.00","0","0"
"26421","21711068","15248730","9.00","0","0"
"26422","31076210","15248730","10.00","1","0"
"26423","23042356","15248730","9.00","0","0"
"26424","63535404","15248730","9.00","0","0"
"26425","23644797","15248730","6.00","0","0"
"26426","79560247","15248730","9.00","0","0"
"26427","84259688","15248730","8.00","0","0"
"26428","72117849","15248730","9.00","0","0"
"26429","37318437","15248730","7.00","0","0"
"26430","89155148","15248730","8.00","0","0"
"26431","50568944","96517047","9.00","0","0"
"26432","94713067","96517047","9.00","0","0"
"26433","89625407","96517047","8.00","0","0"
"26434","21711068","96517047","9.00","0","0"
"26435","31076210","96517047","7.00","0","0"
"26436","23042356","96517047","9.00","0","0"
"26437","63535404","96517047","7.00","0","0"
"26438","23644797","96517047","9.00","0","0"
"26439","79560247","96517047","8.00","0","0"
"26440","84259688","96517047","6.00","0","0"
"26441","72117849","96517047","7.00","0","0"
"26442","37318437","96517047","9.00","0","0"
"26443","89155148","96517047","9.00","0","0"
"26444","46152592","97015711","7.00","0","0"
"26445","12177785","97015711","1.00","0","0"
"26446","83799132","97015711","1.00","0","0"
"26447","66790593","97015711","1.00","0","0"
"26448","7491162","97015711","1.00","0","0"
"26449","89604984","97015711","2.00","0","0"
"26450","1730011","97015711","1.00","0","0"
"26451","67212598","97015711","1.00","0","0"
"26452","89544964","97015711","1.00","0","0"
"26453","9489234","97015711","2.00","0","0"
"26454","18575168","97015711","1.00","0","0"
"26455","37358298","97015711","2.00","0","0"
"26456","71717855","97015711","1.00","0","0"
"26457","46152592","95701656","1.00","0","0"
"26458","12177785","95701656","2.00","0","0"
"26459","83799132","95701656","1.00","0","0"
"26460","66790593","95701656","2.00","0","0"
"26461","7491162","95701656","1.00","0","0"
"26462","89604984","95701656","1.00","0","0"
"26463","1730011","95701656","7.00","0","0"
"26464","67212598","95701656","5.00","0","0"
"26465","89544964","95701656","3.00","0","0"
"26466","9489234","95701656","1.00","0","0"
"26467","18575168","95701656","3.00","0","0"
"26468","37358298","95701656","2.00","0","0"
"26469","71717855","95701656","2.00","0","0"
"26470","46152592","75141924","4.00","0","0"
"26471","12177785","75141924","1.00","0","0"
"26472","83799132","75141924","3.00","0","0"
"26473","66790593","75141924","2.00","0","0"
"26474","7491162","75141924","2.00","0","0"
"26475","89604984","75141924","6.00","0","0"
"26476","1730011","75141924","3.00","0","0"
"26477","67212598","75141924","5.00","0","0"
"26478","89544964","75141924","1.00","0","0"
"26479","9489234","75141924","4.00","0","0"
"26480","18575168","75141924","4.00","0","0"
"26481","37358298","75141924","1.00","0","0"
"26482","71717855","75141924","4.00","0","0"
"26483","46152592","26725552","8.00","0","0"
"26484","12177785","26725552","3.00","0","0"
"26485","83799132","26725552","3.00","0","0"
"26486","66790593","26725552","4.00","0","0"
"26487","7491162","26725552","4.00","0","0"
"26488","89604984","26725552","2.00","0","0"
"26489","1730011","26725552","1.00","0","0"
"26490","67212598","26725552","4.00","0","0"
"26491","89544964","26725552","2.00","0","0"
"26492","9489234","26725552","5.00","0","0"
"26493","18575168","26725552","3.00","0","0"
"26494","37358298","26725552","6.00","0","0"
"26495","71717855","26725552","3.00","0","0"
"26496","46152592","59287240","5.00","0","0"
"26497","12177785","59287240","3.00","0","0"
"26498","83799132","59287240","2.00","0","0"
"26499","66790593","59287240","4.00","0","0"
"26500","7491162","59287240","3.00","0","0"
"26501","89604984","59287240","3.00","0","0"
"26502","1730011","59287240","6.00","0","0"
"26503","67212598","59287240","3.00","0","0"
"26504","89544964","59287240","4.00","0","0"
"26505","9489234","59287240","6.00","0","0"
"26506","18575168","59287240","4.00","0","0"
"26507","37358298","59287240","5.00","0","0"
"26508","71717855","59287240","4.00","0","0"
"26509","46152592","21863651","3.00","0","0"
"26510","12177785","21863651","5.00","0","0"
"26511","83799132","21863651","7.00","0","0"
"26512","66790593","21863651","3.00","0","0"
"26513","7491162","21863651","5.00","0","0"
"26514","89604984","21863651","6.00","0","0"
"26515","1730011","21863651","3.00","0","0"
"26516","67212598","21863651","1.00","0","0"
"26517","89544964","21863651","5.00","0","0"
"26518","9489234","21863651","8.00","0","0"
"26519","18575168","21863651","2.00","0","0"
"26520","37358298","21863651","4.00","0","0"
"26521","71717855","21863651","2.00","0","0"
"26522","46152592","32679058","3.00","0","0"
"26523","12177785","32679058","6.00","0","0"
"26524","83799132","32679058","2.00","0","0"
"26525","66790593","32679058","6.00","0","0"
"26526","7491162","32679058","6.00","0","0"
"26527","89604984","32679058","7.00","0","0"
"26528","1730011","32679058","2.00","0","0"
"26529","67212598","32679058","4.00","0","0"
"26530","89544964","32679058","6.00","0","0"
"26531","9489234","32679058","2.00","0","0"
"26532","18575168","32679058","9.00","0","0"
"26533","37358298","32679058","4.00","0","0"
"26534","71717855","32679058","1.00","0","0"
"26535","46152592","23474192","6.00","0","0"
"26536","12177785","23474192","4.00","0","0"
"26537","83799132","23474192","5.00","0","0"
"26538","66790593","23474192","6.00","0","0"
"26539","7491162","23474192","3.00","0","0"
"26540","89604984","23474192","1.00","0","0"
"26541","1730011","23474192","2.00","0","0"
"26542","67212598","23474192","3.00","0","0"
"26543","89544964","23474192","10.00","1","0"
"26544","9489234","23474192","1.00","0","0"
"26545","18575168","23474192","2.00","0","0"
"26546","37358298","23474192","9.00","0","0"
"26547","71717855","23474192","8.00","0","0"
"26548","46152592","23372296","2.00","0","0"
"26549","12177785","23372296","9.00","0","0"
"26550","83799132","23372296","4.00","0","0"
"26551","66790593","23372296","3.00","0","0"
"26552","7491162","23372296","5.00","0","0"
"26553","89604984","23372296","4.00","0","0"
"26554","1730011","23372296","5.00","0","0"
"26555","67212598","23372296","2.00","0","0"
"26556","89544964","23372296","4.00","0","0"
"26557","9489234","23372296","3.00","0","0"
"26558","18575168","23372296","8.00","0","0"
"26559","37358298","23372296","6.00","0","0"
"26560","71717855","23372296","7.00","0","0"
"26561","46152592","8699349","5.00","0","0"
"26562","12177785","8699349","5.00","0","0"
"26563","83799132","8699349","6.00","0","0"
"26564","66790593","8699349","5.00","0","0"
"26565","7491162","8699349","7.00","0","0"
"26566","89604984","8699349","4.00","0","0"
"26567","1730011","8699349","8.00","0","0"
"26568","67212598","8699349","2.00","0","0"
"26569","89544964","8699349","10.00","1","0"
"26570","9489234","8699349","3.00","0","0"
"26571","18575168","8699349","1.00","0","0"
"26572","37358298","8699349","3.00","0","0"
"26573","71717855","8699349","9.00","0","0"
"26574","46152592","86806554","9.00","0","0"
"26575","12177785","86806554","4.00","0","0"
"26576","83799132","86806554","4.00","0","0"
"26577","66790593","86806554","5.00","0","0"
"26578","7491162","86806554","6.00","0","0"
"26579","89604984","86806554","3.00","0","0"
"26580","1730011","86806554","8.00","0","0"
"26581","67212598","86806554","8.00","0","0"
"26582","89544964","86806554","6.00","0","0"
"26583","9489234","86806554","7.00","0","0"
"26584","18575168","86806554","7.00","0","0"
"26585","37358298","86806554","5.00","0","0"
"26586","71717855","86806554","3.00","0","0"
"26587","46152592","80070716","7.00","0","0"
"26588","12177785","80070716","7.00","0","0"
"26589","83799132","80070716","8.00","0","0"
"26590","66790593","80070716","7.00","0","0"
"26591","7491162","80070716","7.00","0","0"
"26592","89604984","80070716","5.00","0","0"
"26593","1730011","80070716","4.00","0","0"
"26594","67212598","80070716","6.00","0","0"
"26595","89544964","80070716","5.00","0","0"
"26596","9489234","80070716","6.00","0","0"
"26597","18575168","80070716","6.00","0","0"
"26598","37358298","80070716","3.00","0","0"
"26599","71717855","80070716","7.00","0","0"
"26600","46152592","15248730","1.00","0","0"
"26601","12177785","15248730","8.00","0","0"
"26602","83799132","15248730","5.00","0","0"
"26603","66790593","15248730","1.00","0","0"
"26604","7491162","15248730","4.00","0","0"
"26605","89604984","15248730","8.00","0","0"
"26606","1730011","15248730","4.00","0","0"
"26607","67212598","15248730","10.00","1","0"
"26608","89544964","15248730","8.00","0","0"
"26609","9489234","15248730","10.00","1","0"
"26610","18575168","15248730","8.00","0","0"
"26611","37358298","15248730","7.00","0","0"
"26612","71717855","15248730","6.00","0","0"
"26613","46152592","28130866","4.00","0","0"
"26614","12177785","28130866","2.00","0","0"
"26615","83799132","28130866","8.00","0","0"
"26616","66790593","28130866","8.00","0","0"
"26617","7491162","28130866","8.00","0","0"
"26618","89604984","28130866","8.00","0","0"
"26619","1730011","28130866","9.00","0","0"
"26620","67212598","28130866","6.00","0","0"
"26621","89544964","28130866","2.00","0","0"
"26622","9489234","28130866","5.00","0","0"
"26623","18575168","28130866","7.00","0","0"
"26624","37358298","28130866","7.00","0","0"
"26625","71717855","28130866","6.00","0","0"
"26626","46152592","1026501","6.00","0","0"
"26627","12177785","1026501","9.00","0","0"
"26628","83799132","1026501","6.00","0","0"
"26629","66790593","1026501","9.00","0","0"
"26630","7491162","1026501","2.00","0","0"
"26631","89604984","1026501","5.00","0","0"
"26632","1730011","1026501","5.00","0","0"
"26633","67212598","1026501","7.00","0","0"
"26634","89544964","1026501","3.00","0","0"
"26635","9489234","1026501","7.00","0","0"
"26636","18575168","1026501","5.00","0","0"
"26637","37358298","1026501","8.00","0","0"
"26638","71717855","1026501","8.00","0","0"
"26639","46152592","40632154","10.00","1","0"
"26640","12177785","40632154","6.00","0","0"
"26641","83799132","40632154","7.00","0","0"
"26642","66790593","40632154","7.00","0","0"
"26643","7491162","40632154","9.00","0","0"
"26644","89604984","40632154","7.00","0","0"
"26645","1730011","40632154","6.00","0","0"
"26646","67212598","40632154","7.00","0","0"
"26647","89544964","40632154","7.00","0","0"
"26648","9489234","40632154","4.00","0","0"
"26649","18575168","40632154","5.00","0","0"
"26650","37358298","40632154","1.00","0","0"
"26651","71717855","40632154","5.00","0","0"
"26652","46152592","48068506","2.00","0","0"
"26653","12177785","48068506","8.00","0","0"
"26654","83799132","48068506","9.00","0","0"
"26655","66790593","48068506","8.00","0","0"
"26656","7491162","48068506","8.00","0","0"
"26657","89604984","48068506","9.00","0","0"
"26658","1730011","48068506","7.00","0","0"
"26659","67212598","48068506","8.00","0","0"
"26660","89544964","48068506","9.00","0","0"
"26661","9489234","48068506","8.00","0","0"
"26662","18575168","48068506","9.00","0","0"
"26663","37358298","48068506","8.00","0","0"
"26664","71717855","48068506","9.00","0","0"
"26665","46152592","96517047","8.00","0","0"
"26666","12177785","96517047","7.00","0","0"
"26667","83799132","96517047","9.00","0","0"
"26668","66790593","96517047","9.00","0","0"
"26669","7491162","96517047","9.00","0","0"
"26670","89604984","96517047","9.00","0","0"
"26671","1730011","96517047","9.00","0","0"
"26672","67212598","96517047","9.00","0","0"
"26673","89544964","96517047","7.00","0","0"
"26674","9489234","96517047","9.00","0","0"
"26675","18575168","96517047","6.00","0","0"
"26676","37358298","96517047","9.00","0","0"
"26677","71717855","96517047","5.00","0","0"
"26678","26371834","26725552","4.00","0","0"
"26679","75613724","26725552","2.00","0","0"
"26680","75080825","26725552","1.00","0","0"
"26681","44641029","26725552","9.00","0","0"
"26682","51605728","26725552","5.00","0","0"
"26683","87931328","26725552","3.00","0","0"
"26684","44083005","26725552","1.00","0","0"
"26685","81902113","26725552","1.00","0","0"
"26686","38224899","26725552","1.00","0","0"
"26687","11476875","26725552","2.00","0","0"
"26688","98652747","26725552","1.00","0","0"
"26689","16825540","26725552","1.00","0","0"
"26690","79787572","26725552","4.00","0","0"
"26691","61671673","26725552","1.00","0","0"
"26692","26371834","97015711","1.00","0","0"
"26693","75613724","97015711","2.00","0","0"
"26694","75080825","97015711","3.00","0","0"
"26695","44641029","97015711","2.00","0","0"
"26696","51605728","97015711","2.00","0","0"
"26697","87931328","97015711","1.00","0","0"
"26698","44083005","97015711","1.00","0","0"
"26699","81902113","97015711","2.00","0","0"
"26700","38224899","97015711","4.00","0","0"
"26701","11476875","97015711","10.00","1","0"
"26702","98652747","97015711","1.00","0","0"
"26703","16825540","97015711","3.00","0","0"
"26704","79787572","97015711","2.00","0","0"
"26705","61671673","97015711","4.00","0","0"
"26706","26371834","95701656","8.00","0","0"
"26707","75613724","95701656","4.00","0","0"
"26708","75080825","95701656","2.00","0","0"
"26709","44641029","95701656","3.00","0","0"
"26710","51605728","95701656","2.00","0","0"
"26711","87931328","95701656","5.00","0","0"
"26712","44083005","95701656","2.00","0","0"
"26713","81902113","95701656","3.00","0","0"
"26714","38224899","95701656","1.00","0","0"
"26715","11476875","95701656","1.00","0","0"
"26716","98652747","95701656","3.00","0","0"
"26717","16825540","95701656","1.00","0","0"
"26718","79787572","95701656","3.00","0","0"
"26719","61671673","95701656","5.00","0","0"
"26720","26371834","75141924","5.00","0","0"
"26721","75613724","75141924","1.00","0","0"
"26722","75080825","75141924","2.00","0","0"
"26723","44641029","75141924","2.00","0","0"
"26724","51605728","75141924","1.00","0","0"
"26725","87931328","75141924","2.00","0","0"
"26726","44083005","75141924","9.00","0","0"
"26727","81902113","75141924","4.00","0","0"
"26728","38224899","75141924","2.00","0","0"
"26729","11476875","75141924","1.00","0","0"
"26730","98652747","75141924","6.00","0","0"
"26731","16825540","75141924","2.00","0","0"
"26732","79787572","75141924","10.00","1","0"
"26733","61671673","75141924","2.00","0","0"
"26734","26371834","23372296","2.00","0","0"
"26735","75613724","23372296","3.00","0","0"
"26736","75080825","23372296","1.00","0","0"
"26737","44641029","23372296","4.00","0","0"
"26738","51605728","23372296","3.00","0","0"
"26739","87931328","23372296","2.00","0","0"
"26740","44083005","23372296","4.00","0","0"
"26741","81902113","23372296","3.00","0","0"
"26742","38224899","23372296","7.00","0","0"
"26743","11476875","23372296","2.00","0","0"
"26744","98652747","23372296","5.00","0","0"
"26745","16825540","23372296","6.00","0","0"
"26746","79787572","23372296","6.00","0","0"
"26747","61671673","23372296","7.00","0","0"
"26748","26371834","32679058","3.00","0","0"
"26749","75613724","32679058","9.00","0","0"
"26750","75080825","32679058","3.00","0","0"
"26751","44641029","32679058","1.00","0","0"
"26752","51605728","32679058","8.00","0","0"
"26753","87931328","32679058","3.00","0","0"
"26754","44083005","32679058","2.00","0","0"
"26755","81902113","32679058","2.00","0","0"
"26756","38224899","32679058","2.00","0","0"
"26757","11476875","32679058","3.00","0","0"
"26758","98652747","32679058","2.00","0","0"
"26759","16825540","32679058","8.00","0","0"
"26760","79787572","32679058","4.00","0","0"
"26761","61671673","32679058","8.00","0","0"
"26762","26371834","28130866","2.00","0","0"
"26763","75613724","28130866","3.00","0","0"
"26764","75080825","28130866","4.00","0","0"
"26765","44641029","28130866","5.00","0","0"
"26766","51605728","28130866","1.00","0","0"
"26767","87931328","28130866","6.00","0","0"
"26768","44083005","28130866","4.00","0","0"
"26769","81902113","28130866","9.00","0","0"
"26770","38224899","28130866","6.00","0","0"
"26771","11476875","28130866","7.00","0","0"
"26772","98652747","28130866","4.00","0","0"
"26773","16825540","28130866","4.00","0","0"
"26774","79787572","28130866","5.00","0","0"
"26775","61671673","28130866","6.00","0","0"
"26776","26371834","59287240","1.00","0","0"
"26777","75613724","59287240","7.00","0","0"
"26778","75080825","59287240","8.00","0","0"
"26779","44641029","59287240","3.00","0","0"
"26780","51605728","59287240","4.00","0","0"
"26781","87931328","59287240","4.00","0","0"
"26782","44083005","59287240","6.00","0","0"
"26783","81902113","59287240","1.00","0","0"
"26784","38224899","59287240","8.00","0","0"
"26785","11476875","59287240","5.00","0","0"
"26786","98652747","59287240","7.00","0","0"
"26787","16825540","59287240","2.00","0","0"
"26788","79787572","59287240","10.00","1","0"
"26789","61671673","59287240","3.00","0","0"
"26790","26371834","15248730","4.00","0","0"
"26791","75613724","15248730","8.00","0","0"
"26792","75080825","15248730","6.00","0","0"
"26793","44641029","15248730","9.00","0","0"
"26794","51605728","15248730","4.00","0","0"
"26795","87931328","15248730","4.00","0","0"
"26796","44083005","15248730","3.00","0","0"
"26797","81902113","15248730","9.00","0","0"
"26798","38224899","15248730","3.00","0","0"
"26799","11476875","15248730","7.00","0","0"
"26800","98652747","15248730","4.00","0","0"
"26801","16825540","15248730","7.00","0","0"
"26802","79787572","15248730","2.00","0","0"
"26803","61671673","15248730","1.00","0","0"
"26804","26371834","86806554","9.00","0","0"
"26805","75613724","86806554","5.00","0","0"
"26806","75080825","86806554","4.00","0","0"
"26807","44641029","86806554","4.00","0","0"
"26808","51605728","86806554","6.00","0","0"
"26809","87931328","86806554","6.00","0","0"
"26810","44083005","86806554","3.00","0","0"
"26811","81902113","86806554","5.00","0","0"
"26812","38224899","86806554","5.00","0","0"
"26813","11476875","86806554","8.00","0","0"
"26814","98652747","86806554","5.00","0","0"
"26815","16825540","86806554","3.00","0","0"
"26816","79787572","86806554","7.00","0","0"
"26817","61671673","86806554","2.00","0","0"
"26818","26371834","21863651","6.00","0","0"
"26819","75613724","21863651","1.00","0","0"
"26820","75080825","21863651","5.00","0","0"
"26821","44641029","21863651","6.00","0","0"
"26822","51605728","21863651","7.00","0","0"
"26823","87931328","21863651","10.00","1","0"
"26824","44083005","21863651","7.00","0","0"
"26825","81902113","21863651","7.00","0","0"
"26826","38224899","21863651","7.00","0","0"
"26827","11476875","21863651","5.00","0","0"
"26828","98652747","21863651","2.00","0","0"
"26829","16825540","21863651","4.00","0","0"
"26830","79787572","21863651","3.00","0","0"
"26831","61671673","21863651","4.00","0","0"
"26832","26371834","8699349","6.00","0","0"
"26833","75613724","8699349","5.00","0","0"
"26834","75080825","8699349","5.00","0","0"
"26835","44641029","8699349","7.00","0","0"
"26836","51605728","8699349","7.00","0","0"
"26837","87931328","8699349","5.00","0","0"
"26838","44083005","8699349","8.00","0","0"
"26839","81902113","8699349","8.00","0","0"
"26840","38224899","8699349","5.00","0","0"
"26841","11476875","8699349","8.00","0","0"
"26842","98652747","8699349","3.00","0","0"
"26843","16825540","8699349","6.00","0","0"
"26844","79787572","8699349","1.00","0","0"
"26845","61671673","8699349","3.00","0","0"
"26846","26371834","23474192","7.00","0","0"
"26847","75613724","23474192","6.00","0","0"
"26848","75080825","23474192","9.00","0","0"
"26849","44641029","23474192","1.00","0","0"
"26850","51605728","23474192","3.00","0","0"
"26851","87931328","23474192","8.00","0","0"
"26852","44083005","23474192","5.00","0","0"
"26853","81902113","23474192","4.00","0","0"
"26854","38224899","23474192","3.00","0","0"
"26855","11476875","23474192","3.00","0","0"
"26856","98652747","23474192","8.00","0","0"
"26857","16825540","23474192","8.00","0","0"
"26858","79787572","23474192","8.00","0","0"
"26859","61671673","23474192","8.00","0","0"
"26860","26371834","80070716","5.00","0","0"
"26861","75613724","80070716","8.00","0","0"
"26862","75080825","80070716","8.00","0","0"
"26863","44641029","80070716","6.00","0","0"
"26864","51605728","80070716","8.00","0","0"
"26865","87931328","80070716","10.00","1","0"
"26866","44083005","80070716","5.00","0","0"
"26867","81902113","80070716","6.00","0","0"
"26868","38224899","80070716","6.00","0","0"
"26869","11476875","80070716","6.00","0","0"
"26870","98652747","80070716","9.00","0","0"
"26871","16825540","80070716","5.00","0","0"
"26872","79787572","80070716","1.00","0","0"
"26873","61671673","80070716","5.00","0","0"
"26874","26371834","40632154","8.00","0","0"
"26875","75613724","40632154","4.00","0","0"
"26876","75080825","40632154","7.00","0","0"
"26877","44641029","40632154","5.00","0","0"
"26878","51605728","40632154","5.00","0","0"
"26879","87931328","40632154","7.00","0","0"
"26880","44083005","40632154","7.00","0","0"
"26881","81902113","40632154","5.00","0","0"
"26882","38224899","40632154","9.00","0","0"
"26883","11476875","40632154","4.00","0","0"
"26884","98652747","40632154","9.00","0","0"
"26885","16825540","40632154","9.00","0","0"
"26886","79787572","40632154","6.00","0","0"
"26887","61671673","40632154","10.00","1","0"
"26888","26371834","1026501","9.00","0","0"
"26889","75613724","1026501","7.00","0","0"
"26890","75080825","1026501","6.00","0","0"
"26891","44641029","1026501","8.00","0","0"
"26892","51605728","1026501","6.00","0","0"
"26893","87931328","1026501","1.00","0","0"
"26894","44083005","1026501","9.00","0","0"
"26895","81902113","1026501","8.00","0","0"
"26896","38224899","1026501","9.00","0","0"
"26897","11476875","1026501","9.00","0","0"
"26898","98652747","1026501","7.00","0","0"
"26899","16825540","1026501","5.00","0","0"
"26900","79787572","1026501","7.00","0","0"
"26901","61671673","1026501","7.00","0","0"
"26902","26371834","48068506","3.00","0","0"
"26903","75613724","48068506","6.00","0","0"
"26904","75080825","48068506","9.00","0","0"
"26905","44641029","48068506","8.00","0","0"
"26906","51605728","48068506","9.00","0","0"
"26907","87931328","48068506","7.00","0","0"
"26908","44083005","48068506","6.00","0","0"
"26909","81902113","48068506","7.00","0","0"
"26910","38224899","48068506","8.00","0","0"
"26911","11476875","48068506","4.00","0","0"
"26912","98652747","48068506","8.00","0","0"
"26913","16825540","48068506","9.00","0","0"
"26914","79787572","48068506","5.00","0","0"
"26915","61671673","48068506","9.00","0","0"
"26916","26371834","96517047","7.00","0","0"
"26917","75613724","96517047","9.00","0","0"
"26918","75080825","96517047","7.00","0","0"
"26919","44641029","96517047","7.00","0","0"
"26920","51605728","96517047","9.00","0","0"
"26921","87931328","96517047","8.00","0","0"
"26922","44083005","96517047","8.00","0","0"
"26923","81902113","96517047","6.00","0","0"
"26924","38224899","96517047","4.00","0","0"
"26925","11476875","96517047","6.00","0","0"
"26926","98652747","96517047","6.00","0","0"
"26927","16825540","96517047","7.00","0","0"
"26928","79787572","96517047","9.00","0","0"
"26929","61671673","96517047","6.00","0","0"
"26930","52916651","75141924","3.00","0","0"
"26931","86742280","75141924","1.00","0","0"
"26932","48319212","75141924","2.00","0","0"
"26933","87099212","75141924","4.00","0","0"
"26934","74705364","75141924","5.00","0","0"
"26935","58745698","75141924","2.00","0","0"
"26936","50876251","75141924","1.00","0","0"
"26937","37622054","75141924","5.00","0","0"
"26938","6255790","75141924","1.00","0","0"
"26939","52916651","97015711","1.00","0","0"
"26940","86742280","97015711","3.00","0","0"
"26941","48319212","97015711","4.00","0","0"
"26942","87099212","97015711","1.00","0","0"
"26943","74705364","97015711","1.00","0","0"
"26944","58745698","97015711","3.00","0","0"
"26945","50876251","97015711","4.00","0","0"
"26946","37622054","97015711","7.00","0","0"
"26947","6255790","97015711","2.00","0","0"
"26948","52916651","26725552","2.00","0","0"
"26949","86742280","26725552","5.00","0","0"
"26950","48319212","26725552","3.00","0","0"
"26951","87099212","26725552","1.00","0","0"
"26952","74705364","26725552","4.00","0","0"
"26953","58745698","26725552","6.00","0","0"
"26954","50876251","26725552","2.00","0","0"
"26955","37622054","26725552","1.00","0","0"
"26956","6255790","26725552","4.00","0","0"
"26957","52916651","95701656","9.00","0","0"
"26958","86742280","95701656","2.00","0","0"
"26959","48319212","95701656","1.00","0","0"
"26960","87099212","95701656","4.00","0","0"
"26961","74705364","95701656","1.00","0","0"
"26962","58745698","95701656","5.00","0","0"
"26963","50876251","95701656","6.00","0","0"
"26964","37622054","95701656","3.00","0","0"
"26965","6255790","95701656","1.00","0","0"
"26966","52916651","86806554","5.00","0","0"
"26967","86742280","86806554","1.00","0","0"
"26968","48319212","86806554","3.00","0","0"
"26969","87099212","86806554","7.00","0","0"
"26970","74705364","86806554","3.00","0","0"
"26971","58745698","86806554","7.00","0","0"
"26972","50876251","86806554","2.00","0","0"
"26973","37622054","86806554","2.00","0","0"
"26974","6255790","86806554","2.00","0","0"
"26975","52916651","21863651","8.00","0","0"
"26976","86742280","21863651","7.00","0","0"
"26977","48319212","21863651","1.00","0","0"
"26978","87099212","21863651","3.00","0","0"
"26979","74705364","21863651","5.00","0","0"
"26980","58745698","21863651","1.00","0","0"
"26981","50876251","21863651","1.00","0","0"
"26982","37622054","21863651","6.00","0","0"
"26983","6255790","21863651","4.00","0","0"
"26984","52916651","23474192","2.00","0","0"
"26985","86742280","23474192","8.00","0","0"
"26986","48319212","23474192","4.00","0","0"
"26987","87099212","23474192","8.00","0","0"
"26988","74705364","23474192","2.00","0","0"
"26989","58745698","23474192","5.00","0","0"
"26990","50876251","23474192","8.00","0","0"
"26991","37622054","23474192","2.00","0","0"
"26992","6255790","23474192","3.00","0","0"
"26993","52916651","32679058","6.00","0","0"
"26994","86742280","32679058","3.00","0","0"
"26995","48319212","32679058","2.00","0","0"
"26996","87099212","32679058","2.00","0","0"
"26997","74705364","32679058","6.00","0","0"
"26998","58745698","32679058","4.00","0","0"
"26999","50876251","32679058","8.00","0","0"
"27000","37622054","32679058","9.00","0","0"
"27001","6255790","32679058","3.00","0","0"
"27002","52916651","80070716","3.00","0","0"
"27003","86742280","80070716","8.00","0","0"
"27004","48319212","80070716","8.00","0","0"
"27005","87099212","80070716","6.00","0","0"
"27006","74705364","80070716","3.00","0","0"
"27007","58745698","80070716","1.00","0","0"
"27008","50876251","80070716","4.00","0","0"
"27009","37622054","80070716","4.00","0","0"
"27010","6255790","80070716","7.00","0","0"
"27011","52916651","59287240","4.00","0","0"
"27012","86742280","59287240","6.00","0","0"
"27013","48319212","59287240","5.00","0","0"
"27014","87099212","59287240","5.00","0","0"
"27015","74705364","59287240","2.00","0","0"
"27016","58745698","59287240","8.00","0","0"
"27017","50876251","59287240","3.00","0","0"
"27018","37622054","59287240","4.00","0","0"
"27019","6255790","59287240","7.00","0","0"
"27020","52916651","8699349","5.00","0","0"
"27021","86742280","8699349","2.00","0","0"
"27022","48319212","8699349","6.00","0","0"
"27023","87099212","8699349","9.00","0","0"
"27024","74705364","8699349","8.00","0","0"
"27025","58745698","8699349","2.00","0","0"
"27026","50876251","8699349","3.00","0","0"
"27027","37622054","8699349","8.00","0","0"
"27028","6255790","8699349","5.00","0","0"
"27029","52916651","1026501","7.00","0","0"
"27030","86742280","1026501","4.00","0","0"
"27031","48319212","1026501","7.00","0","0"
"27032","87099212","1026501","7.00","0","0"
"27033","74705364","1026501","9.00","0","0"
"27034","58745698","1026501","3.00","0","0"
"27035","50876251","1026501","6.00","0","0"
"27036","37622054","1026501","1.00","0","0"
"27037","6255790","1026501","5.00","0","0"
"27038","52916651","28130866","1.00","0","0"
"27039","86742280","28130866","4.00","0","0"
"27040","48319212","28130866","7.00","0","0"
"27041","87099212","28130866","5.00","0","0"
"27042","74705364","28130866","7.00","0","0"
"27043","58745698","28130866","9.00","0","0"
"27044","50876251","28130866","5.00","0","0"
"27045","37622054","28130866","3.00","0","0"
"27046","6255790","28130866","9.00","0","0"
"27047","52916651","15248730","4.00","0","0"
"27048","86742280","15248730","5.00","0","0"
"27049","48319212","15248730","6.00","0","0"
"27050","87099212","15248730","6.00","0","0"
"27051","74705364","15248730","6.00","0","0"
"27052","58745698","15248730","6.00","0","0"
"27053","50876251","15248730","9.00","0","0"
"27054","37622054","15248730","6.00","0","0"
"27055","6255790","15248730","6.00","0","0"
"27056","52916651","23372296","7.00","0","0"
"27057","86742280","23372296","9.00","0","0"
"27058","48319212","23372296","5.00","0","0"
"27059","87099212","23372296","2.00","0","0"
"27060","74705364","23372296","8.00","0","0"
"27061","58745698","23372296","4.00","0","0"
"27062","50876251","23372296","7.00","0","0"
"27063","37622054","23372296","8.00","0","0"
"27064","6255790","23372296","6.00","0","0"
"27065","52916651","48068506","8.00","0","0"
"27066","86742280","48068506","6.00","0","0"
"27067","48319212","48068506","8.00","0","0"
"27068","87099212","48068506","8.00","0","0"
"27069","74705364","48068506","4.00","0","0"
"27070","58745698","48068506","7.00","0","0"
"27071","50876251","48068506","9.00","0","0"
"27072","37622054","48068506","5.00","0","0"
"27073","6255790","48068506","8.00","0","0"
"27074","52916651","40632154","6.00","0","0"
"27075","86742280","40632154","9.00","0","0"
"27076","48319212","40632154","9.00","0","0"
"27077","87099212","40632154","3.00","0","0"
"27078","74705364","40632154","9.00","0","0"
"27079","58745698","40632154","8.00","0","0"
"27080","50876251","40632154","5.00","0","0"
"27081","37622054","40632154","9.00","0","0"
"27082","6255790","40632154","9.00","0","0"
"27083","52916651","96517047","9.00","0","0"
"27084","86742280","96517047","7.00","0","0"
"27085","48319212","96517047","9.00","0","0"
"27086","87099212","96517047","9.00","0","0"
"27087","74705364","96517047","7.00","0","0"
"27088","58745698","96517047","9.00","0","0"
"27089","50876251","96517047","7.00","0","0"
"27090","37622054","96517047","7.00","0","0"
"27091","6255790","96517047","8.00","0","0"
"27092","85419061","73113253","2.00","0","0"
"27093","57376538","73113253","3.00","0","0"
"27094","66586774","73113253","3.00","0","0"
"27095","59559800","73113253","7.00","0","0"
"27096","6973817","73113253","3.00","0","0"
"27097","2572610","73113253","2.00","0","0"
"27098","17447608","73113253","3.00","0","0"
"27099","34352116","73113253","1.00","0","0"
"27100","19261388","73113253","1.00","0","0"
"27101","33367749","73113253","1.00","0","0"
"27102","85776451","73113253","2.00","0","0"
"27103","40282305","73113253","2.00","0","0"
"27104","50090210","73113253","1.00","0","0"
"27105","85419061","12403011","3.00","0","0"
"27106","57376538","12403011","2.00","0","0"
"27107","66586774","12403011","1.00","0","0"
"27108","59559800","12403011","4.00","0","0"
"27109","6973817","12403011","4.00","0","0"
"27110","2572610","12403011","3.00","0","0"
"27111","17447608","12403011","3.00","0","0"
"27112","34352116","12403011","4.00","0","0"
"27113","19261388","12403011","1.00","0","0"
"27114","33367749","12403011","1.00","0","0"
"27115","85776451","12403011","3.00","0","0"
"27116","40282305","12403011","1.00","0","0"
"27117","50090210","12403011","4.00","0","0"
"27118","85419061","39923431","4.00","0","0"
"27119","57376538","39923431","10.00","1","0"
"27120","66586774","39923431","6.00","0","0"
"27121","59559800","39923431","6.00","0","0"
"27122","6973817","39923431","2.00","0","0"
"27123","2572610","39923431","1.00","0","0"
"27124","17447608","39923431","2.00","0","0"
"27125","34352116","39923431","3.00","0","0"
"27126","19261388","39923431","3.00","0","0"
"27127","33367749","39923431","5.00","0","0"
"27128","85776451","39923431","3.00","0","0"
"27129","40282305","39923431","7.00","0","0"
"27130","50090210","39923431","2.00","0","0"
"27131","85419061","79632095","4.00","0","0"
"27132","57376538","79632095","8.00","0","0"
"27133","66586774","79632095","2.00","0","0"
"27134","59559800","79632095","2.00","0","0"
"27135","6973817","79632095","1.00","0","0"
"27136","2572610","79632095","1.00","0","0"
"27137","17447608","79632095","7.00","0","0"
"27138","34352116","79632095","6.00","0","0"
"27139","19261388","79632095","5.00","0","0"
"27140","33367749","79632095","5.00","0","0"
"27141","85776451","79632095","6.00","0","0"
"27142","40282305","79632095","4.00","0","0"
"27143","50090210","79632095","4.00","0","0"
"27144","85419061","8699349","7.00","0","0"
"27145","57376538","8699349","5.00","0","0"
"27146","66586774","8699349","6.00","0","0"
"27147","59559800","8699349","3.00","0","0"
"27148","6973817","8699349","7.00","0","0"
"27149","2572610","8699349","4.00","0","0"
"27150","17447608","8699349","1.00","0","0"
"27151","34352116","8699349","2.00","0","0"
"27152","19261388","8699349","3.00","0","0"
"27153","33367749","8699349","3.00","0","0"
"27154","85776451","8699349","1.00","0","0"
"27155","40282305","8699349","6.00","0","0"
"27156","50090210","8699349","8.00","0","0"
"27157","85419061","80070716","1.00","0","0"
"27158","57376538","80070716","1.00","0","0"
"27159","66586774","80070716","5.00","0","0"
"27160","59559800","80070716","2.00","0","0"
"27161","6973817","80070716","3.00","0","0"
"27162","2572610","80070716","3.00","0","0"
"27163","17447608","80070716","8.00","0","0"
"27164","34352116","80070716","10.00","1","0"
"27165","19261388","80070716","8.00","0","0"
"27166","33367749","80070716","3.00","0","0"
"27167","85776451","80070716","7.00","0","0"
"27168","40282305","80070716","3.00","0","0"
"27169","50090210","80070716","3.00","0","0"
"27170","85419061","27044513","1.00","0","0"
"27171","57376538","27044513","7.00","0","0"
"27172","66586774","27044513","8.00","0","0"
"27173","59559800","27044513","3.00","0","0"
"27174","6973817","27044513","2.00","0","0"
"27175","2572610","27044513","10.00","1","0"
"27176","17447608","27044513","2.00","0","0"
"27177","34352116","27044513","7.00","0","0"
"27178","19261388","27044513","7.00","0","0"
"27179","33367749","27044513","2.00","0","0"
"27180","85776451","27044513","4.00","0","0"
"27181","40282305","27044513","8.00","0","0"
"27182","50090210","27044513","1.00","0","0"
"27183","85419061","79941094","5.00","0","0"
"27184","57376538","79941094","6.00","0","0"
"27185","66586774","79941094","1.00","0","0"
"27186","59559800","79941094","1.00","0","0"
"27187","6973817","79941094","6.00","0","0"
"27188","2572610","79941094","8.00","0","0"
"27189","17447608","79941094","9.00","0","0"
"27190","34352116","79941094","3.00","0","0"
"27191","19261388","79941094","2.00","0","0"
"27192","33367749","79941094","10.00","1","0"
"27193","85776451","79941094","1.00","0","0"
"27194","40282305","79941094","5.00","0","0"
"27195","50090210","79941094","5.00","0","0"
"27196","85419061","9816690","2.00","0","0"
"27197","57376538","9816690","3.00","0","0"
"27198","66586774","9816690","3.00","0","0"
"27199","59559800","9816690","5.00","0","0"
"27200","6973817","9816690","4.00","0","0"
"27201","2572610","9816690","10.00","1","0"
"27202","17447608","9816690","4.00","0","0"
"27203","34352116","9816690","1.00","0","0"
"27204","19261388","9816690","8.00","0","0"
"27205","33367749","9816690","6.00","0","0"
"27206","85776451","9816690","5.00","0","0"
"27207","40282305","9816690","8.00","0","0"
"27208","50090210","9816690","5.00","0","0"
"27209","85419061","23474192","3.00","0","0"
"27210","57376538","23474192","5.00","0","0"
"27211","66586774","23474192","8.00","0","0"
"27212","59559800","23474192","10.00","1","0"
"27213","6973817","23474192","5.00","0","0"
"27214","2572610","23474192","5.00","0","0"
"27215","17447608","23474192","5.00","0","0"
"27216","34352116","23474192","7.00","0","0"
"27217","19261388","23474192","4.00","0","0"
"27218","33367749","23474192","4.00","0","0"
"27219","85776451","23474192","2.00","0","0"
"27220","40282305","23474192","2.00","0","0"
"27221","50090210","23474192","3.00","0","0"
"27222","85419061","20708529","9.00","0","0"
"27223","57376538","20708529","1.00","0","0"
"27224","66586774","20708529","7.00","0","0"
"27225","59559800","20708529","6.00","0","0"
"27226","6973817","20708529","1.00","0","0"
"27227","2572610","20708529","7.00","0","0"
"27228","17447608","20708529","6.00","0","0"
"27229","34352116","20708529","8.00","0","0"
"27230","19261388","20708529","6.00","0","0"
"27231","33367749","20708529","8.00","0","0"
"27232","85776451","20708529","7.00","0","0"
"27233","40282305","20708529","1.00","0","0"
"27234","50090210","20708529","2.00","0","0"
"27235","85419061","64830853","8.00","0","0"
"27236","57376538","64830853","8.00","0","0"
"27237","66586774","64830853","5.00","0","0"
"27238","59559800","64830853","5.00","0","0"
"27239","6973817","64830853","6.00","0","0"
"27240","2572610","64830853","4.00","0","0"
"27241","17447608","64830853","7.00","0","0"
"27242","34352116","64830853","5.00","0","0"
"27243","19261388","64830853","2.00","0","0"
"27244","33367749","64830853","7.00","0","0"
"27245","85776451","64830853","6.00","0","0"
"27246","40282305","64830853","6.00","0","0"
"27247","50090210","64830853","6.00","0","0"
"27248","85419061","2968352","5.00","0","0"
"27249","57376538","2968352","4.00","0","0"
"27250","66586774","2968352","4.00","0","0"
"27251","59559800","2968352","7.00","0","0"
"27252","6973817","2968352","8.00","0","0"
"27253","2572610","2968352","6.00","0","0"
"27254","17447608","2968352","4.00","0","0"
"27255","34352116","2968352","4.00","0","0"
"27256","19261388","2968352","4.00","0","0"
"27257","33367749","2968352","6.00","0","0"
"27258","85776451","2968352","8.00","0","0"
"27259","40282305","2968352","9.00","0","0"
"27260","50090210","2968352","6.00","0","0"
"27261","85419061","64521030","7.00","0","0"
"27262","57376538","64521030","2.00","0","0"
"27263","66586774","64521030","4.00","0","0"
"27264","59559800","64521030","9.00","0","0"
"27265","6973817","64521030","7.00","0","0"
"27266","2572610","64521030","2.00","0","0"
"27267","17447608","64521030","6.00","0","0"
"27268","34352116","64521030","9.00","0","0"
"27269","19261388","64521030","9.00","0","0"
"27270","33367749","64521030","7.00","0","0"
"27271","85776451","64521030","4.00","0","0"
"27272","40282305","64521030","3.00","0","0"
"27273","50090210","64521030","7.00","0","0"
"27274","85419061","10576990","6.00","0","0"
"27275","57376538","10576990","10.00","1","0"
"27276","66586774","10576990","2.00","0","0"
"27277","59559800","10576990","1.00","0","0"
"27278","6973817","10576990","9.00","0","0"
"27279","2572610","10576990","8.00","0","0"
"27280","17447608","10576990","1.00","0","0"
"27281","34352116","10576990","2.00","0","0"
"27282","19261388","10576990","9.00","0","0"
"27283","33367749","10576990","8.00","0","0"
"27284","85776451","10576990","9.00","0","0"
"27285","40282305","10576990","5.00","0","0"
"27286","50090210","10576990","9.00","0","0"
"27287","85419061","59382754","6.00","0","0"
"27288","57376538","59382754","6.00","0","0"
"27289","66586774","59382754","9.00","0","0"
"27290","59559800","59382754","8.00","0","0"
"27291","6973817","59382754","8.00","0","0"
"27292","2572610","59382754","9.00","0","0"
"27293","17447608","59382754","5.00","0","0"
"27294","34352116","59382754","6.00","0","0"
"27295","19261388","59382754","7.00","0","0"
"27296","33367749","59382754","2.00","0","0"
"27297","85776451","59382754","5.00","0","0"
"27298","40282305","59382754","9.00","0","0"
"27299","50090210","59382754","8.00","0","0"
"27300","85419061","73880943","9.00","0","0"
"27301","57376538","73880943","7.00","0","0"
"27302","66586774","73880943","9.00","0","0"
"27303","59559800","73880943","8.00","0","0"
"27304","6973817","73880943","9.00","0","0"
"27305","2572610","73880943","5.00","0","0"
"27306","17447608","73880943","8.00","0","0"
"27307","34352116","73880943","5.00","0","0"
"27308","19261388","73880943","5.00","0","0"
"27309","33367749","73880943","4.00","0","0"
"27310","85776451","73880943","8.00","0","0"
"27311","40282305","73880943","4.00","0","0"
"27312","50090210","73880943","7.00","0","0"
"27313","85419061","59287240","8.00","0","0"
"27314","57376538","59287240","4.00","0","0"
"27315","66586774","59287240","7.00","0","0"
"27316","59559800","59287240","4.00","0","0"
"27317","6973817","59287240","5.00","0","0"
"27318","2572610","59287240","9.00","0","0"
"27319","17447608","59287240","9.00","0","0"
"27320","34352116","59287240","8.00","0","0"
"27321","19261388","59287240","6.00","0","0"
"27322","33367749","59287240","9.00","0","0"
"27323","85776451","59287240","9.00","0","0"
"27324","40282305","59287240","7.00","0","0"
"27325","50090210","59287240","9.00","0","0"
"27326","99801010","39923431","2.00","0","0"
"27327","60118592","39923431","1.00","0","0"
"27328","17362010","39923431","1.00","0","0"
"27329","56689855","39923431","1.00","0","0"
"27330","92451327","39923431","5.00","0","0"
"27331","45705359","39923431","7.00","0","0"
"27332","33453089","39923431","1.00","0","0"
"27333","37776849","39923431","1.00","0","0"
"27334","61366625","39923431","1.00","0","0"
"27335","46416270","39923431","2.00","0","0"
"27336","55746897","39923431","1.00","0","0"
"27337","99801010","23474192","5.00","0","0"
"27338","60118592","23474192","4.00","0","0"
"27339","17362010","23474192","5.00","0","0"
"27340","56689855","23474192","5.00","0","0"
"27341","92451327","23474192","1.00","0","0"
"27342","45705359","23474192","5.00","0","0"
"27343","33453089","23474192","2.00","0","0"
"27344","37776849","23474192","5.00","0","0"
"27345","61366625","23474192","1.00","0","0"
"27346","46416270","23474192","1.00","0","0"
"27347","55746897","23474192","2.00","0","0"
"27348","99801010","64521030","3.00","0","0"
"27349","60118592","64521030","8.00","0","0"
"27350","17362010","64521030","4.00","0","0"
"27351","56689855","64521030","3.00","0","0"
"27352","92451327","64521030","9.00","0","0"
"27353","45705359","64521030","1.00","0","0"
"27354","33453089","64521030","1.00","0","0"
"27355","37776849","64521030","4.00","0","0"
"27356","61366625","64521030","3.00","0","0"
"27357","46416270","64521030","5.00","0","0"
"27358","55746897","64521030","2.00","0","0"
"27359","99801010","79632095","1.00","0","0"
"27360","60118592","79632095","5.00","0","0"
"27361","17362010","79632095","1.00","0","0"
"27362","56689855","79632095","4.00","0","0"
"27363","92451327","79632095","4.00","0","0"
"27364","45705359","79632095","3.00","0","0"
"27365","33453089","79632095","6.00","0","0"
"27366","37776849","79632095","5.00","0","0"
"27367","61366625","79632095","4.00","0","0"
"27368","46416270","79632095","6.00","0","0"
"27369","55746897","79632095","4.00","0","0"
"27370","99801010","27044513","3.00","0","0"
"27371","60118592","27044513","4.00","0","0"
"27372","17362010","27044513","3.00","0","0"
"27373","56689855","27044513","8.00","0","0"
"27374","92451327","27044513","3.00","0","0"
"27375","45705359","27044513","1.00","0","0"
"27376","33453089","27044513","3.00","0","0"
"27377","37776849","27044513","3.00","0","0"
"27378","61366625","27044513","8.00","0","0"
"27379","46416270","27044513","4.00","0","0"
"27380","55746897","27044513","5.00","0","0"
"27381","99801010","10576990","1.00","0","0"
"27382","60118592","10576990","5.00","0","0"
"27383","17362010","10576990","5.00","0","0"
"27384","56689855","10576990","9.00","0","0"
"27385","92451327","10576990","1.00","0","0"
"27386","45705359","10576990","4.00","0","0"
"27387","33453089","10576990","10.00","1","0"
"27388","37776849","10576990","2.00","0","0"
"27389","61366625","10576990","2.00","0","0"
"27390","46416270","10576990","2.00","0","0"
"27391","55746897","10576990","6.00","0","0"
"27392","99801010","73113253","9.00","0","0"
"27393","60118592","73113253","2.00","0","0"
"27394","17362010","73113253","2.00","0","0"
"27395","56689855","73113253","2.00","0","0"
"27396","92451327","73113253","2.00","0","0"
"27397","45705359","73113253","4.00","0","0"
"27398","33453089","73113253","7.00","0","0"
"27399","37776849","73113253","6.00","0","0"
"27400","61366625","73113253","6.00","0","0"
"27401","46416270","73113253","3.00","0","0"
"27402","55746897","73113253","4.00","0","0"
"27403","99801010","80070716","5.00","0","0"
"27404","60118592","80070716","2.00","0","0"
"27405","17362010","80070716","3.00","0","0"
"27406","56689855","80070716","1.00","0","0"
"27407","92451327","80070716","6.00","0","0"
"27408","45705359","80070716","2.00","0","0"
"27409","33453089","80070716","2.00","0","0"
"27410","37776849","80070716","7.00","0","0"
"27411","61366625","80070716","6.00","0","0"
"27412","46416270","80070716","9.00","0","0"
"27413","55746897","80070716","6.00","0","0"
"27414","99801010","12403011","4.00","0","0"
"27415","60118592","12403011","8.00","0","0"
"27416","17362010","12403011","8.00","0","0"
"27417","56689855","12403011","3.00","0","0"
"27418","92451327","12403011","4.00","0","0"
"27419","45705359","12403011","5.00","0","0"
"27420","33453089","12403011","4.00","0","0"
"27421","37776849","12403011","4.00","0","0"
"27422","61366625","12403011","9.00","0","0"
"27423","46416270","12403011","1.00","0","0"
"27424","55746897","12403011","1.00","0","0"
"27425","99801010","8699349","6.00","0","0"
"27426","60118592","8699349","3.00","0","0"
"27427","17362010","8699349","9.00","0","0"
"27428","56689855","8699349","5.00","0","0"
"27429","92451327","8699349","2.00","0","0"
"27430","45705359","8699349","7.00","0","0"
"27431","33453089","8699349","8.00","0","0"
"27432","37776849","8699349","2.00","0","0"
"27433","61366625","8699349","2.00","0","0"
"27434","46416270","8699349","7.00","0","0"
"27435","55746897","8699349","3.00","0","0"
"27436","99801010","59287240","8.00","0","0"
"27437","60118592","59287240","3.00","0","0"
"27438","17362010","59287240","7.00","0","0"
"27439","56689855","59287240","7.00","0","0"
"27440","92451327","59287240","7.00","0","0"
"27441","45705359","59287240","2.00","0","0"
"27442","33453089","59287240","3.00","0","0"
"27443","37776849","59287240","3.00","0","0"
"27444","61366625","59287240","5.00","0","0"
"27445","46416270","59287240","6.00","0","0"
"27446","55746897","59287240","7.00","0","0"
"27447","99801010","2968352","6.00","0","0"
"27448","60118592","2968352","6.00","0","0"
"27449","17362010","2968352","4.00","0","0"
"27450","56689855","2968352","2.00","0","0"
"27451","92451327","2968352","8.00","0","0"
"27452","45705359","2968352","6.00","0","0"
"27453","33453089","2968352","4.00","0","0"
"27454","37776849","2968352","1.00","0","0"
"27455","61366625","2968352","7.00","0","0"
"27456","46416270","2968352","8.00","0","0"
"27457","55746897","2968352","8.00","0","0"
"27458","99801010","20708529","4.00","0","0"
"27459","60118592","20708529","7.00","0","0"
"27460","17362010","20708529","2.00","0","0"
"27461","56689855","20708529","7.00","0","0"
"27462","92451327","20708529","5.00","0","0"
"27463","45705359","20708529","9.00","0","0"
"27464","33453089","20708529","6.00","0","0"
"27465","37776849","20708529","7.00","0","0"
"27466","61366625","20708529","5.00","0","0"
"27467","46416270","20708529","5.00","0","0"
"27468","55746897","20708529","3.00","0","0"
"27469","99801010","9816690","8.00","0","0"
"27470","60118592","9816690","1.00","0","0"
"27471","17362010","9816690","6.00","0","0"
"27472","56689855","9816690","6.00","0","0"
"27473","92451327","9816690","3.00","0","0"
"27474","45705359","9816690","8.00","0","0"
"27475","33453089","9816690","8.00","0","0"
"27476","37776849","9816690","10.00","1","0"
"27477","61366625","9816690","4.00","0","0"
"27478","46416270","9816690","3.00","0","0"
"27479","55746897","9816690","5.00","0","0"
"27480","99801010","64830853","2.00","0","0"
"27481","60118592","64830853","9.00","0","0"
"27482","17362010","64830853","7.00","0","0"
"27483","56689855","64830853","6.00","0","0"
"27484","92451327","64830853","7.00","0","0"
"27485","45705359","64830853","6.00","0","0"
"27486","33453089","64830853","7.00","0","0"
"27487","37776849","64830853","8.00","0","0"
"27488","61366625","64830853","7.00","0","0"
"27489","46416270","64830853","7.00","0","0"
"27490","55746897","64830853","8.00","0","0"
"27491","99801010","79941094","7.00","0","0"
"27492","60118592","79941094","6.00","0","0"
"27493","17362010","79941094","10.00","1","0"
"27494","56689855","79941094","9.00","0","0"
"27495","92451327","79941094","8.00","0","0"
"27496","45705359","79941094","3.00","0","0"
"27497","33453089","79941094","5.00","0","0"
"27498","37776849","79941094","8.00","0","0"
"27499","61366625","79941094","3.00","0","0"
"27500","46416270","79941094","9.00","0","0"
"27501","55746897","79941094","7.00","0","0"
"27502","99801010","73880943","7.00","0","0"
"27503","60118592","73880943","9.00","0","0"
"27504","17362010","73880943","8.00","0","0"
"27505","56689855","73880943","4.00","0","0"
"27506","92451327","73880943","6.00","0","0"
"27507","45705359","73880943","8.00","0","0"
"27508","33453089","73880943","9.00","0","0"
"27509","37776849","73880943","6.00","0","0"
"27510","61366625","73880943","8.00","0","0"
"27511","46416270","73880943","4.00","0","0"
"27512","55746897","73880943","9.00","0","0"
"27513","99801010","59382754","10.00","1","0"
"27514","60118592","59382754","7.00","0","0"
"27515","17362010","59382754","6.00","0","0"
"27516","56689855","59382754","8.00","0","0"
"27517","92451327","59382754","9.00","0","0"
"27518","45705359","59382754","9.00","0","0"
"27519","33453089","59382754","5.00","0","0"
"27520","37776849","59382754","9.00","0","0"
"27521","61366625","59382754","9.00","0","0"
"27522","46416270","59382754","8.00","0","0"
"27523","55746897","59382754","9.00","0","0"
"27524","13452466","12403011","1.00","0","0"
"27525","73073452","12403011","5.00","0","0"
"27526","15973047","12403011","1.00","0","0"
"27527","56262529","12403011","1.00","0","0"
"27528","39469219","12403011","3.00","0","0"
"27529","35519396","12403011","3.00","0","0"
"27530","87225502","12403011","3.00","0","0"
"27531","48381124","12403011","1.00","0","0"
"27532","92051845","12403011","2.00","0","0"
"27533","32850451","12403011","1.00","0","0"
"27534","76561225","12403011","1.00","0","0"
"27535","89622239","12403011","1.00","0","0"
"27536","14027721","12403011","1.00","0","0"
"27537","13452466","39923431","1.00","0","0"
"27538","73073452","39923431","2.00","0","0"
"27539","15973047","39923431","3.00","0","0"
"27540","56262529","39923431","4.00","0","0"
"27541","39469219","39923431","2.00","0","0"
"27542","35519396","39923431","4.00","0","0"
"27543","87225502","39923431","3.00","0","0"
"27544","48381124","39923431","1.00","0","0"
"27545","92051845","39923431","2.00","0","0"
"27546","32850451","39923431","1.00","0","0"
"27547","76561225","39923431","4.00","0","0"
"27548","89622239","39923431","3.00","0","0"
"27549","14027721","39923431","1.00","0","0"
"27550","13452466","27044513","2.00","0","0"
"27551","73073452","27044513","1.00","0","0"
"27552","15973047","27044513","5.00","0","0"
"27553","56262529","27044513","1.00","0","0"
"27554","39469219","27044513","1.00","0","0"
"27555","35519396","27044513","1.00","0","0"
"27556","87225502","27044513","5.00","0","0"
"27557","48381124","27044513","3.00","0","0"
"27558","92051845","27044513","1.00","0","0"
"27559","32850451","27044513","2.00","0","0"
"27560","76561225","27044513","6.00","0","0"
"27561","89622239","27044513","4.00","0","0"
"27562","14027721","27044513","4.00","0","0"
"27563","13452466","73113253","3.00","0","0"
"27564","73073452","73113253","3.00","0","0"
"27565","15973047","73113253","7.00","0","0"
"27566","56262529","73113253","2.00","0","0"
"27567","39469219","73113253","10.00","1","0"
"27568","35519396","73113253","2.00","0","0"
"27569","87225502","73113253","4.00","0","0"
"27570","48381124","73113253","4.00","0","0"
"27571","92051845","73113253","4.00","0","0"
"27572","32850451","73113253","2.00","0","0"
"27573","76561225","73113253","2.00","0","0"
"27574","89622239","73113253","1.00","0","0"
"27575","14027721","73113253","2.00","0","0"
"27576","13452466","64521030","2.00","0","0"
"27577","73073452","64521030","1.00","0","0"
"27578","15973047","64521030","1.00","0","0"
"27579","56262529","64521030","4.00","0","0"
"27580","39469219","64521030","2.00","0","0"
"27581","35519396","64521030","2.00","0","0"
"27582","87225502","64521030","2.00","0","0"
"27583","48381124","64521030","8.00","0","0"
"27584","92051845","64521030","7.00","0","0"
"27585","32850451","64521030","4.00","0","0"
"27586","76561225","64521030","6.00","0","0"
"27587","89622239","64521030","2.00","0","0"
"27588","14027721","64521030","8.00","0","0"
"27589","13452466","23474192","4.00","0","0"
"27590","73073452","23474192","4.00","0","0"
"27591","15973047","23474192","2.00","0","0"
"27592","56262529","23474192","2.00","0","0"
"27593","39469219","23474192","5.00","0","0"
"27594","35519396","23474192","3.00","0","0"
"27595","87225502","23474192","1.00","0","0"
"27596","48381124","23474192","5.00","0","0"
"27597","92051845","23474192","8.00","0","0"
"27598","32850451","23474192","6.00","0","0"
"27599","76561225","23474192","8.00","0","0"
"27600","89622239","23474192","2.00","0","0"
"27601","14027721","23474192","3.00","0","0"
"27602","13452466","8699349","6.00","0","0"
"27603","73073452","8699349","3.00","0","0"
"27604","15973047","8699349","2.00","0","0"
"27605","56262529","8699349","3.00","0","0"
"27606","39469219","8699349","4.00","0","0"
"27607","35519396","8699349","5.00","0","0"
"27608","87225502","8699349","6.00","0","0"
"27609","48381124","8699349","2.00","0","0"
"27610","92051845","8699349","7.00","0","0"
"27611","32850451","8699349","4.00","0","0"
"27612","76561225","8699349","5.00","0","0"
"27613","89622239","8699349","6.00","0","0"
"27614","14027721","8699349","4.00","0","0"
"27615","13452466","80070716","5.00","0","0"
"27616","73073452","80070716","2.00","0","0"
"27617","15973047","80070716","7.00","0","0"
"27618","56262529","80070716","5.00","0","0"
"27619","39469219","80070716","1.00","0","0"
"27620","35519396","80070716","4.00","0","0"
"27621","87225502","80070716","2.00","0","0"
"27622","48381124","80070716","6.00","0","0"
"27623","92051845","80070716","1.00","0","0"
"27624","32850451","80070716","8.00","0","0"
"27625","76561225","80070716","5.00","0","0"
"27626","89622239","80070716","5.00","0","0"
"27627","14027721","80070716","7.00","0","0"
"27628","13452466","20708529","4.00","0","0"
"27629","73073452","20708529","6.00","0","0"
"27630","15973047","20708529","6.00","0","0"
"27631","56262529","20708529","7.00","0","0"
"27632","39469219","20708529","8.00","0","0"
"27633","35519396","20708529","7.50","0","0"
"27634","87225502","20708529","1.00","0","0"
"27635","48381124","20708529","4.00","0","0"
"27636","92051845","20708529","3.00","0","0"
"27637","32850451","20708529","3.00","0","0"
"27638","76561225","20708529","1.00","0","0"
"27639","89622239","20708529","6.00","0","0"
"27640","14027721","20708529","3.00","0","0"
"27641","13452466","59287240","7.00","0","0"
"27642","73073452","59287240","9.00","0","0"
"27643","15973047","59287240","3.00","0","0"
"27644","56262529","59287240","8.00","0","0"
"27645","39469219","59287240","5.00","0","0"
"27646","35519396","59287240","1.00","0","0"
"27647","87225502","59287240","5.00","0","0"
"27648","48381124","59287240","2.00","0","0"
"27649","92051845","59287240","4.00","0","0"
"27650","32850451","59287240","6.00","0","0"
"27651","76561225","59287240","3.00","0","0"
"27652","89622239","59287240","3.00","0","0"
"27653","14027721","59287240","5.00","0","0"
"27654","13452466","2968352","6.00","0","0"
"27655","73073452","2968352","4.00","0","0"
"27656","15973047","2968352","5.00","0","0"
"27657","56262529","2968352","3.00","0","0"
"27658","39469219","2968352","4.00","0","0"
"27659","35519396","2968352","9.00","0","0"
"27660","87225502","2968352","6.00","0","0"
"27661","48381124","2968352","3.00","0","0"
"27662","92051845","2968352","5.00","0","0"
"27663","32850451","2968352","7.00","0","0"
"27664","76561225","2968352","10.00","1","0"
"27665","89622239","2968352","7.00","0","0"
"27666","14027721","2968352","5.00","0","0"
"27667","13452466","10576990","5.00","0","0"
"27668","73073452","10576990","7.00","0","0"
"27669","15973047","10576990","4.00","0","0"
"27670","56262529","10576990","7.00","0","0"
"27671","39469219","10576990","9.00","0","0"
"27672","35519396","10576990","6.00","0","0"
"27673","87225502","10576990","7.00","0","0"
"27674","48381124","10576990","6.00","0","0"
"27675","92051845","10576990","8.00","0","0"
"27676","32850451","10576990","5.00","0","0"
"27677","76561225","10576990","3.00","0","0"
"27678","89622239","10576990","10.00","1","0"
"27679","14027721","10576990","2.00","0","0"
"27680","13452466","59382754","8.00","0","0"
"27681","73073452","59382754","8.00","0","0"
"27682","15973047","59382754","4.00","0","0"
"27683","56262529","59382754","10.00","1","0"
"27684","39469219","59382754","7.00","0","0"
"27685","35519396","59382754","7.00","0","0"
"27686","87225502","59382754","4.00","0","0"
"27687","48381124","59382754","7.00","0","0"
"27688","92051845","59382754","3.00","0","0"
"27689","32850451","59382754","5.00","0","0"
"27690","76561225","59382754","2.00","0","0"
"27691","89622239","59382754","8.00","0","0"
"27692","14027721","59382754","7.00","0","0"
"27693","13452466","73880943","9.00","0","0"
"27694","73073452","73880943","5.00","0","0"
"27695","15973047","73880943","8.00","0","0"
"27696","56262529","73880943","10.00","1","0"
"27697","39469219","73880943","6.00","0","0"
"27698","35519396","73880943","8.00","0","0"
"27699","87225502","73880943","7.00","0","0"
"27700","48381124","73880943","5.00","0","0"
"27701","92051845","73880943","5.00","0","0"
"27702","32850451","73880943","7.00","0","0"
"27703","76561225","73880943","4.00","0","0"
"27704","89622239","73880943","5.00","0","0"
"27705","14027721","73880943","6.00","0","0"
"27706","13452466","9816690","8.00","0","0"
"27707","73073452","9816690","6.00","0","0"
"27708","15973047","9816690","9.00","0","0"
"27709","56262529","9816690","5.00","0","0"
"27710","39469219","9816690","3.00","0","0"
"27711","35519396","9816690","7.50","0","0"
"27712","87225502","9816690","8.00","0","0"
"27713","48381124","9816690","8.00","0","0"
"27714","92051845","9816690","6.00","0","0"
"27715","32850451","9816690","3.00","0","0"
"27716","76561225","9816690","9.00","0","0"
"27717","89622239","9816690","8.00","0","0"
"27718","14027721","9816690","8.00","0","0"
"27719","13452466","64830853","3.00","0","0"
"27720","73073452","64830853","8.00","0","0"
"27721","15973047","64830853","9.00","0","0"
"27722","56262529","64830853","8.00","0","0"
"27723","39469219","64830853","7.00","0","0"
"27724","35519396","64830853","5.00","0","0"
"27725","87225502","64830853","10.00","1","0"
"27726","48381124","64830853","9.00","0","0"
"27727","92051845","64830853","6.00","0","0"
"27728","32850451","64830853","8.00","0","0"
"27729","76561225","64830853","7.00","0","0"
"27730","89622239","64830853","7.00","0","0"
"27731","14027721","64830853","6.00","0","0"
"27732","13452466","79632095","9.00","0","0"
"27733","73073452","79632095","7.00","0","0"
"27734","15973047","79632095","6.00","0","0"
"27735","56262529","79632095","6.00","0","0"
"27736","39469219","79632095","6.00","0","0"
"27737","35519396","79632095","6.00","0","0"
"27738","87225502","79632095","8.00","0","0"
"27739","48381124","79632095","7.00","0","0"
"27740","92051845","79632095","9.00","0","0"
"27741","32850451","79632095","10.00","1","0"
"27742","76561225","79632095","7.00","0","0"
"27743","89622239","79632095","4.00","0","0"
"27744","14027721","79632095","9.00","0","0"
"27745","13452466","79941094","7.00","0","0"
"27746","73073452","79941094","9.00","0","0"
"27747","15973047","79941094","8.00","0","0"
"27748","56262529","79941094","6.00","0","0"
"27749","39469219","79941094","8.00","0","0"
"27750","35519396","79941094","9.00","0","0"
"27751","87225502","79941094","9.00","0","0"
"27752","48381124","79941094","9.00","0","0"
"27753","92051845","79941094","9.00","0","0"
"27754","32850451","79941094","9.00","0","0"
"27755","76561225","79941094","8.00","0","0"
"27756","89622239","79941094","9.00","0","0"
"27757","14027721","79941094","9.00","0","0"
"27758","71090210","12403011","1.00","0","0"
"27759","98692755","12403011","1.00","0","0"
"27760","8461682","12403011","1.00","0","0"
"27761","81464977","12403011","3.00","0","0"
"27762","72392311","12403011","1.00","0","0"
"27763","99643076","12403011","1.00","0","0"
"27764","78441315","12403011","8.00","0","0"
"27765","78584652","12403011","4.00","0","0"
"27766","92776329","12403011","2.00","0","0"
"27767","16754794","12403011","3.00","0","0"
"27768","90546048","12403011","1.00","0","0"
"27769","35698613","12403011","2.00","0","0"
"27770","98549266","12403011","1.00","0","0"
"27771","71090210","39923431","2.00","0","0"
"27772","98692755","39923431","2.00","0","0"
"27773","8461682","39923431","6.00","0","0"
"27774","81464977","39923431","2.00","0","0"
"27775","72392311","39923431","1.00","0","0"
"27776","99643076","39923431","2.00","0","0"
"27777","78441315","39923431","2.00","0","0"
"27778","78584652","39923431","3.00","0","0"
"27779","92776329","39923431","3.00","0","0"
"27780","16754794","39923431","6.00","0","0"
"27781","90546048","39923431","6.00","0","0"
"27782","35698613","39923431","1.00","0","0"
"27783","98549266","39923431","1.00","0","0"
"27784","71090210","10576990","2.00","0","0"
"27785","98692755","10576990","2.00","0","0"
"27786","8461682","10576990","4.00","0","0"
"27787","81464977","10576990","2.00","0","0"
"27788","72392311","10576990","6.00","0","0"
"27789","99643076","10576990","1.00","0","0"
"27790","78441315","10576990","3.00","0","0"
"27791","78584652","10576990","10.00","1","0"
"27792","92776329","10576990","4.00","0","0"
"27793","16754794","10576990","1.00","0","0"
"27794","90546048","10576990","4.00","0","0"
"27795","35698613","10576990","5.00","0","0"
"27796","98549266","10576990","4.00","0","0"
"27797","71090210","59287240","1.00","0","0"
"27798","98692755","59287240","1.00","0","0"
"27799","8461682","59287240","2.00","0","0"
"27800","81464977","59287240","4.00","0","0"
"27801","72392311","59287240","2.00","0","0"
"27802","99643076","59287240","2.00","0","0"
"27803","78441315","59287240","6.00","0","0"
"27804","78584652","59287240","7.00","0","0"
"27805","92776329","59287240","4.00","0","0"
"27806","16754794","59287240","3.00","0","0"
"27807","90546048","59287240","7.00","0","0"
"27808","35698613","59287240","8.00","0","0"
"27809","98549266","59287240","5.00","0","0"
"27810","71090210","73113253","9.00","0","0"
"27811","98692755","73113253","5.00","0","0"
"27812","8461682","73113253","3.00","0","0"
"27813","81464977","73113253","6.00","0","0"
"27814","72392311","73113253","3.00","0","0"
"27815","99643076","73113253","3.00","0","0"
"27816","78441315","73113253","10.00","1","0"
"27817","78584652","73113253","1.00","0","0"
"27818","92776329","73113253","1.00","0","0"
"27819","16754794","73113253","4.00","0","0"
"27820","90546048","73113253","3.00","0","0"
"27821","35698613","73113253","2.00","0","0"
"27822","98549266","73113253","2.50","1","0"
"27823","71090210","27044513","3.00","0","0"
"27824","98692755","27044513","4.00","0","0"
"27825","8461682","27044513","6.00","0","0"
"27826","81464977","27044513","1.00","0","0"
"27827","72392311","27044513","6.00","0","0"
"27828","99643076","27044513","4.00","0","0"
"27829","78441315","27044513","10.00","1","0"
"27830","78584652","27044513","2.00","0","0"
"27831","92776329","27044513","2.00","0","0"
"27832","16754794","27044513","10.00","1","0"
"27833","90546048","27044513","1.00","0","0"
"27834","35698613","27044513","4.00","0","0"
"27835","98549266","27044513","3.00","0","0"
"27836","71090210","80070716","4.00","0","0"
"27837","98692755","80070716","3.00","0","0"
"27838","8461682","80070716","4.00","0","0"
"27839","81464977","80070716","3.00","0","0"
"27840","72392311","80070716","4.00","0","0"
"27841","99643076","80070716","6.00","0","0"
"27842","78441315","80070716","1.00","0","0"
"27843","78584652","80070716","8.00","0","0"
"27844","92776329","80070716","3.00","0","0"
"27845","16754794","80070716","7.00","0","0"
"27846","90546048","80070716","2.00","0","0"
"27847","35698613","80070716","4.00","0","0"
"27848","98549266","80070716","7.00","0","0"
"27849","71090210","20708529","4.00","0","0"
"27850","98692755","20708529","7.00","0","0"
"27851","8461682","20708529","5.00","0","0"
"27852","81464977","20708529","4.00","0","0"
"27853","72392311","20708529","3.00","0","0"
"27854","99643076","20708529","5.00","0","0"
"27855","78441315","20708529","5.00","0","0"
"27856","78584652","20708529","3.00","0","0"
"27857","92776329","20708529","9.00","0","0"
"27858","16754794","20708529","8.00","0","0"
"27859","90546048","20708529","5.00","0","0"
"27860","35698613","20708529","3.00","0","0"
"27861","98549266","20708529","2.00","0","0"
"27862","71090210","2968352","7.00","0","0"
"27863","98692755","2968352","5.00","0","0"
"27864","8461682","2968352","2.00","0","0"
"27865","81464977","2968352","7.00","0","0"
"27866","72392311","2968352","7.00","0","0"
"27867","99643076","2968352","3.00","0","0"
"27868","78441315","2968352","4.00","0","0"
"27869","78584652","2968352","5.00","0","0"
"27870","92776329","2968352","1.00","0","0"
"27871","16754794","2968352","2.00","0","0"
"27872","90546048","2968352","3.00","0","0"
"27873","35698613","2968352","9.00","0","0"
"27874","98549266","2968352","10.00","1","0"
"27875","71090210","23474192","7.00","0","0"
"27876","98692755","23474192","3.00","0","0"
"27877","8461682","23474192","1.00","0","0"
"27878","81464977","23474192","9.00","0","0"
"27879","72392311","23474192","5.00","0","0"
"27880","99643076","23474192","4.00","0","0"
"27881","78441315","23474192","1.00","0","0"
"27882","78584652","23474192","9.00","0","0"
"27883","92776329","23474192","5.00","0","0"
"27884","16754794","23474192","4.00","0","0"
"27885","90546048","23474192","9.00","0","0"
"27886","35698613","23474192","1.00","0","0"
"27887","98549266","23474192","10.00","1","0"
"27888","71090210","8699349","6.00","0","0"
"27889","98692755","8699349","6.00","0","0"
"27890","8461682","8699349","7.00","0","0"
"27891","81464977","8699349","1.00","0","0"
"27892","72392311","8699349","5.00","0","0"
"27893","99643076","8699349","7.00","0","0"
"27894","78441315","8699349","6.00","0","0"
"27895","78584652","8699349","5.00","0","0"
"27896","92776329","8699349","9.00","0","0"
"27897","16754794","8699349","1.00","0","0"
"27898","90546048","8699349","7.00","0","0"
"27899","35698613","8699349","8.00","0","0"
"27900","98549266","8699349","4.00","0","0"
"27901","71090210","9816690","10.00","1","0"
"27902","98692755","9816690","8.00","0","0"
"27903","8461682","9816690","3.00","0","0"
"27904","81464977","9816690","7.00","0","0"
"27905","72392311","9816690","4.00","0","0"
"27906","99643076","9816690","5.00","0","0"
"27907","78441315","9816690","2.00","0","0"
"27908","78584652","9816690","2.00","0","0"
"27909","92776329","9816690","6.00","0","0"
"27910","16754794","9816690","6.00","0","0"
"27911","90546048","9816690","8.00","0","0"
"27912","35698613","9816690","6.00","0","0"
"27913","98549266","9816690","6.00","0","0"
"27914","71090210","59382754","3.00","0","0"
"27915","98692755","59382754","7.00","0","0"
"27916","8461682","59382754","5.00","0","0"
"27917","81464977","59382754","5.00","0","0"
"27918","72392311","59382754","8.00","0","0"
"27919","99643076","59382754","8.00","0","0"
"27920","78441315","59382754","3.00","0","0"
"27921","78584652","59382754","4.00","0","0"
"27922","92776329","59382754","5.00","0","0"
"27923","16754794","59382754","9.00","0","0"
"27924","90546048","59382754","6.00","0","0"
"27925","35698613","59382754","7.00","0","0"
"27926","98549266","59382754","3.00","0","0"
"27927","71090210","79941094","5.00","0","0"
"27928","98692755","79941094","9.00","0","0"
"27929","8461682","79941094","8.00","0","0"
"27930","81464977","79941094","6.00","0","0"
"27931","72392311","79941094","2.00","0","0"
"27932","99643076","79941094","9.00","0","0"
"27933","78441315","79941094","9.00","0","0"
"27934","78584652","79941094","1.00","0","0"
"27935","92776329","79941094","7.00","0","0"
"27936","16754794","79941094","5.00","0","0"
"27937","90546048","79941094","5.00","0","0"
"27938","35698613","79941094","10.00","1","0"
"27939","98549266","79941094","2.00","0","0"
"27940","71090210","64521030","5.00","0","0"
"27941","98692755","64521030","9.00","0","0"
"27942","8461682","64521030","7.00","0","0"
"27943","81464977","64521030","5.00","0","0"
"27944","72392311","64521030","7.00","0","0"
"27945","99643076","64521030","9.00","0","0"
"27946","78441315","64521030","5.00","0","0"
"27947","78584652","64521030","7.00","0","0"
"27948","92776329","64521030","8.00","0","0"
"27949","16754794","64521030","5.00","0","0"
"27950","90546048","64521030","2.00","0","0"
"27951","35698613","64521030","3.00","0","0"
"27952","98549266","64521030","10.00","1","0"
"27953","71090210","79632095","8.00","0","0"
"27954","98692755","79632095","4.00","0","0"
"27955","8461682","79632095","8.00","0","0"
"27956","81464977","79632095","10.00","1","0"
"27957","72392311","79632095","9.00","0","0"
"27958","99643076","79632095","8.00","0","0"
"27959","78441315","79632095","7.00","0","0"
"27960","78584652","79632095","6.00","0","0"
"27961","92776329","79632095","6.00","0","0"
"27962","16754794","79632095","7.00","0","0"
"27963","90546048","79632095","4.00","0","0"
"27964","35698613","79632095","6.00","0","0"
"27965","98549266","79632095","8.00","0","0"
"27966","71090210","64830853","6.00","0","0"
"27967","98692755","64830853","8.00","0","0"
"27968","8461682","64830853","9.00","0","0"
"27969","81464977","64830853","8.00","0","0"
"27970","72392311","64830853","8.00","0","0"
"27971","99643076","64830853","6.00","0","0"
"27972","78441315","64830853","4.00","0","0"
"27973","78584652","64830853","8.00","0","0"
"27974","92776329","64830853","7.00","0","0"
"27975","16754794","64830853","10.00","1","0"
"27976","90546048","64830853","8.00","0","0"
"27977","35698613","64830853","5.00","0","0"
"27978","98549266","64830853","5.00","0","0"
"27979","71090210","73880943","9.00","0","0"
"27980","98692755","73880943","6.00","0","0"
"27981","8461682","73880943","9.00","0","0"
"27982","81464977","73880943","8.00","0","0"
"27983","72392311","73880943","9.00","0","0"
"27984","99643076","73880943","7.00","0","0"
"27985","78441315","73880943","7.00","0","0"
"27986","78584652","73880943","6.00","0","0"
"27987","92776329","73880943","8.00","0","0"
"27988","16754794","73880943","2.00","0","0"
"27989","90546048","73880943","9.00","0","0"
"27990","35698613","73880943","7.00","0","0"
"27991","98549266","73880943","9.00","0","0"
"27992","52793029","10576990","1.00","0","0"
"27993","52469784","10576990","2.00","0","0"
"27994","75873347","10576990","1.00","0","0"
"27995","54917095","10576990","2.00","0","0"
"27996","99031898","10576990","1.00","0","0"
"27997","57213767","10576990","2.00","0","0"
"27998","47272319","10576990","10.00","1","0"
"27999","15175743","10576990","1.00","0","0"
"28000","91307796","10576990","5.00","0","0"
"28001","74108418","10576990","3.00","0","0"
"28002","78734207","10576990","8.00","0","0"
"28003","40608446","10576990","1.00","0","0"
"28004","13591890","10576990","4.00","0","0"
"28005","13932994","10576990","3.00","0","0"
"28006","52793029","64830853","4.00","0","0"
"28007","52469784","64830853","4.00","0","0"
"28008","75873347","64830853","3.00","0","0"
"28009","54917095","64830853","3.00","0","0"
"28010","99031898","64830853","1.00","0","0"
"28011","57213767","64830853","1.00","0","0"
"28012","47272319","64830853","3.00","0","0"
"28013","15175743","64830853","2.00","0","0"
"28014","91307796","64830853","3.00","0","0"
"28015","74108418","64830853","1.00","0","0"
"28016","78734207","64830853","6.00","0","0"
"28017","40608446","64830853","10.00","1","0"
"28018","13591890","64830853","2.00","0","0"
"28019","13932994","64830853","4.00","0","0"
"28020","52793029","35887754","5.00","0","0"
"28021","52469784","35887754","7.00","0","0"
"28022","75873347","35887754","1.00","0","0"
"28023","54917095","35887754","1.00","0","0"
"28024","99031898","35887754","2.00","0","0"
"28025","57213767","35887754","5.00","0","0"
"28026","47272319","35887754","1.00","0","0"
"28027","15175743","35887754","6.00","0","0"
"28028","91307796","35887754","1.00","0","0"
"28029","74108418","35887754","9.00","0","0"
"28030","78734207","35887754","2.00","0","0"
"28031","40608446","35887754","6.00","0","0"
"28032","13591890","35887754","6.00","0","0"
"28033","13932994","35887754","1.00","0","0"
"28034","52793029","23474192","5.00","0","0"
"28035","52469784","23474192","3.00","0","0"
"28036","75873347","23474192","2.00","0","0"
"28037","54917095","23474192","3.00","0","0"
"28038","99031898","23474192","7.00","0","0"
"28039","57213767","23474192","3.00","0","0"
"28040","47272319","23474192","6.00","0","0"
"28041","15175743","23474192","1.00","0","0"
"28042","91307796","23474192","4.00","0","0"
"28043","74108418","23474192","6.00","0","0"
"28044","78734207","23474192","5.00","0","0"
"28045","40608446","23474192","7.00","0","0"
"28046","13591890","23474192","1.00","0","0"
"28047","13932994","23474192","2.00","0","0"
"28048","52793029","20708529","6.00","0","0"
"28049","52469784","20708529","1.00","0","0"
"28050","75873347","20708529","6.00","0","0"
"28051","54917095","20708529","4.00","0","0"
"28052","99031898","20708529","3.00","0","0"
"28053","57213767","20708529","4.00","0","0"
"28054","47272319","20708529","5.00","0","0"
"28055","15175743","20708529","5.00","0","0"
"28056","91307796","20708529","4.00","0","0"
"28057","74108418","20708529","5.00","0","0"
"28058","78734207","20708529","2.00","0","0"
"28059","40608446","20708529","3.00","0","0"
"28060","13591890","20708529","6.00","0","0"
"28061","13932994","20708529","8.00","0","0"
"28062","52793029","38352842","1.00","0","0"
"28063","52469784","38352842","5.00","0","0"
"28064","75873347","38352842","6.00","0","0"
"28065","54917095","38352842","5.00","0","0"
"28066","99031898","38352842","5.00","0","0"
"28067","57213767","38352842","5.00","0","0"
"28068","47272319","38352842","2.00","0","0"
"28069","15175743","38352842","5.00","0","0"
"28070","91307796","38352842","5.00","0","0"
"28071","74108418","38352842","8.00","0","0"
"28072","78734207","38352842","4.00","0","0"
"28073","40608446","38352842","1.00","0","0"
"28074","13591890","38352842","5.00","0","0"
"28075","13932994","38352842","7.00","0","0"
"28076","52793029","8699349","7.00","0","0"
"28077","52469784","8699349","6.00","0","0"
"28078","75873347","8699349","8.00","0","0"
"28079","54917095","8699349","6.00","0","0"
"28080","99031898","8699349","3.00","0","0"
"28081","57213767","8699349","1.00","0","0"
"28082","47272319","8699349","2.00","0","0"
"28083","15175743","8699349","8.00","0","0"
"28084","91307796","8699349","3.00","0","0"
"28085","74108418","8699349","7.00","0","0"
"28086","78734207","8699349","1.00","0","0"
"28087","40608446","8699349","5.00","0","0"
"28088","13591890","8699349","4.00","0","0"
"28089","13932994","8699349","4.00","0","0"
"28090","52793029","77996720","4.00","0","0"
"28091","52469784","77996720","7.00","0","0"
"28092","75873347","77996720","2.00","0","0"
"28093","54917095","77996720","8.00","0","0"
"28094","99031898","77996720","8.00","0","0"
"28095","57213767","77996720","4.00","0","0"
"28096","47272319","77996720","7.00","0","0"
"28097","15175743","77996720","2.00","0","0"
"28098","91307796","77996720","6.00","0","0"
"28099","74108418","77996720","1.00","0","0"
"28100","78734207","77996720","3.00","0","0"
"28101","40608446","77996720","5.00","0","0"
"28102","13591890","77996720","5.00","0","0"
"28103","13932994","77996720","5.00","0","0"
"28104","52793029","59287240","6.00","0","0"
"28105","52469784","59287240","4.00","0","0"
"28106","75873347","59287240","5.00","0","0"
"28107","54917095","59287240","10.00","1","0"
"28108","99031898","59287240","4.00","0","0"
"28109","57213767","59287240","3.00","0","0"
"28110","47272319","59287240","1.00","0","0"
"28111","15175743","59287240","6.00","0","0"
"28112","91307796","59287240","8.00","0","0"
"28113","74108418","59287240","8.00","0","0"
"28114","78734207","59287240","1.00","0","0"
"28115","40608446","59287240","4.00","0","0"
"28116","13591890","59287240","1.00","0","0"
"28117","13932994","59287240","9.00","0","0"
"28118","52793029","64521030","2.00","0","0"
"28119","52469784","64521030","6.00","0","0"
"28120","75873347","64521030","7.00","0","0"
"28121","54917095","64521030","1.00","0","0"
"28122","99031898","64521030","5.00","0","0"
"28123","57213767","64521030","7.00","0","0"
"28124","47272319","64521030","3.00","0","0"
"28125","15175743","64521030","3.00","0","0"
"28126","91307796","64521030","2.00","0","0"
"28127","74108418","64521030","5.00","0","0"
"28128","78734207","64521030","6.00","0","0"
"28129","40608446","64521030","8.00","0","0"
"28130","13591890","64521030","9.00","0","0"
"28131","13932994","64521030","7.00","0","0"
"28132","52793029","23372296","9.00","0","0"
"28133","52469784","23372296","2.00","0","0"
"28134","75873347","23372296","7.00","0","0"
"28135","54917095","23372296","9.00","0","0"
"28136","99031898","23372296","2.00","0","0"
"28137","57213767","23372296","10.00","1","0"
"28138","47272319","23372296","7.00","0","0"
"28139","15175743","23372296","3.00","0","0"
"28140","91307796","23372296","1.00","0","0"
"28141","74108418","23372296","7.00","0","0"
"28142","78734207","23372296","5.00","0","0"
"28143","40608446","23372296","2.00","0","0"
"28144","13591890","23372296","3.00","0","0"
"28145","13932994","23372296","6.00","0","0"
"28146","52793029","56265761","3.00","0","0"
"28147","52469784","56265761","3.00","0","0"
"28148","75873347","56265761","8.00","0","0"
"28149","54917095","56265761","10.00","1","0"
"28150","99031898","56265761","4.00","0","0"
"28151","57213767","56265761","6.00","0","0"
"28152","47272319","56265761","4.00","0","0"
"28153","15175743","56265761","4.00","0","0"
"28154","91307796","56265761","7.00","0","0"
"28155","74108418","56265761","9.00","0","0"
"28156","78734207","56265761","3.00","0","0"
"28157","40608446","56265761","8.00","0","0"
"28158","13591890","56265761","2.00","0","0"
"28159","13932994","56265761","3.00","0","0"
"28160","52793029","74174186","10.00","1","0"
"28161","52469784","74174186","5.00","0","0"
"28162","75873347","74174186","4.00","0","0"
"28163","54917095","74174186","2.00","0","0"
"28164","99031898","74174186","6.00","0","0"
"28165","57213767","74174186","2.00","0","0"
"28166","47272319","74174186","5.00","0","0"
"28167","15175743","74174186","7.00","0","0"
"28168","91307796","74174186","7.00","0","0"
"28169","74108418","74174186","2.00","0","0"
"28170","78734207","74174186","10.00","1","0"
"28171","40608446","74174186","7.00","0","0"
"28172","13591890","74174186","8.00","0","0"
"28173","13932994","74174186","5.00","0","0"
"28174","52793029","59382754","10.00","1","0"
"28175","52469784","59382754","8.00","0","0"
"28176","75873347","59382754","3.00","0","0"
"28177","54917095","59382754","5.00","0","0"
"28178","99031898","59382754","8.00","0","0"
"28179","57213767","59382754","9.00","0","0"
"28180","47272319","59382754","9.00","0","0"
"28181","15175743","59382754","8.00","0","0"
"28182","91307796","59382754","2.00","0","0"
"28183","74108418","59382754","3.00","0","0"
"28184","78734207","59382754","4.00","0","0"
"28185","40608446","59382754","3.00","0","0"
"28186","13591890","59382754","3.00","0","0"
"28187","13932994","59382754","6.00","0","0"
"28188","52793029","96517047","8.00","0","0"
"28189","52469784","96517047","1.00","0","0"
"28190","75873347","96517047","5.00","0","0"
"28191","54917095","96517047","7.00","0","0"
"28192","99031898","96517047","9.00","0","0"
"28193","57213767","96517047","7.00","0","0"
"28194","47272319","96517047","8.00","0","0"
"28195","15175743","96517047","9.00","0","0"
"28196","91307796","96517047","6.00","0","0"
"28197","74108418","96517047","2.00","0","0"
"28198","78734207","96517047","7.00","0","0"
"28199","40608446","96517047","4.00","0","0"
"28200","13591890","96517047","10.00","1","0"
"28201","13932994","96517047","2.00","0","0"
"28202","52793029","2968352","7.00","0","0"
"28203","52469784","2968352","9.00","0","0"
"28204","75873347","2968352","4.00","0","0"
"28205","54917095","2968352","4.00","0","0"
"28206","99031898","2968352","7.00","0","0"
"28207","57213767","2968352","8.00","0","0"
"28208","47272319","2968352","4.00","0","0"
"28209","15175743","2968352","4.00","0","0"
"28210","91307796","2968352","9.00","0","0"
"28211","74108418","2968352","6.00","0","0"
"28212","78734207","2968352","8.00","0","0"
"28213","40608446","2968352","2.00","0","0"
"28214","13591890","2968352","7.00","0","0"
"28215","13932994","2968352","8.00","0","0"
"28216","52793029","35882268","3.00","0","0"
"28217","52469784","35882268","9.00","0","0"
"28218","75873347","35882268","9.00","0","0"
"28219","54917095","35882268","6.00","0","0"
"28220","99031898","35882268","9.00","0","0"
"28221","57213767","35882268","6.00","0","0"
"28222","47272319","35882268","6.00","0","0"
"28223","15175743","35882268","7.00","0","0"
"28224","91307796","35882268","8.00","0","0"
"28225","74108418","35882268","4.00","0","0"
"28226","78734207","35882268","7.00","0","0"
"28227","40608446","35882268","6.00","0","0"
"28228","13591890","35882268","7.00","0","0"
"28229","13932994","35882268","1.00","0","0"
"28230","52793029","79941094","2.00","0","0"
"28231","52469784","79941094","8.00","0","0"
"28232","75873347","79941094","9.00","0","0"
"28233","54917095","79941094","7.00","0","0"
"28234","99031898","79941094","6.00","0","0"
"28235","57213767","79941094","8.00","0","0"
"28236","47272319","79941094","8.00","0","0"
"28237","15175743","79941094","9.00","0","0"
"28238","91307796","79941094","9.00","0","0"
"28239","74108418","79941094","4.00","0","0"
"28240","78734207","79941094","9.00","0","0"
"28241","40608446","79941094","9.00","0","0"
"28242","13591890","79941094","8.00","0","0"
"28243","13932994","79941094","10.00","1","0"
"28244","68728577","35887754","5.00","0","0"
"28245","33273748","35887754","1.00","0","0"
"28246","43495236","35887754","2.00","0","0"
"28247","51616493","35887754","4.00","0","0"
"28248","24363227","35887754","3.00","0","0"
"28249","96337138","35887754","1.00","0","0"
"28250","13364188","35887754","1.00","0","0"
"28251","2516236","35887754","1.00","0","0"
"28252","40035427","35887754","3.00","0","0"
"28253","84813468","35887754","1.00","0","0"
"28254","47074949","35887754","5.00","0","0"
"28255","15272233","35887754","1.00","0","0"
"28256","68728577","74174186","3.00","0","0"
"28257","33273748","74174186","4.00","0","0"
"28258","43495236","74174186","4.00","0","0"
"28259","51616493","74174186","6.00","0","0"
"28260","24363227","74174186","1.00","0","0"
"28261","96337138","74174186","3.00","0","0"
"28262","13364188","74174186","3.00","0","0"
"28263","2516236","74174186","1.00","0","0"
"28264","40035427","74174186","2.00","0","0"
"28265","84813468","74174186","5.00","0","0"
"28266","47074949","74174186","1.00","0","0"
"28267","15272233","74174186","6.00","0","0"
"28268","68728577","2968352","2.00","0","0"
"28269","33273748","2968352","4.00","0","0"
"28270","43495236","2968352","1.00","0","0"
"28271","51616493","2968352","4.00","0","0"
"28272","24363227","2968352","4.00","0","0"
"28273","96337138","2968352","3.00","0","0"
"28274","13364188","2968352","4.00","0","0"
"28275","2516236","2968352","3.00","0","0"
"28276","40035427","2968352","1.00","0","0"
"28277","84813468","2968352","8.00","0","0"
"28278","47074949","2968352","3.00","0","0"
"28279","15272233","2968352","2.00","0","0"
"28280","68728577","64830853","3.00","0","0"
"28281","33273748","64830853","5.00","0","0"
"28282","43495236","64830853","7.00","0","0"
"28283","51616493","64830853","1.00","0","0"
"28284","24363227","64830853","8.00","0","0"
"28285","96337138","64830853","6.00","0","0"
"28286","13364188","64830853","2.00","0","0"
"28287","2516236","64830853","2.00","0","0"
"28288","40035427","64830853","7.00","0","0"
"28289","84813468","64830853","6.00","0","0"
"28290","47074949","64830853","1.00","0","0"
"28291","15272233","64830853","1.00","0","0"
"28292","68728577","23474192","6.00","0","0"
"28293","33273748","23474192","7.00","0","0"
"28294","43495236","23474192","3.00","0","0"
"28295","51616493","23474192","3.00","0","0"
"28296","24363227","23474192","5.00","0","0"
"28297","96337138","23474192","1.00","0","0"
"28298","13364188","23474192","3.00","0","0"
"28299","2516236","23474192","5.00","0","0"
"28300","40035427","23474192","1.00","0","0"
"28301","84813468","23474192","3.00","0","0"
"28302","47074949","23474192","3.00","0","0"
"28303","15272233","23474192","10.00","1","0"
"28304","68728577","10576990","4.00","0","0"
"28305","33273748","10576990","6.00","0","0"
"28306","43495236","10576990","6.00","0","0"
"28307","51616493","10576990","8.00","0","0"
"28308","24363227","10576990","6.00","0","0"
"28309","96337138","10576990","2.00","0","0"
"28310","13364188","10576990","2.00","0","0"
"28311","2516236","10576990","3.00","0","0"
"28312","40035427","10576990","4.00","0","0"
"28313","84813468","10576990","5.00","0","0"
"28314","47074949","10576990","2.00","0","0"
"28315","15272233","10576990","3.00","0","0"
"28316","68728577","8699349","1.00","0","0"
"28317","33273748","8699349","2.00","0","0"
"28318","43495236","8699349","6.00","0","0"
"28319","51616493","8699349","3.00","0","0"
"28320","24363227","8699349","2.00","0","0"
"28321","96337138","8699349","8.00","0","0"
"28322","13364188","8699349","5.00","0","0"
"28323","2516236","8699349","8.00","0","0"
"28324","40035427","8699349","5.00","0","0"
"28325","84813468","8699349","6.00","0","0"
"28326","47074949","8699349","4.00","0","0"
"28327","15272233","8699349","5.00","0","0"
"28328","68728577","77996720","10.00","1","0"
"28329","33273748","77996720","8.00","0","0"
"28330","43495236","77996720","1.00","0","0"
"28331","51616493","77996720","1.00","0","0"
"28332","24363227","77996720","7.00","0","0"
"28333","96337138","77996720","7.00","0","0"
"28334","13364188","77996720","1.00","0","0"
"28335","2516236","77996720","4.00","0","0"
"28336","40035427","77996720","2.00","0","0"
"28337","84813468","77996720","7.00","0","0"
"28338","47074949","77996720","6.00","0","0"
"28339","15272233","77996720","4.00","0","0"
"28340","68728577","23372296","1.00","0","0"
"28341","33273748","23372296","1.00","0","0"
"28342","43495236","23372296","5.00","0","0"
"28343","51616493","23372296","5.00","0","0"
"28344","24363227","23372296","5.00","0","0"
"28345","96337138","23372296","9.00","0","0"
"28346","13364188","23372296","8.00","0","0"
"28347","2516236","23372296","10.00","1","0"
"28348","40035427","23372296","5.00","0","0"
"28349","84813468","23372296","1.00","0","0"
"28350","47074949","23372296","7.00","0","0"
"28351","15272233","23372296","2.00","0","0"
"28352","68728577","59287240","2.00","0","0"
"28353","33273748","59287240","5.00","0","0"
"28354","43495236","59287240","2.00","0","0"
"28355","51616493","59287240","8.00","0","0"
"28356","24363227","59287240","1.00","0","0"
"28357","96337138","59287240","4.00","0","0"
"28358","13364188","59287240","7.00","0","0"
"28359","2516236","59287240","10.00","1","0"
"28360","40035427","59287240","6.00","0","0"
"28361","84813468","59287240","3.00","0","0"
"28362","47074949","59287240","9.00","0","0"
"28363","15272233","59287240","6.00","0","0"
"28364","68728577","56265761","6.00","0","0"
"28365","33273748","56265761","9.00","0","0"
"28366","43495236","56265761","7.00","0","0"
"28367","51616493","56265761","9.00","0","0"
"28368","24363227","56265761","2.00","0","0"
"28369","96337138","56265761","5.00","0","0"
"28370","13364188","56265761","5.00","0","0"
"28371","2516236","56265761","5.00","0","0"
"28372","40035427","56265761","3.00","0","0"
"28373","84813468","56265761","4.00","0","0"
"28374","47074949","56265761","4.00","0","0"
"28375","15272233","56265761","4.00","0","0"
"28376","68728577","20708529","8.00","0","0"
"28377","33273748","20708529","6.00","0","0"
"28378","43495236","20708529","9.00","0","0"
"28379","51616493","20708529","2.00","0","0"
"28380","24363227","20708529","4.00","0","0"
"28381","96337138","20708529","4.00","0","0"
"28382","13364188","20708529","6.00","0","0"
"28383","2516236","20708529","6.00","0","0"
"28384","40035427","20708529","6.00","0","0"
"28385","84813468","20708529","4.00","0","0"
"28386","47074949","20708529","5.00","0","0"
"28387","15272233","20708529","3.00","0","0"
"28388","68728577","38352842","9.00","0","0"
"28389","33273748","38352842","2.00","0","0"
"28390","43495236","38352842","3.00","0","0"
"28391","51616493","38352842","7.00","0","0"
"28392","24363227","38352842","8.00","0","0"
"28393","96337138","38352842","2.00","0","0"
"28394","13364188","38352842","8.00","0","0"
"28395","2516236","38352842","7.00","0","0"
"28396","40035427","38352842","8.00","0","0"
"28397","84813468","38352842","2.00","0","0"
"28398","47074949","38352842","7.00","0","0"
"28399","15272233","38352842","7.00","0","0"
"28400","68728577","35882268","8.00","0","0"
"28401","33273748","35882268","7.00","0","0"
"28402","43495236","35882268","5.00","0","0"
"28403","51616493","35882268","7.00","0","0"
"28404","24363227","35882268","9.00","0","0"
"28405","96337138","35882268","6.00","0","0"
"28406","13364188","35882268","9.00","0","0"
"28407","2516236","35882268","2.00","0","0"
"28408","40035427","35882268","7.00","0","0"
"28409","84813468","35882268","2.00","0","0"
"28410","47074949","35882268","2.00","0","0"
"28411","15272233","35882268","8.00","0","0"
"28412","68728577","79941094","4.00","0","0"
"28413","33273748","79941094","8.00","0","0"
"28414","43495236","79941094","4.00","0","0"
"28415","51616493","79941094","5.00","0","0"
"28416","24363227","79941094","3.00","0","0"
"28417","96337138","79941094","8.00","0","0"
"28418","13364188","79941094","9.00","0","0"
"28419","2516236","79941094","7.00","0","0"
"28420","40035427","79941094","9.00","0","0"
"28421","84813468","79941094","9.00","0","0"
"28422","47074949","79941094","6.00","0","0"
"28423","15272233","79941094","7.00","0","0"
"28424","68728577","64521030","5.00","0","0"
"28425","33273748","64521030","9.00","0","0"
"28426","43495236","64521030","8.00","0","0"
"28427","51616493","64521030","6.00","0","0"
"28428","24363227","64521030","7.00","0","0"
"28429","96337138","64521030","7.00","0","0"
"28430","13364188","64521030","6.00","0","0"
"28431","2516236","64521030","4.00","0","0"
"28432","40035427","64521030","9.00","0","0"
"28433","84813468","64521030","7.00","0","0"
"28434","47074949","64521030","9.00","0","0"
"28435","15272233","64521030","5.00","0","0"
"28436","68728577","96517047","9.00","0","0"
"28437","33273748","96517047","3.00","0","0"
"28438","43495236","96517047","10.00","1","0"
"28439","51616493","96517047","9.00","0","0"
"28440","24363227","96517047","6.00","0","0"
"28441","96337138","96517047","5.00","0","0"
"28442","13364188","96517047","4.00","0","0"
"28443","2516236","96517047","10.00","1","0"
"28444","40035427","96517047","4.00","0","0"
"28445","84813468","96517047","8.00","0","0"
"28446","47074949","96517047","8.00","0","0"
"28447","15272233","96517047","8.00","0","0"
"28448","68728577","59382754","7.00","0","0"
"28449","33273748","59382754","3.00","0","0"
"28450","43495236","59382754","8.00","0","0"
"28451","51616493","59382754","2.00","0","0"
"28452","24363227","59382754","9.00","0","0"
"28453","96337138","59382754","9.00","0","0"
"28454","13364188","59382754","7.00","0","0"
"28455","2516236","59382754","6.00","0","0"
"28456","40035427","59382754","8.00","0","0"
"28457","84813468","59382754","9.00","0","0"
"28458","47074949","59382754","8.00","0","0"
"28459","15272233","59382754","9.00","0","0"
"28460","88592781","64830853","3.00","0","0"
"28461","97621328","64830853","2.00","0","0"
"28462","65916035","64830853","3.00","0","0"
"28463","39936529","64830853","2.00","0","0"
"28464","45910789","64830853","4.00","0","0"
"28465","88592781","35887754","1.00","0","0"
"28466","97621328","35887754","3.00","0","0"
"28467","65916035","35887754","4.00","0","0"
"28468","39936529","35887754","3.00","0","0"
"28469","45910789","35887754","5.00","0","0"
"28470","88592781","10576990","7.00","0","0"
"28471","97621328","10576990","1.00","0","0"
"28472","65916035","10576990","5.00","0","0"
"28473","39936529","10576990","1.00","0","0"
"28474","45910789","10576990","3.00","0","0"
"28475","88592781","59287240","3.00","0","0"
"28476","97621328","59287240","8.00","0","0"
"28477","65916035","59287240","1.00","0","0"
"28478","39936529","59287240","5.00","0","0"
"28479","45910789","59287240","2.00","0","0"
"28480","88592781","23474192","1.00","0","0"
"28481","97621328","23474192","1.00","0","0"
"28482","65916035","23474192","8.00","0","0"
"28483","39936529","23474192","2.00","0","0"
"28484","45910789","23474192","8.00","0","0"
"28485","88592781","74174186","2.00","0","0"
"28486","97621328","74174186","4.00","0","0"
"28487","65916035","74174186","2.00","0","0"
"28488","39936529","74174186","5.00","0","0"
"28489","45910789","74174186","8.00","0","0"
"28490","88592781","64521030","6.00","0","0"
"28491","97621328","64521030","2.00","0","0"
"28492","65916035","64521030","3.00","0","0"
"28493","39936529","64521030","3.00","0","0"
"28494","45910789","64521030","7.00","0","0"
"28495","88592781","2968352","2.00","0","0"
"28496","97621328","2968352","5.00","0","0"
"28497","65916035","2968352","8.00","0","0"
"28498","39936529","2968352","1.00","0","0"
"28499","45910789","2968352","6.00","0","0"
"28500","88592781","79941094","5.00","0","0"
"28501","97621328","79941094","6.00","0","0"
"28502","65916035","79941094","9.00","0","0"
"28503","39936529","79941094","4.00","0","0"
"28504","45910789","79941094","1.00","0","0"
"28505","88592781","77996720","8.00","0","0"
"28506","97621328","77996720","4.00","0","0"
"28507","65916035","77996720","1.00","0","0"
"28508","39936529","77996720","8.00","0","0"
"28509","45910789","77996720","5.00","0","0"
"28510","88592781","20708529","7.00","0","0"
"28511","97621328","20708529","7.00","0","0"
"28512","65916035","20708529","2.00","0","0"
"28513","39936529","20708529","4.00","0","0"
"28514","45910789","20708529","6.00","0","0"
"28515","88592781","56265761","4.00","0","0"
"28516","97621328","56265761","5.00","0","0"
"28517","65916035","56265761","6.00","0","0"
"28518","39936529","56265761","10.00","1","0"
"28519","45910789","56265761","2.00","0","0"
"28520","88592781","23372296","8.00","0","0"
"28521","97621328","23372296","3.00","0","0"
"28522","65916035","23372296","7.00","0","0"
"28523","39936529","23372296","6.00","0","0"
"28524","45910789","23372296","3.00","0","0"
"28525","88592781","8699349","4.00","0","0"
"28526","97621328","8699349","9.00","0","0"
"28527","65916035","8699349","6.00","0","0"
"28528","39936529","8699349","8.00","0","0"
"28529","45910789","8699349","1.00","0","0"
"28530","88592781","96517047","6.00","0","0"
"28531","97621328","96517047","8.00","0","0"
"28532","65916035","96517047","4.00","0","0"
"28533","39936529","96517047","9.00","0","0"
"28534","45910789","96517047","7.00","0","0"
"28535","88592781","35882268","5.00","0","0"
"28536","97621328","35882268","9.00","0","0"
"28537","65916035","35882268","5.00","0","0"
"28538","39936529","35882268","6.00","0","0"
"28539","45910789","35882268","9.00","0","0"
"28540","88592781","38352842","10.00","1","0"
"28541","97621328","38352842","6.00","0","0"
"28542","65916035","38352842","9.00","0","0"
"28543","39936529","38352842","7.00","0","0"
"28544","45910789","38352842","4.00","0","0"
"28545","88592781","59382754","10.00","1","0"
"28546","97621328","59382754","7.00","0","0"
"28547","65916035","59382754","7.00","0","0"
"28548","39936529","59382754","7.00","0","0"
"28549","45910789","59382754","9.00","0","0"
"28550","34834952","2968352","2.00","0","0"
"28551","14758894","2968352","1.00","0","0"
"28552","65409348","2968352","6.00","0","0"
"28553","11773348","2968352","3.00","0","0"
"28554","17696366","2968352","1.00","0","0"
"28555","138801","2968352","1.00","0","0"
"28556","66196175","2968352","3.00","0","0"
"28557","35300972","2968352","6.00","0","0"
"28558","30776391","2968352","2.00","0","0"
"28559","47165907","2968352","2.00","0","0"
"28560","21123409","2968352","3.00","0","0"
"28561","13749476","2968352","2.00","0","0"
"28562","58234947","2968352","3.00","0","0"
"28563","34834952","64830853","7.00","0","0"
"28564","14758894","64830853","4.00","0","0"
"28565","65409348","64830853","2.00","0","0"
"28566","11773348","64830853","1.00","0","0"
"28567","17696366","64830853","3.00","0","0"
"28568","138801","64830853","1.00","0","0"
"28569","66196175","64830853","1.00","0","0"
"28570","35300972","64830853","2.00","0","0"
"28571","30776391","64830853","3.00","0","0"
"28572","47165907","64830853","3.00","0","0"
"28573","21123409","64830853","5.00","0","0"
"28574","13749476","64830853","8.00","0","0"
"28575","58234947","64830853","5.00","0","0"
"28576","34834952","59287240","3.00","0","0"
"28577","14758894","59287240","6.00","0","0"
"28578","65409348","59287240","8.00","0","0"
"28579","11773348","59287240","4.00","0","0"
"28580","17696366","59287240","5.00","0","0"
"28581","138801","59287240","2.00","0","0"
"28582","66196175","59287240","3.00","0","0"
"28583","35300972","59287240","1.00","0","0"
"28584","30776391","59287240","1.00","0","0"
"28585","47165907","59287240","6.00","0","0"
"28586","21123409","59287240","1.00","0","0"
"28587","13749476","59287240","1.00","0","0"
"28588","58234947","59287240","7.00","0","0"
"28589","34834952","23372296","7.00","0","0"
"28590","14758894","23372296","1.00","0","0"
"28591","65409348","23372296","1.00","0","0"
"28592","11773348","23372296","7.00","0","0"
"28593","17696366","23372296","5.00","0","0"
"28594","138801","23372296","7.00","0","0"
"28595","66196175","23372296","2.00","0","0"
"28596","35300972","23372296","3.00","0","0"
"28597","30776391","23372296","5.00","0","0"
"28598","47165907","23372296","5.00","0","0"
"28599","21123409","23372296","2.00","0","0"
"28600","13749476","23372296","2.00","0","0"
"28601","58234947","23372296","1.00","0","0"
"28602","34834952","64521030","1.00","0","0"
"28603","14758894","64521030","7.00","0","0"
"28604","65409348","64521030","7.00","0","0"
"28605","11773348","64521030","3.00","0","0"
"28606","17696366","64521030","3.00","0","0"
"28607","138801","64521030","9.00","0","0"
"28608","66196175","64521030","4.00","0","0"
"28609","35300972","64521030","2.00","0","0"
"28610","30776391","64521030","3.00","0","0"
"28611","47165907","64521030","5.00","0","0"
"28612","21123409","64521030","1.00","0","0"
"28613","13749476","64521030","3.00","0","0"
"28614","58234947","64521030","3.00","0","0"
"28615","34834952","77996720","10.00","1","0"
"28616","14758894","77996720","5.00","0","0"
"28617","65409348","77996720","5.00","0","0"
"28618","11773348","77996720","1.00","0","0"
"28619","17696366","77996720","6.00","0","0"
"28620","138801","77996720","3.00","0","0"
"28621","66196175","77996720","1.00","0","0"
"28622","35300972","77996720","10.00","1","0"
"28623","30776391","77996720","1.00","0","0"
"28624","47165907","77996720","3.00","0","0"
"28625","21123409","77996720","3.00","0","0"
"28626","13749476","77996720","6.00","0","0"
"28627","58234947","77996720","5.00","0","0"
"28628","34834952","35887754","4.00","0","0"
"28629","14758894","35887754","2.00","0","0"
"28630","65409348","35887754","6.00","0","0"
"28631","11773348","35887754","2.00","0","0"
"28632","17696366","35887754","8.00","0","0"
"28633","138801","35887754","4.00","0","0"
"28634","66196175","35887754","2.00","0","0"
"28635","35300972","35887754","3.00","0","0"
"28636","30776391","35887754","4.00","0","0"
"28637","47165907","35887754","1.00","0","0"
"28638","21123409","35887754","9.00","0","0"
"28639","13749476","35887754","7.00","0","0"
"28640","58234947","35887754","1.00","0","0"
"28641","34834952","10576990","6.00","0","0"
"28642","14758894","10576990","7.00","0","0"
"28643","65409348","10576990","1.00","0","0"
"28644","11773348","10576990","5.00","0","0"
"28645","17696366","10576990","4.00","0","0"
"28646","138801","10576990","2.00","0","0"
"28647","66196175","10576990","6.00","0","0"
"28648","35300972","10576990","7.00","0","0"
"28649","30776391","10576990","2.00","0","0"
"28650","47165907","10576990","2.00","0","0"
"28651","21123409","10576990","8.00","0","0"
"28652","13749476","10576990","1.00","0","0"
"28653","58234947","10576990","10.00","1","0"
"28654","34834952","20708529","5.00","0","0"
"28655","14758894","20708529","2.00","0","0"
"28656","65409348","20708529","3.00","0","0"
"28657","11773348","20708529","5.00","0","0"
"28658","17696366","20708529","2.00","0","0"
"28659","138801","20708529","4.00","0","0"
"28660","66196175","20708529","8.00","0","0"
"28661","35300972","20708529","8.00","0","0"
"28662","30776391","20708529","4.00","0","0"
"28663","47165907","20708529","6.00","0","0"
"28664","21123409","20708529","4.00","0","0"
"28665","13749476","20708529","6.00","0","0"
"28666","58234947","20708529","6.00","0","0"
"28667","34834952","23474192","9.00","0","0"
"28668","14758894","23474192","3.00","0","0"
"28669","65409348","23474192","3.00","0","0"
"28670","11773348","23474192","6.00","0","0"
"28671","17696366","23474192","1.00","0","0"
"28672","138801","23474192","8.00","0","0"
"28673","66196175","23474192","4.00","0","0"
"28674","35300972","23474192","5.00","0","0"
"28675","30776391","23474192","9.00","0","0"
"28676","47165907","23474192","7.00","0","0"
"28677","21123409","23474192","5.00","0","0"
"28678","13749476","23474192","4.00","0","0"
"28679","58234947","23474192","2.00","0","0"
"28680","34834952","8699349","8.00","0","0"
"28681","14758894","8699349","8.00","0","0"
"28682","65409348","8699349","4.00","0","0"
"28683","11773348","8699349","6.00","0","0"
"28684","17696366","8699349","8.00","0","0"
"28685","138801","8699349","5.00","0","0"
"28686","66196175","8699349","7.00","0","0"
"28687","35300972","8699349","4.00","0","0"
"28688","30776391","8699349","6.00","0","0"
"28689","47165907","8699349","1.00","0","0"
"28690","21123409","8699349","4.00","0","0"
"28691","13749476","8699349","5.00","0","0"
"28692","58234947","8699349","2.00","0","0"
"28693","34834952","74174186","8.00","0","0"
"28694","14758894","74174186","4.00","0","0"
"28695","65409348","74174186","2.00","0","0"
"28696","11773348","74174186","9.00","0","0"
"28697","17696366","74174186","2.00","0","0"
"28698","138801","74174186","6.00","0","0"
"28699","66196175","74174186","7.00","0","0"
"28700","35300972","74174186","4.00","0","0"
"28701","30776391","74174186","6.00","0","0"
"28702","47165907","74174186","9.00","0","0"
"28703","21123409","74174186","8.00","0","0"
"28704","13749476","74174186","3.00","0","0"
"28705","58234947","74174186","4.00","0","0"
"28706","34834952","96517047","5.00","0","0"
"28707","14758894","96517047","5.00","0","0"
"28708","65409348","96517047","8.00","0","0"
"28709","11773348","96517047","9.00","0","0"
"28710","17696366","96517047","4.00","0","0"
"28711","138801","96517047","5.00","0","0"
"28712","66196175","96517047","5.00","0","0"
"28713","35300972","96517047","7.00","0","0"
"28714","30776391","96517047","7.00","0","0"
"28715","47165907","96517047","4.00","0","0"
"28716","21123409","96517047","2.00","0","0"
"28717","13749476","96517047","5.00","0","0"
"28718","58234947","96517047","6.00","0","0"
"28719","34834952","38352842","4.00","0","0"
"28720","14758894","38352842","3.00","0","0"
"28721","65409348","38352842","7.00","0","0"
"28722","11773348","38352842","2.00","0","0"
"28723","17696366","38352842","7.00","0","0"
"28724","138801","38352842","9.00","0","0"
"28725","66196175","38352842","5.00","0","0"
"28726","35300972","38352842","5.00","0","0"
"28727","30776391","38352842","8.00","0","0"
"28728","47165907","38352842","8.00","0","0"
"28729","21123409","38352842","6.00","0","0"
"28730","13749476","38352842","9.00","0","0"
"28731","58234947","38352842","4.00","0","0"
"28732","34834952","56265761","2.00","0","0"
"28733","14758894","56265761","8.00","0","0"
"28734","65409348","56265761","9.00","0","0"
"28735","11773348","56265761","7.00","0","0"
"28736","17696366","56265761","7.00","0","0"
"28737","138801","56265761","8.00","0","0"
"28738","66196175","56265761","6.00","0","0"
"28739","35300972","56265761","1.00","0","0"
"28740","30776391","56265761","5.00","0","0"
"28741","47165907","56265761","7.00","0","0"
"28742","21123409","56265761","7.00","0","0"
"28743","13749476","56265761","9.00","0","0"
"28744","58234947","56265761","8.00","0","0"
"28745","34834952","59382754","6.00","0","0"
"28746","14758894","59382754","9.00","0","0"
"28747","65409348","59382754","4.00","0","0"
"28748","11773348","59382754","8.00","0","0"
"28749","17696366","59382754","6.00","0","0"
"28750","138801","59382754","3.00","0","0"
"28751","66196175","59382754","10.00","1","0"
"28752","35300972","59382754","9.00","0","0"
"28753","30776391","59382754","7.00","0","0"
"28754","47165907","59382754","4.00","0","0"
"28755","21123409","59382754","7.00","0","0"
"28756","13749476","59382754","4.00","0","0"
"28757","58234947","59382754","7.00","0","0"
"28758","34834952","35882268","3.00","0","0"
"28759","14758894","35882268","9.00","0","0"
"28760","65409348","35882268","5.00","0","0"
"28761","11773348","35882268","8.00","0","0"
"28762","17696366","35882268","9.00","0","0"
"28763","138801","35882268","6.00","0","0"
"28764","66196175","35882268","9.00","0","0"
"28765","35300972","35882268","6.00","0","0"
"28766","30776391","35882268","10.00","1","0"
"28767","47165907","35882268","8.00","0","0"
"28768","21123409","35882268","9.00","0","0"
"28769","13749476","35882268","7.00","0","0"
"28770","58234947","35882268","10.00","1","0"
"28771","34834952","79941094","10.00","1","0"
"28772","14758894","79941094","6.00","0","0"
"28773","65409348","79941094","10.00","1","0"
"28774","11773348","79941094","4.00","0","0"
"28775","17696366","79941094","9.00","0","0"
"28776","138801","79941094","7.00","0","0"
"28777","66196175","79941094","8.00","0","0"
"28778","35300972","79941094","8.00","0","0"
"28779","30776391","79941094","8.00","0","0"
"28780","47165907","79941094","9.00","0","0"
"28781","21123409","79941094","6.00","0","0"
"28782","13749476","79941094","8.00","0","0"
"28783","58234947","79941094","9.00","0","0"
"28784","63565105","14947601","4.00","0","0"
"28785","98509489","14947601","9.00","0","0"
"28786","16748448","14947601","5.00","0","0"
"28787","13844239","14947601","1.00","0","0"
"28788","37260041","14947601","1.00","0","0"
"28789","96344775","14947601","1.00","0","0"
"28790","11311215","14947601","1.00","0","0"
"28791","89156148","14947601","4.00","0","0"
"28792","56514672","14947601","6.00","0","0"
"28793","74286716","14947601","1.00","0","0"
"28794","17381538","14947601","2.00","0","0"
"28795","44230068","14947601","5.00","0","0"
"28796","21804981","14947601","5.00","0","0"
"28797","96576557","14947601","3.00","0","0"
"28798","63565105","2968352","7.00","0","0"
"28799","98509489","2968352","2.00","0","0"
"28800","16748448","2968352","1.00","0","0"
"28801","13844239","2968352","8.00","0","0"
"28802","37260041","2968352","1.00","0","0"
"28803","96344775","2968352","5.00","0","0"
"28804","11311215","2968352","2.00","0","0"
"28805","89156148","2968352","5.00","0","0"
"28806","56514672","2968352","6.00","0","0"
"28807","74286716","2968352","2.00","0","0"
"28808","17381538","2968352","1.00","0","0"
"28809","44230068","2968352","4.00","0","0"
"28810","21804981","2968352","1.00","0","0"
"28811","96576557","2968352","3.00","0","0"
"28812","63565105","18767554","2.00","0","0"
"28813","98509489","18767554","2.00","0","0"
"28814","16748448","18767554","3.00","0","0"
"28815","13844239","18767554","5.00","0","0"
"28816","37260041","18767554","4.00","0","0"
"28817","96344775","18767554","2.00","0","0"
"28818","11311215","18767554","6.00","0","0"
"28819","89156148","18767554","2.00","0","0"
"28820","56514672","18767554","2.00","0","0"
"28821","74286716","18767554","11.00","1","0"
"28822","17381538","18767554","3.00","0","0"
"28823","44230068","18767554","6.00","0","0"
"28824","21804981","18767554","1.00","0","0"
"28825","96576557","18767554","1.00","0","0"
"28826","63565105","59287240","4.00","0","0"
"28827","98509489","59287240","1.00","0","0"
"28828","16748448","59287240","2.00","0","0"
"28829","13844239","59287240","4.00","0","0"
"28830","37260041","59287240","6.00","0","0"
"28831","96344775","59287240","4.00","0","0"
"28832","11311215","59287240","1.00","0","0"
"28833","89156148","59287240","6.00","0","0"
"28834","56514672","59287240","5.00","0","0"
"28835","74286716","59287240","4.00","0","0"
"28836","17381538","59287240","4.00","0","0"
"28837","44230068","59287240","1.00","0","0"
"28838","21804981","59287240","4.00","0","0"
"28839","96576557","59287240","4.00","0","0"
"28840","63565105","23628341","2.00","0","0"
"28841","98509489","23628341","5.00","0","0"
"28842","16748448","23628341","4.00","0","0"
"28843","13844239","23628341","2.00","0","0"
"28844","37260041","23628341","2.00","0","0"
"28845","96344775","23628341","5.00","0","0"
"28846","11311215","23628341","9.00","0","0"
"28847","89156148","23628341","1.00","0","0"
"28848","56514672","23628341","3.00","0","0"
"28849","74286716","23628341","1.00","0","0"
"28850","17381538","23628341","6.00","0","0"
"28851","44230068","23628341","3.00","0","0"
"28852","21804981","23628341","3.00","0","0"
"28853","96576557","23628341","11.00","1","0"
"28854","63565105","82519192","1.00","0","0"
"28855","98509489","82519192","5.00","0","0"
"28856","16748448","82519192","4.00","0","0"
"28857","13844239","82519192","3.00","0","0"
"28858","37260041","82519192","4.00","0","0"
"28859","96344775","82519192","1.00","0","0"
"28860","11311215","82519192","8.00","0","0"
"28861","89156148","82519192","6.00","0","0"
"28862","56514672","82519192","1.00","0","0"
"28863","74286716","82519192","8.00","0","0"
"28864","17381538","82519192","4.00","0","0"
"28865","44230068","82519192","6.00","0","0"
"28866","21804981","82519192","5.00","0","0"
"28867","96576557","82519192","3.00","0","0"
"28868","63565105","77440855","9.00","0","0"
"28869","98509489","77440855","9.00","0","0"
"28870","16748448","77440855","6.00","0","0"
"28871","13844239","77440855","2.00","0","0"
"28872","37260041","77440855","6.00","0","0"
"28873","96344775","77440855","9.00","0","0"
"28874","11311215","77440855","3.00","0","0"
"28875","89156148","77440855","1.00","0","0"
"28876","56514672","77440855","5.00","0","0"
"28877","74286716","77440855","2.00","0","0"
"28878","17381538","77440855","2.00","0","0"
"28879","44230068","77440855","5.00","0","0"
"28880","21804981","77440855","2.00","0","0"
"28881","96576557","77440855","1.00","0","0"
"28882","63565105","14091040","3.00","0","0"
"28883","98509489","14091040","3.00","0","0"
"28884","16748448","14091040","3.00","0","0"
"28885","13844239","14091040","4.00","0","0"
"28886","37260041","14091040","3.00","0","0"
"28887","96344775","14091040","8.00","0","0"
"28888","11311215","14091040","4.00","0","0"
"28889","89156148","14091040","5.00","0","0"
"28890","56514672","14091040","9.00","0","0"
"28891","74286716","14091040","4.00","0","0"
"28892","17381538","14091040","9.00","0","0"
"28893","44230068","14091040","4.00","0","0"
"28894","21804981","14091040","2.00","0","0"
"28895","96576557","14091040","5.00","0","0"
"28896","63565105","20173236","3.00","0","0"
"28897","98509489","20173236","7.00","0","0"
"28898","16748448","20173236","8.00","0","0"
"28899","13844239","20173236","1.00","0","0"
"28900","37260041","20173236","5.00","0","0"
"28901","96344775","20173236","6.00","0","0"
"28902","11311215","20173236","7.00","0","0"
"28903","89156148","20173236","3.00","0","0"
"28904","56514672","20173236","4.00","0","0"
"28905","74286716","20173236","8.00","0","0"
"28906","17381538","20173236","9.00","0","0"
"28907","44230068","20173236","1.00","0","0"
"28908","21804981","20173236","3.00","0","0"
"28909","96576557","20173236","2.00","0","0"
"28910","63565105","90735668","1.00","0","0"
"28911","98509489","90735668","8.00","0","0"
"28912","16748448","90735668","1.00","0","0"
"28913","13844239","90735668","6.00","0","0"
"28914","37260041","90735668","5.00","0","0"
"28915","96344775","90735668","7.00","0","0"
"28916","11311215","90735668","7.00","0","0"
"28917","89156148","90735668","4.00","0","0"
"28918","56514672","90735668","4.00","0","0"
"28919","74286716","90735668","7.00","0","0"
"28920","17381538","90735668","7.00","0","0"
"28921","44230068","90735668","3.00","0","0"
"28922","21804981","90735668","11.00","1","0"
"28923","96576557","90735668","4.00","0","0"
"28924","63565105","5394163","8.00","0","0"
"28925","98509489","5394163","4.00","0","0"
"28926","16748448","5394163","2.00","0","0"
"28927","13844239","5394163","9.00","0","0"
"28928","37260041","5394163","7.00","0","0"
"28929","96344775","5394163","2.00","0","0"
"28930","11311215","5394163","6.00","0","0"
"28931","89156148","5394163","7.00","0","0"
"28932","56514672","5394163","1.00","0","0"
"28933","74286716","5394163","9.00","0","0"
"28934","17381538","5394163","3.00","0","0"
"28935","44230068","5394163","2.00","0","0"
"28936","21804981","5394163","4.00","0","0"
"28937","96576557","5394163","11.00","1","0"
"28938","63565105","80812925","6.00","0","0"
"28939","98509489","80812925","6.00","0","0"
"28940","16748448","80812925","5.00","0","0"
"28941","13844239","80812925","6.00","0","0"
"28942","37260041","80812925","2.00","0","0"
"28943","96344775","80812925","6.00","0","0"
"28944","11311215","80812925","5.00","0","0"
"28945","89156148","80812925","3.00","0","0"
"28946","56514672","80812925","7.00","0","0"
"28947","74286716","80812925","3.00","0","0"
"28948","17381538","80812925","8.00","0","0"
"28949","44230068","80812925","7.00","0","0"
"28950","21804981","80812925","6.00","0","0"
"28951","96576557","80812925","6.00","0","0"
"28952","63565105","9193535","9.00","0","0"
"28953","98509489","9193535","3.00","0","0"
"28954","16748448","9193535","7.00","0","0"
"28955","13844239","9193535","8.00","0","0"
"28956","37260041","9193535","7.00","0","0"
"28957","96344775","9193535","4.00","0","0"
"28958","11311215","9193535","3.00","0","0"
"28959","89156148","9193535","2.00","0","0"
"28960","56514672","9193535","2.00","0","0"
"28961","74286716","9193535","6.00","0","0"
"28962","17381538","9193535","5.00","0","0"
"28963","44230068","9193535","8.00","0","0"
"28964","21804981","9193535","8.00","0","0"
"28965","96576557","9193535","5.00","0","0"
"28966","63565105","38352842","5.00","0","0"
"28967","98509489","38352842","1.00","0","0"
"28968","16748448","38352842","9.00","0","0"
"28969","13844239","38352842","3.00","0","0"
"28970","37260041","38352842","8.00","0","0"
"28971","96344775","38352842","3.00","0","0"
"28972","11311215","38352842","4.00","0","0"
"28973","89156148","38352842","9.00","0","0"
"28974","56514672","38352842","11.00","1","0"
"28975","74286716","38352842","5.00","0","0"
"28976","17381538","38352842","5.00","0","0"
"28977","44230068","38352842","8.00","0","0"
"28978","21804981","38352842","7.00","0","0"
"28979","96576557","38352842","2.00","0","0"
"28980","63565105","59382754","11.00","1","0"
"28981","98509489","59382754","8.00","0","0"
"28982","16748448","59382754","6.00","0","0"
"28983","13844239","59382754","7.00","0","0"
"28984","37260041","59382754","3.00","0","0"
"28985","96344775","59382754","8.00","0","0"
"28986","11311215","59382754","5.00","0","0"
"28987","89156148","59382754","8.00","0","0"
"28988","56514672","59382754","3.00","0","0"
"28989","74286716","59382754","3.00","0","0"
"28990","17381538","59382754","1.00","0","0"
"28991","44230068","59382754","7.00","0","0"
"28992","21804981","59382754","8.00","0","0"
"28993","96576557","59382754","8.00","0","0"
"28994","63565105","29673695","7.00","0","0"
"28995","98509489","29673695","6.00","0","0"
"28996","16748448","29673695","7.00","0","0"
"28997","13844239","29673695","5.00","0","0"
"28998","37260041","29673695","9.00","0","0"
"28999","96344775","29673695","3.00","0","0"
"29000","11311215","29673695","2.00","0","0"
"29001","89156148","29673695","8.00","0","0"
"29002","56514672","29673695","7.00","0","0"
"29003","74286716","29673695","5.00","0","0"
"29004","17381538","29673695","7.00","0","0"
"29005","44230068","29673695","9.00","0","0"
"29006","21804981","29673695","7.00","0","0"
"29007","96576557","29673695","6.00","0","0"
"29008","63565105","8699349","6.00","0","0"
"29009","98509489","8699349","4.00","0","0"
"29010","16748448","8699349","8.00","0","0"
"29011","13844239","8699349","7.00","0","0"
"29012","37260041","8699349","8.00","0","0"
"29013","96344775","8699349","7.00","0","0"
"29014","11311215","8699349","8.00","0","0"
"29015","89156148","8699349","7.00","0","0"
"29016","56514672","8699349","8.00","0","0"
"29017","74286716","8699349","6.00","0","0"
"29018","17381538","8699349","6.00","0","0"
"29019","44230068","8699349","2.00","0","0"
"29020","21804981","8699349","6.00","0","0"
"29021","96576557","8699349","7.00","0","0"
"29022","63565105","23372296","8.00","0","0"
"29023","98509489","23372296","7.00","0","0"
"29024","16748448","23372296","9.00","0","0"
"29025","13844239","23372296","9.00","0","0"
"29026","37260041","23372296","9.00","0","0"
"29027","96344775","23372296","9.00","0","0"
"29028","11311215","23372296","9.00","0","0"
"29029","89156148","23372296","9.00","0","0"
"29030","56514672","23372296","8.00","0","0"
"29031","74286716","23372296","7.00","0","0"
"29032","17381538","23372296","8.00","0","0"
"29033","44230068","23372296","9.00","0","0"
"29034","21804981","23372296","9.00","0","0"
"29035","96576557","23372296","6.00","0","0"
"29036","61612958","18767554","2.00","0","0"
"29037","21134369","18767554","6.00","0","0"
"29038","63311553","18767554","2.00","0","0"
"29039","89820175","18767554","3.00","0","0"
"29040","55179857","18767554","2.00","0","0"
"29041","35070569","18767554","1.00","0","0"
"29042","21273123","18767554","1.00","0","0"
"29043","21481108","18767554","4.00","0","0"
"29044","61612958","14947601","2.00","0","0"
"29045","21134369","14947601","1.00","0","0"
"29046","63311553","14947601","5.00","0","0"
"29047","89820175","14947601","2.00","0","0"
"29048","55179857","14947601","4.00","0","0"
"29049","35070569","14947601","5.00","0","0"
"29050","21273123","14947601","3.00","0","0"
"29051","21481108","14947601","2.00","0","0"
"29052","61612958","90735668","3.00","0","0"
"29053","21134369","90735668","2.00","0","0"
"29054","63311553","90735668","1.00","0","0"
"29055","89820175","90735668","7.00","0","0"
"29056","55179857","90735668","3.00","0","0"
"29057","35070569","90735668","3.00","0","0"
"29058","21273123","90735668","2.00","0","0"
"29059","21481108","90735668","8.00","0","0"
"29060","61612958","82519192","3.00","0","0"
"29061","21134369","82519192","2.00","0","0"
"29062","63311553","82519192","6.00","0","0"
"29063","89820175","82519192","5.00","0","0"
"29064","55179857","82519192","3.00","0","0"
"29065","35070569","82519192","2.00","0","0"
"29066","21273123","82519192","6.00","0","0"
"29067","21481108","82519192","3.00","0","0"
"29068","61612958","59287240","1.00","0","0"
"29069","21134369","59287240","5.00","0","0"
"29070","63311553","59287240","1.00","0","0"
"29071","89820175","59287240","1.00","0","0"
"29072","55179857","59287240","2.00","0","0"
"29073","35070569","59287240","9.00","0","0"
"29074","21273123","59287240","2.00","0","0"
"29075","21481108","59287240","9.00","0","0"
"29076","61612958","23628341","4.00","0","0"
"29077","21134369","23628341","1.00","0","0"
"29078","63311553","23628341","2.00","0","0"
"29079","89820175","23628341","1.00","0","0"
"29080","55179857","23628341","13.00","1","0"
"29081","35070569","23628341","4.00","0","0"
"29082","21273123","23628341","4.00","0","0"
"29083","21481108","23628341","5.00","0","0"
"29084","61612958","9193535","5.00","0","0"
"29085","21134369","9193535","7.00","0","0"
"29086","63311553","9193535","9.00","0","0"
"29087","89820175","9193535","4.00","0","0"
"29088","55179857","9193535","1.00","0","0"
"29089","35070569","9193535","1.00","0","0"
"29090","21273123","9193535","8.00","0","0"
"29091","21481108","9193535","1.00","0","0"
"29092","61612958","8699349","6.00","0","0"
"29093","21134369","8699349","4.00","0","0"
"29094","63311553","8699349","3.00","0","0"
"29095","89820175","8699349","5.00","0","0"
"29096","55179857","8699349","6.00","0","0"
"29097","35070569","8699349","4.00","0","0"
"29098","21273123","8699349","3.00","0","0"
"29099","21481108","8699349","6.00","0","0"
"29100","61612958","2968352","1.00","0","0"
"29101","21134369","2968352","9.00","0","0"
"29102","63311553","2968352","4.00","0","0"
"29103","89820175","2968352","2.00","0","0"
"29104","55179857","2968352","1.00","0","0"
"29105","35070569","2968352","3.00","0","0"
"29106","21273123","2968352","13.00","0","0"
"29107","21481108","2968352","7.00","0","0"
"29108","61612958","29673695","5.00","0","0"
"29109","21134369","29673695","4.00","0","0"
"29110","63311553","29673695","6.00","0","0"
"29111","89820175","29673695","8.00","0","0"
"29112","55179857","29673695","5.00","0","0"
"29113","35070569","29673695","5.00","0","0"
"29114","21273123","29673695","4.00","0","0"
"29115","21481108","29673695","13.00","0","0"
"29116","61612958","38352842","6.00","0","0"
"29117","21134369","38352842","5.00","0","0"
"29118","63311553","38352842","4.00","0","0"
"29119","89820175","38352842","7.00","0","0"
"29120","55179857","38352842","4.00","0","0"
"29121","35070569","38352842","6.00","0","0"
"29122","21273123","38352842","5.00","0","0"
"29123","21481108","38352842","13.00","0","0"
"29124","61612958","20173236","7.00","0","0"
"29125","21134369","20173236","3.00","0","0"
"29126","63311553","20173236","13.00","1","0"
"29127","89820175","20173236","6.00","0","0"
"29128","55179857","20173236","5.00","0","0"
"29129","35070569","20173236","7.00","0","0"
"29130","21273123","20173236","1.00","0","0"
"29131","21481108","20173236","13.00","0","0"
"29132","61612958","14091040","8.00","0","0"
"29133","21134369","14091040","3.00","0","0"
"29134","63311553","14091040","7.00","0","0"
"29135","89820175","14091040","3.00","0","0"
"29136","55179857","14091040","6.00","0","0"
"29137","35070569","14091040","8.00","0","0"
"29138","21273123","14091040","7.00","0","0"
"29139","21481108","14091040","13.00","0","0"
"29140","61612958","77440855","9.00","0","0"
"29141","21134369","77440855","6.00","0","0"
"29142","63311553","77440855","5.00","0","0"
"29143","89820175","77440855","4.00","0","0"
"29144","55179857","77440855","7.00","0","0"
"29145","35070569","77440855","6.00","0","0"
"29146","21273123","77440855","7.00","0","0"
"29147","21481108","77440855","13.00","0","0"
"29148","61612958","23372296","4.00","0","0"
"29149","21134369","23372296","9.00","0","0"
"29150","63311553","23372296","13.00","1","0"
"29151","89820175","23372296","9.00","0","0"
"29152","55179857","23372296","7.00","0","0"
"29153","35070569","23372296","2.00","0","0"
"29154","21273123","23372296","5.00","0","0"
"29155","21481108","23372296","13.00","0","0"
"29156","61612958","59382754","7.00","0","0"
"29157","21134369","59382754","8.00","0","0"
"29158","63311553","59382754","3.00","0","0"
"29159","89820175","59382754","8.00","0","0"
"29160","55179857","59382754","8.00","0","0"
"29161","35070569","59382754","8.00","0","0"
"29162","21273123","59382754","9.00","0","0"
"29163","21481108","59382754","13.00","0","0"
"29164","61612958","80812925","8.00","0","0"
"29165","21134369","80812925","7.00","0","0"
"29166","63311553","80812925","7.00","0","0"
"29167","89820175","80812925","6.00","0","0"
"29168","55179857","80812925","9.00","0","0"
"29169","35070569","80812925","9.00","0","0"
"29170","21273123","80812925","8.00","0","0"
"29171","21481108","80812925","13.00","0","0"
"29172","61612958","5394163","9.00","0","0"
"29173","21134369","5394163","8.00","0","0"
"29174","63311553","5394163","8.00","0","0"
"29175","89820175","5394163","9.00","0","0"
"29176","55179857","5394163","8.00","0","0"
"29177","35070569","5394163","7.00","0","0"
"29178","21273123","5394163","6.00","0","0"
"29179","21481108","5394163","13.00","0","0"
"29180","78765178","14091040","1.00","0","0"
"29181","80928994","14091040","2.00","0","0"
"29182","58086279","14091040","2.00","0","0"
"29183","53695792","14091040","1.00","0","0"
"29184","22614292","14091040","1.00","0","0"
"29185","79833474","14091040","1.00","0","0"
"29186","1656268","14091040","1.00","0","0"
"29187","66555280","14091040","5.00","0","0"
"29188","25456159","14091040","8.00","0","0"
"29189","64887292","14091040","3.00","0","0"
"29190","84014342","14091040","7.00","0","0"
"29191","26234190","14091040","3.00","0","0"
"29192","78765178","23628341","8.00","0","0"
"29193","80928994","23628341","1.00","0","0"
"29194","58086279","23628341","6.00","0","0"
"29195","53695792","23628341","4.00","0","0"
"29196","22614292","23628341","1.00","0","0"
"29197","79833474","23628341","3.00","0","0"
"29198","1656268","23628341","5.00","0","0"
"29199","66555280","23628341","2.00","0","0"
"29200","25456159","23628341","1.00","0","0"
"29201","64887292","23628341","2.00","0","0"
"29202","84014342","23628341","1.00","0","0"
"29203","26234190","23628341","2.00","0","0"
"29204","78765178","90735668","3.00","0","0"
"29205","80928994","90735668","5.00","0","0"
"29206","58086279","90735668","6.00","0","0"
"29207","53695792","90735668","2.00","0","0"
"29208","22614292","90735668","8.00","0","0"
"29209","79833474","90735668","2.00","0","0"
"29210","1656268","90735668","1.00","0","0"
"29211","66555280","90735668","3.00","0","0"
"29212","25456159","90735668","2.00","0","0"
"29213","64887292","90735668","2.00","0","0"
"29214","84014342","90735668","4.00","0","0"
"29215","26234190","90735668","1.00","0","0"
"29216","78765178","20173236","1.00","0","0"
"29217","80928994","20173236","3.00","0","0"
"29218","58086279","20173236","7.00","0","0"
"29219","53695792","20173236","4.00","0","0"
"29220","22614292","20173236","2.00","0","0"
"29221","79833474","20173236","4.00","0","0"
"29222","1656268","20173236","2.00","0","0"
"29223","66555280","20173236","1.00","0","0"
"29224","25456159","20173236","1.00","0","0"
"29225","64887292","20173236","4.00","0","0"
"29226","84014342","20173236","4.00","0","0"
"29227","26234190","20173236","9.00","0","0"
"29228","78765178","18767554","6.00","0","0"
"29229","80928994","18767554","1.00","0","0"
"29230","58086279","18767554","1.00","0","0"
"29231","53695792","18767554","1.00","0","0"
"29232","22614292","18767554","3.00","0","0"
"29233","79833474","18767554","2.00","0","0"
"29234","1656268","18767554","2.00","0","0"
"29235","66555280","18767554","3.00","0","0"
"29236","25456159","18767554","5.00","0","0"
"29237","64887292","18767554","7.00","0","0"
"29238","84014342","18767554","6.00","0","0"
"29239","26234190","18767554","6.00","0","0"
"29240","78765178","23372296","4.00","0","0"
"29241","80928994","23372296","4.00","0","0"
"29242","58086279","23372296","4.00","0","0"
"29243","53695792","23372296","2.00","0","0"
"29244","22614292","23372296","2.00","0","0"
"29245","79833474","23372296","6.00","0","0"
"29246","1656268","23372296","9.00","0","0"
"29247","66555280","23372296","9.00","0","0"
"29248","25456159","23372296","7.00","0","0"
"29249","64887292","23372296","1.00","0","0"
"29250","84014342","23372296","3.00","0","0"
"29251","26234190","23372296","4.00","0","0"
"29252","78765178","59287240","2.00","0","0"
"29253","80928994","59287240","5.00","0","0"
"29254","58086279","59287240","1.00","0","0"
"29255","53695792","59287240","5.00","0","0"
"29256","22614292","59287240","5.00","0","0"
"29257","79833474","59287240","1.00","0","0"
"29258","1656268","59287240","9.00","0","0"
"29259","66555280","59287240","7.00","0","0"
"29260","25456159","59287240","3.00","0","0"
"29261","64887292","59287240","6.00","0","0"
"29262","84014342","59287240","7.00","0","0"
"29263","26234190","59287240","13.00","1","0"
"29264","78765178","14947601","5.00","0","0"
"29265","80928994","14947601","6.00","0","0"
"29266","58086279","14947601","8.00","0","0"
"29267","53695792","14947601","7.00","0","0"
"29268","22614292","14947601","9.00","0","0"
"29269","79833474","14947601","9.00","0","0"
"29270","1656268","14947601","4.00","0","0"
"29271","66555280","14947601","4.00","0","0"
"29272","25456159","14947601","2.00","0","0"
"29273","64887292","14947601","1.00","0","0"
"29274","84014342","14947601","1.00","0","0"
"29275","26234190","14947601","7.00","0","0"
"29276","78765178","29673695","8.00","0","0"
"29277","80928994","29673695","3.00","0","0"
"29278","58086279","29673695","5.00","0","0"
"29279","53695792","29673695","3.00","0","0"
"29280","22614292","29673695","5.00","0","0"
"29281","79833474","29673695","9.00","0","0"
"29282","1656268","29673695","5.00","0","0"
"29283","66555280","29673695","4.00","0","0"
"29284","25456159","29673695","4.00","0","0"
"29285","64887292","29673695","5.00","0","0"
"29286","84014342","29673695","5.00","0","0"
"29287","26234190","29673695","8.00","0","0"
"29288","78765178","82519192","7.00","0","0"
"29289","80928994","82519192","6.00","0","0"
"29290","58086279","82519192","2.00","0","0"
"29291","53695792","82519192","8.00","0","0"
"29292","22614292","82519192","8.00","0","0"
"29293","79833474","82519192","3.00","0","0"
"29294","1656268","82519192","3.00","0","0"
"29295","66555280","82519192","2.00","0","0"
"29296","25456159","82519192","9.00","0","0"
"29297","64887292","82519192","4.00","0","0"
"29298","84014342","82519192","5.00","0","0"
"29299","26234190","82519192","1.00","0","0"
"29300","78765178","8699349","4.00","0","0"
"29301","80928994","8699349","2.00","0","0"
"29302","58086279","8699349","3.00","0","0"
"29303","53695792","8699349","9.00","0","0"
"29304","22614292","8699349","4.00","0","0"
"29305","79833474","8699349","7.00","0","0"
"29306","1656268","8699349","6.00","0","0"
"29307","66555280","8699349","8.00","0","0"
"29308","25456159","8699349","4.00","0","0"
"29309","64887292","8699349","6.00","0","0"
"29310","84014342","8699349","8.00","0","0"
"29311","26234190","8699349","2.00","0","0"
"29312","78765178","5394163","3.00","0","0"
"29313","80928994","5394163","13.00","1","0"
"29314","58086279","5394163","13.00","1","0"
"29315","53695792","5394163","5.00","0","0"
"29316","22614292","5394163","6.00","0","0"
"29317","79833474","5394163","5.00","0","0"
"29318","1656268","5394163","13.00","1","0"
"29319","66555280","5394163","1.00","0","0"
"29320","25456159","5394163","3.00","0","0"
"29321","64887292","5394163","3.00","0","0"
"29322","84014342","5394163","2.00","0","0"
"29323","26234190","5394163","8.00","0","0"
"29324","78765178","9193535","5.00","0","0"
"29325","80928994","9193535","4.00","0","0"
"29326","58086279","9193535","13.00","1","0"
"29327","53695792","9193535","6.00","0","0"
"29328","22614292","9193535","4.00","0","0"
"29329","79833474","9193535","6.00","0","0"
"29330","1656268","9193535","3.00","0","0"
"29331","66555280","9193535","6.00","0","0"
"29332","25456159","9193535","8.00","0","0"
"29333","64887292","9193535","8.00","0","0"
"29334","84014342","9193535","9.00","0","0"
"29335","26234190","9193535","3.00","0","0"
"29336","78765178","80812925","2.00","0","0"
"29337","80928994","80812925","7.00","0","0"
"29338","58086279","80812925","4.00","0","0"
"29339","53695792","80812925","9.00","0","0"
"29340","22614292","80812925","9.00","0","0"
"29341","79833474","80812925","8.00","0","0"
"29342","1656268","80812925","7.00","0","0"
"29343","66555280","80812925","8.00","0","0"
"29344","25456159","80812925","5.00","0","0"
"29345","64887292","80812925","8.00","0","0"
"29346","84014342","80812925","6.00","0","0"
"29347","26234190","80812925","5.00","0","0"
"29348","78765178","38352842","6.00","0","0"
"29349","80928994","38352842","9.00","0","0"
"29350","58086279","38352842","7.00","0","0"
"29351","53695792","38352842","8.00","0","0"
"29352","22614292","38352842","3.00","0","0"
"29353","79833474","38352842","4.00","0","0"
"29354","1656268","38352842","6.00","0","0"
"29355","66555280","38352842","9.00","0","0"
"29356","25456159","38352842","7.00","0","0"
"29357","64887292","38352842","5.00","0","0"
"29358","84014342","38352842","8.00","0","0"
"29359","26234190","38352842","6.00","0","0"
"29360","78765178","59382754","9.00","0","0"
"29361","80928994","59382754","8.00","0","0"
"29362","58086279","59382754","5.00","0","0"
"29363","53695792","59382754","6.00","0","0"
"29364","22614292","59382754","7.00","0","0"
"29365","79833474","59382754","5.00","0","0"
"29366","1656268","59382754","8.00","0","0"
"29367","66555280","59382754","5.00","0","0"
"29368","25456159","59382754","9.00","0","0"
"29369","64887292","59382754","9.00","0","0"
"29370","84014342","59382754","3.00","0","0"
"29371","26234190","59382754","7.00","0","0"
"29372","78765178","2968352","7.00","0","0"
"29373","80928994","2968352","10.00","0","0"
"29374","58086279","2968352","3.00","0","0"
"29375","53695792","2968352","3.00","0","0"
"29376","22614292","2968352","6.00","0","0"
"29377","79833474","2968352","8.00","0","0"
"29378","1656268","2968352","7.00","0","0"
"29379","66555280","2968352","6.00","0","0"
"29380","25456159","2968352","6.00","0","0"
"29381","64887292","2968352","13.00","0","0"
"29382","84014342","2968352","9.00","0","0"
"29383","26234190","2968352","4.00","0","0"
"29384","78765178","77440855","9.00","0","0"
"29385","80928994","77440855","13.00","1","0"
"29386","58086279","77440855","8.00","0","0"
"29387","53695792","77440855","7.00","0","0"
"29388","22614292","77440855","7.00","0","0"
"29389","79833474","77440855","7.00","0","0"
"29390","1656268","77440855","4.00","0","0"
"29391","66555280","77440855","7.00","0","0"
"29392","25456159","77440855","6.00","0","0"
"29393","64887292","77440855","7.00","0","0"
"29394","84014342","77440855","2.00","0","0"
"29395","26234190","77440855","9.00","0","0"
"29396","47061427","90735668","2.00","0","0"
"29397","68179036","90735668","6.00","0","0"
"29398","69746706","90735668","2.00","0","0"
"29399","99153629","90735668","1.00","0","0"
"29400","12208248","90735668","3.00","0","0"
"29401","32454426","90735668","4.00","0","0"
"29402","4805377","90735668","1.00","0","0"
"29403","91951930","90735668","6.00","0","0"
"29404","39200759","90735668","1.00","0","0"
"29405","44969305","90735668","4.00","0","0"
"29406","1903620","90735668","2.00","0","0"
"29407","82739982","90735668","4.00","0","0"
"29408","92109710","90735668","6.00","0","0"
"29409","69460679","90735668","2.00","0","0"
"29410","81329685","90735668","1.00","0","0"
"29411","47061427","29673695","1.00","0","0"
"29412","68179036","29673695","3.00","0","0"
"29413","69746706","29673695","4.00","0","0"
"29414","99153629","29673695","1.00","0","0"
"29415","12208248","29673695","1.00","0","0"
"29416","32454426","29673695","7.00","0","0"
"29417","4805377","29673695","6.00","0","0"
"29418","91951930","29673695","2.00","0","0"
"29419","39200759","29673695","6.00","0","0"
"29420","44969305","29673695","7.00","0","0"
"29421","1903620","29673695","3.00","0","0"
"29422","82739982","29673695","3.00","0","0"
"29423","92109710","29673695","2.00","0","0"
"29424","69460679","29673695","3.00","0","0"
"29425","81329685","29673695","8.00","0","0"
"29426","47061427","80812925","7.00","0","0"
"29427","68179036","80812925","2.00","0","0"
"29428","69746706","80812925","1.00","0","0"
"29429","99153629","80812925","2.00","0","0"
"29430","12208248","80812925","4.00","0","0"
"29431","32454426","80812925","2.00","0","0"
"29432","4805377","80812925","4.00","0","0"
"29433","91951930","80812925","4.00","0","0"
"29434","39200759","80812925","3.00","0","0"
"29435","44969305","80812925","4.00","0","0"
"29436","1903620","80812925","9.00","0","0"
"29437","82739982","80812925","3.00","0","0"
"29438","92109710","80812925","6.00","0","0"
"29439","69460679","80812925","5.00","0","0"
"29440","81329685","80812925","3.00","0","0"
"29441","47061427","59287240","4.00","0","0"
"29442","68179036","59287240","9.00","0","0"
"29443","69746706","59287240","2.00","0","0"
"29444","99153629","59287240","2.00","0","0"
"29445","12208248","59287240","2.00","0","0"
"29446","32454426","59287240","5.00","0","0"
"29447","4805377","59287240","3.00","0","0"
"29448","91951930","59287240","3.00","0","0"
"29449","39200759","59287240","2.00","0","0"
"29450","44969305","59287240","3.00","0","0"
"29451","1903620","59287240","13.00","1","0"
"29452","82739982","59287240","9.00","0","0"
"29453","92109710","59287240","1.00","0","0"
"29454","69460679","59287240","1.00","0","0"
"29455","81329685","59287240","4.00","0","0"
"29456","47061427","14947601","5.00","0","0"
"29457","68179036","14947601","1.00","0","0"
"29458","69746706","14947601","3.00","0","0"
"29459","99153629","14947601","9.00","0","0"
"29460","12208248","14947601","9.00","0","0"
"29461","32454426","14947601","4.00","0","0"
"29462","4805377","14947601","5.00","0","0"
"29463","91951930","14947601","2.00","0","0"
"29464","39200759","14947601","1.00","0","0"
"29465","44969305","14947601","5.00","0","0"
"29466","1903620","14947601","5.00","0","0"
"29467","82739982","14947601","1.50","0","0"
"29468","92109710","14947601","1.00","0","0"
"29469","69460679","14947601","4.00","0","0"
"29470","81329685","14947601","6.00","0","0"
"29471","47061427","18767554","6.00","0","0"
"29472","68179036","18767554","2.00","0","0"
"29473","69746706","18767554","6.00","0","0"
"29474","99153629","18767554","3.00","0","0"
"29475","12208248","18767554","6.00","0","0"
"29476","32454426","18767554","5.00","0","0"
"29477","4805377","18767554","6.00","0","0"
"29478","91951930","18767554","7.00","0","0"
"29479","39200759","18767554","4.00","0","0"
"29480","44969305","18767554","5.00","0","0"
"29481","1903620","18767554","2.00","0","0"
"29482","82739982","18767554","1.00","0","0"
"29483","92109710","18767554","4.00","0","0"
"29484","69460679","18767554","6.00","0","0"
"29485","81329685","18767554","2.00","0","0"
"29486","47061427","14091040","7.00","0","0"
"29487","68179036","14091040","4.00","0","0"
"29488","69746706","14091040","13.00","1","0"
"29489","99153629","14091040","4.00","0","0"
"29490","12208248","14091040","2.00","0","0"
"29491","32454426","14091040","1.00","0","0"
"29492","4805377","14091040","2.00","0","0"
"29493","91951930","14091040","5.00","0","0"
"29494","39200759","14091040","6.00","0","0"
"29495","44969305","14091040","6.00","0","0"
"29496","1903620","14091040","1.00","0","0"
"29497","82739982","14091040","9.00","0","0"
"29498","92109710","14091040","3.00","0","0"
"29499","69460679","14091040","1.00","0","0"
"29500","81329685","14091040","5.00","0","0"
"29501","47061427","20173236","1.00","0","0"
"29502","68179036","20173236","5.00","0","0"
"29503","69746706","20173236","1.00","0","0"
"29504","99153629","20173236","8.00","0","0"
"29505","12208248","20173236","9.00","0","0"
"29506","32454426","20173236","1.00","0","0"
"29507","4805377","20173236","7.00","0","0"
"29508","91951930","20173236","4.00","0","0"
"29509","39200759","20173236","7.00","0","0"
"29510","44969305","20173236","8.00","0","0"
"29511","1903620","20173236","5.00","0","0"
"29512","82739982","20173236","2.00","0","0"
"29513","92109710","20173236","5.00","0","0"
"29514","69460679","20173236","2.00","0","0"
"29515","81329685","20173236","7.00","0","0"
"29516","47061427","2968352","9.00","0","0"
"29517","68179036","2968352","3.00","0","0"
"29518","69746706","2968352","6.00","0","0"
"29519","99153629","2968352","8.00","0","0"
"29520","12208248","2968352","1.00","0","0"
"29521","32454426","2968352","6.00","0","0"
"29522","4805377","2968352","2.00","0","0"
"29523","91951930","2968352","1.00","0","0"
"29524","39200759","2968352","4.00","0","0"
"29525","44969305","2968352","3.00","0","0"
"29526","1903620","2968352","4.00","0","0"
"29527","82739982","2968352","6.00","0","0"
"29528","92109710","2968352","8.00","0","0"
"29529","69460679","2968352","4.00","0","0"
"29530","81329685","2968352","9.00","0","0"
"29531","47061427","23628341","3.00","0","0"
"29532","68179036","23628341","6.00","0","0"
"29533","69746706","23628341","7.00","0","0"
"29534","99153629","23628341","3.00","0","0"
"29535","12208248","23628341","7.00","0","0"
"29536","32454426","23628341","9.00","0","0"
"29537","4805377","23628341","5.00","0","0"
"29538","91951930","23628341","7.00","0","0"
"29539","39200759","23628341","5.00","0","0"
"29540","44969305","23628341","6.00","0","0"
"29541","1903620","23628341","1.00","0","0"
"29542","82739982","23628341","5.00","0","0"
"29543","92109710","23628341","2.00","0","0"
"29544","69460679","23628341","3.00","0","0"
"29545","81329685","23628341","1.00","0","0"
"29546","47061427","23372296","8.00","0","0"
"29547","68179036","23372296","1.00","0","0"
"29548","69746706","23372296","4.00","0","0"
"29549","99153629","23372296","7.00","0","0"
"29550","12208248","23372296","4.00","0","0"
"29551","32454426","23372296","3.00","0","0"
"29552","4805377","23372296","3.00","0","0"
"29553","91951930","23372296","1.00","0","0"
"29554","39200759","23372296","8.00","0","0"
"29555","44969305","23372296","1.00","0","0"
"29556","1903620","23372296","7.00","0","0"
"29557","82739982","23372296","6.00","0","0"
"29558","92109710","23372296","9.00","0","0"
"29559","69460679","23372296","7.00","0","0"
"29560","81329685","23372296","13.00","1","0"
"29561","47061427","5394163","5.00","0","0"
"29562","68179036","5394163","8.00","0","0"
"29563","69746706","5394163","5.00","0","0"
"29564","99153629","5394163","6.00","0","0"
"29565","12208248","5394163","6.00","0","0"
"29566","32454426","5394163","9.00","0","0"
"29567","4805377","5394163","4.00","0","0"
"29568","91951930","5394163","8.00","0","0"
"29569","39200759","5394163","8.00","0","0"
"29570","44969305","5394163","2.00","0","0"
"29571","1903620","5394163","3.00","0","0"
"29572","82739982","5394163","1.50","0","0"
"29573","92109710","5394163","9.00","0","0"
"29574","69460679","5394163","8.00","0","0"
"29575","81329685","5394163","2.00","0","0"
"29576","47061427","82519192","8.00","0","0"
"29577","68179036","82519192","8.00","0","0"
"29578","69746706","82519192","5.00","0","0"
"29579","99153629","82519192","4.00","0","0"
"29580","12208248","82519192","3.00","0","0"
"29581","32454426","82519192","6.00","0","0"
"29582","4805377","82519192","8.00","0","0"
"29583","91951930","82519192","5.00","0","0"
"29584","39200759","82519192","9.00","0","0"
"29585","44969305","82519192","1.00","0","0"
"29586","1903620","82519192","4.00","0","0"
"29587","82739982","82519192","5.00","0","0"
"29588","92109710","82519192","3.00","0","0"
"29589","69460679","82519192","7.00","0","0"
"29590","81329685","82519192","13.00","1","0"
"29591","47061427","77440855","9.00","0","0"
"29592","68179036","77440855","4.00","0","0"
"29593","69746706","77440855","3.00","0","0"
"29594","99153629","77440855","6.00","0","0"
"29595","12208248","77440855","5.00","0","0"
"29596","32454426","77440855","3.00","0","0"
"29597","4805377","77440855","7.00","0","0"
"29598","91951930","77440855","3.00","0","0"
"29599","39200759","77440855","7.00","0","0"
"29600","44969305","77440855","2.00","0","0"
"29601","1903620","77440855","8.00","0","0"
"29602","82739982","77440855","4.00","0","0"
"29603","92109710","77440855","7.00","0","0"
"29604","69460679","77440855","9.00","0","0"
"29605","81329685","77440855","13.00","1","0"
"29606","47061427","38352842","3.00","0","0"
"29607","68179036","38352842","7.00","0","0"
"29608","69746706","38352842","9.00","0","0"
"29609","99153629","38352842","5.00","0","0"
"29610","12208248","38352842","7.00","0","0"
"29611","32454426","38352842","8.00","0","0"
"29612","4805377","38352842","1.00","0","0"
"29613","91951930","38352842","8.00","0","0"
"29614","39200759","38352842","3.00","0","0"
"29615","44969305","38352842","9.00","0","0"
"29616","1903620","38352842","7.00","0","0"
"29617","82739982","38352842","8.00","0","0"
"29618","92109710","38352842","5.00","0","0"
"29619","69460679","38352842","6.00","0","0"
"29620","81329685","38352842","3.00","0","0"
"29621","47061427","8699349","2.00","0","0"
"29622","68179036","8699349","7.00","0","0"
"29623","69746706","8699349","8.00","0","0"
"29624","99153629","8699349","7.00","0","0"
"29625","12208248","8699349","13.00","1","0"
"29626","32454426","8699349","7.00","0","0"
"29627","4805377","8699349","8.00","0","0"
"29628","91951930","8699349","6.00","0","0"
"29629","39200759","8699349","2.00","0","0"
"29630","44969305","8699349","9.00","0","0"
"29631","1903620","8699349","8.00","0","0"
"29632","82739982","8699349","7.00","0","0"
"29633","92109710","8699349","4.00","0","0"
"29634","69460679","8699349","5.00","0","0"
"29635","81329685","8699349","4.00","0","0"
"29636","47061427","59382754","6.00","0","0"
"29637","68179036","59382754","5.00","0","0"
"29638","69746706","59382754","7.00","0","0"
"29639","99153629","59382754","5.00","0","0"
"29640","12208248","59382754","8.00","0","0"
"29641","32454426","59382754","2.00","0","0"
"29642","4805377","59382754","9.00","0","0"
"29643","91951930","59382754","9.00","0","0"
"29644","39200759","59382754","5.00","0","0"
"29645","44969305","59382754","8.00","0","0"
"29646","1903620","59382754","6.00","0","0"
"29647","82739982","59382754","7.00","0","0"
"29648","92109710","59382754","7.00","0","0"
"29649","69460679","59382754","9.00","0","0"
"29650","81329685","59382754","5.00","0","0"
"29651","47061427","9193535","4.00","0","0"
"29652","68179036","9193535","9.00","0","0"
"29653","69746706","9193535","8.00","0","0"
"29654","99153629","9193535","9.00","0","0"
"29655","12208248","9193535","8.00","0","0"
"29656","32454426","9193535","8.00","0","0"
"29657","4805377","9193535","9.00","0","0"
"29658","91951930","9193535","9.00","0","0"
"29659","39200759","9193535","9.00","0","0"
"29660","44969305","9193535","7.00","0","0"
"29661","1903620","9193535","6.00","0","0"
"29662","82739982","9193535","8.00","0","0"
"29663","92109710","9193535","8.00","0","0"
"29664","69460679","9193535","8.00","0","0"
"29665","81329685","9193535","6.00","0","0"
"29666","1612391","3343985","2.00","0","0"
"29667","960995","3343985","2.00","0","0"
"29668","67894839","3343985","3.00","0","0"
"29669","76456922","3343985","2.00","0","0"
"29670","23340623","3343985","4.00","0","0"
"29671","35420004","3343985","1.00","0","0"
"29672","91192202","3343985","1.00","0","0"
"29673","22238147","3343985","1.00","0","0"
"29674","14327726","3343985","5.00","0","0"
"29675","51655978","3343985","1.00","0","0"
"29676","36646608","3343985","2.00","0","0"
"29677","71843146","3343985","1.00","0","0"
"29678","57116103","3343985","1.00","0","0"
"29679","1612391","5117166","5.00","0","0"
"29680","960995","5117166","6.00","0","0"
"29681","67894839","5117166","1.00","0","0"
"29682","76456922","5117166","2.00","0","0"
"29683","23340623","5117166","1.00","0","0"
"29684","35420004","5117166","1.00","0","0"
"29685","91192202","5117166","3.00","0","0"
"29686","22238147","5117166","5.00","0","0"
"29687","14327726","5117166","2.00","0","0"
"29688","51655978","5117166","6.00","0","0"
"29689","36646608","5117166","3.00","0","0"
"29690","71843146","5117166","2.00","0","0"
"29691","57116103","5117166","3.00","0","0"
"29692","1612391","77440855","4.00","0","0"
"29693","960995","77440855","1.00","0","0"
"29694","67894839","77440855","2.00","0","0"
"29695","76456922","77440855","6.00","0","0"
"29696","23340623","77440855","2.00","0","0"
"29697","35420004","77440855","7.00","0","0"
"29698","91192202","77440855","3.00","0","0"
"29699","22238147","77440855","5.00","0","0"
"29700","14327726","77440855","3.00","0","0"
"29701","51655978","77440855","3.00","0","0"
"29702","36646608","77440855","2.00","0","0"
"29703","71843146","77440855","4.00","0","0"
"29704","57116103","77440855","3.00","0","0"
"29705","1612391","2968352","7.00","0","0"
"29706","960995","2968352","1.00","0","0"
"29707","67894839","2968352","4.00","0","0"
"29708","76456922","2968352","5.00","0","0"
"29709","23340623","2968352","4.00","0","0"
"29710","35420004","2968352","6.00","0","0"
"29711","91192202","2968352","1.00","0","0"
"29712","22238147","2968352","3.00","0","0"
"29713","14327726","2968352","1.00","0","0"
"29714","51655978","2968352","8.00","0","0"
"29715","36646608","2968352","6.00","0","0"
"29716","71843146","2968352","4.00","0","0"
"29717","57116103","2968352","4.00","0","0"
"29718","1612391","29673695","9.00","0","0"
"29719","960995","29673695","2.00","0","0"
"29720","67894839","29673695","10.00","0","0"
"29721","76456922","29673695","1.00","0","0"
"29722","23340623","29673695","6.00","0","0"
"29723","35420004","29673695","5.00","0","0"
"29724","91192202","29673695","2.00","0","0"
"29725","22238147","29673695","3.00","0","0"
"29726","14327726","29673695","2.00","0","0"
"29727","51655978","29673695","3.00","0","0"
"29728","36646608","29673695","1.00","0","0"
"29729","71843146","29673695","3.00","0","0"
"29730","57116103","29673695","6.00","0","0"
"29731","1612391","77996720","5.00","0","0"
"29732","960995","77996720","5.00","0","0"
"29733","67894839","77996720","6.00","0","0"
"29734","76456922","77996720","3.00","0","0"
"29735","23340623","77996720","3.00","0","0"
"29736","35420004","77996720","9.00","0","0"
"29737","91192202","77996720","5.00","0","0"
"29738","22238147","77996720","1.00","0","0"
"29739","14327726","77996720","9.00","0","0"
"29740","51655978","77996720","5.00","0","0"
"29741","36646608","77996720","1.00","0","0"
"29742","71843146","77996720","2.00","0","0"
"29743","57116103","77996720","8.00","0","0"
"29744","1612391","55674587","4.00","0","0"
"29745","960995","55674587","8.00","0","0"
"29746","67894839","55674587","1.00","0","0"
"29747","76456922","55674587","3.00","0","0"
"29748","23340623","55674587","1.00","0","0"
"29749","35420004","55674587","3.00","0","0"
"29750","91192202","55674587","9.00","0","0"
"29751","22238147","55674587","2.00","0","0"
"29752","14327726","55674587","1.00","0","0"
"29753","51655978","55674587","5.00","0","0"
"29754","36646608","55674587","6.00","0","0"
"29755","71843146","55674587","8.00","0","0"
"29756","57116103","55674587","7.00","0","0"
"29757","1612391","1696220","3.00","0","0"
"29758","960995","1696220","3.00","0","0"
"29759","67894839","1696220","3.00","0","0"
"29760","76456922","1696220","9.00","0","0"
"29761","23340623","1696220","5.00","0","0"
"29762","35420004","1696220","8.00","0","0"
"29763","91192202","1696220","2.00","0","0"
"29764","22238147","1696220","7.00","0","0"
"29765","14327726","1696220","4.00","0","0"
"29766","51655978","1696220","4.00","0","0"
"29767","36646608","1696220","9.00","0","0"
"29768","71843146","1696220","1.00","0","0"
"29769","57116103","1696220","5.00","0","0"
"29770","1612391","56132742","1.00","0","0"
"29771","960995","56132742","3.00","0","0"
"29772","67894839","56132742","8.00","0","0"
"29773","76456922","56132742","1.00","0","0"
"29774","23340623","56132742","5.00","0","0"
"29775","35420004","56132742","7.00","0","0"
"29776","91192202","56132742","7.00","0","0"
"29777","22238147","56132742","6.00","0","0"
"29778","14327726","56132742","7.00","0","0"
"29779","51655978","56132742","1.00","0","0"
"29780","36646608","56132742","8.00","0","0"
"29781","71843146","56132742","9.00","0","0"
"29782","57116103","56132742","4.00","0","0"
"29783","1612391","20173236","1.00","0","0"
"29784","960995","20173236","8.00","0","0"
"29785","67894839","20173236","9.00","0","0"
"29786","76456922","20173236","7.00","0","0"
"29787","23340623","20173236","3.00","0","0"
"29788","35420004","20173236","2.00","0","0"
"29789","91192202","20173236","5.00","0","0"
"29790","22238147","20173236","4.00","0","0"
"29791","14327726","20173236","7.00","0","0"
"29792","51655978","20173236","4.00","0","0"
"29793","36646608","20173236","3.00","0","0"
"29794","71843146","20173236","6.00","0","0"
"29795","57116103","20173236","9.00","0","0"
"29796","1612391","57004617","8.00","0","0"
"29797","960995","57004617","6.00","0","0"
"29798","67894839","57004617","5.00","0","0"
"29799","76456922","57004617","4.00","0","0"
"29800","23340623","57004617","8.00","0","0"
"29801","35420004","57004617","4.00","0","0"
"29802","91192202","57004617","6.00","0","0"
"29803","22238147","57004617","8.00","0","0"
"29804","14327726","57004617","3.00","0","0"
"29805","51655978","57004617","2.00","0","0"
"29806","36646608","57004617","5.00","0","0"
"29807","71843146","57004617","7.00","0","0"
"29808","57116103","57004617","2.00","0","0"
"29809","1612391","92127505","7.00","0","0"
"29810","960995","92127505","9.00","0","0"
"29811","67894839","92127505","2.00","0","0"
"29812","76456922","92127505","5.00","0","0"
"29813","23340623","92127505","7.00","0","0"
"29814","35420004","92127505","6.00","0","0"
"29815","91192202","92127505","6.00","0","0"
"29816","22238147","92127505","2.00","0","0"
"29817","14327726","92127505","5.00","0","0"
"29818","51655978","92127505","7.00","0","0"
"29819","36646608","92127505","4.00","0","0"
"29820","71843146","92127505","7.00","0","0"
"29821","57116103","92127505","2.00","0","0"
"29822","1612391","9193535","3.00","0","0"
"29823","960995","9193535","7.00","0","0"
"29824","67894839","9193535","7.00","0","0"
"29825","76456922","9193535","4.00","0","0"
"29826","23340623","9193535","6.00","0","0"
"29827","35420004","9193535","3.00","0","0"
"29828","91192202","9193535","4.00","0","0"
"29829","22238147","9193535","8.00","0","0"
"29830","14327726","9193535","4.00","0","0"
"29831","51655978","9193535","9.00","0","0"
"29832","36646608","9193535","9.00","0","0"
"29833","71843146","9193535","3.00","0","0"
"29834","57116103","9193535","6.00","0","0"
"29835","1612391","39262660","9.00","0","0"
"29836","960995","39262660","5.00","0","0"
"29837","67894839","39262660","4.00","0","0"
"29838","76456922","39262660","7.00","0","0"
"29839","23340623","39262660","2.00","0","0"
"29840","35420004","39262660","5.00","0","0"
"29841","91192202","39262660","4.00","0","0"
"29842","22238147","39262660","6.00","0","0"
"29843","14327726","39262660","8.00","0","0"
"29844","51655978","39262660","9.00","0","0"
"29845","36646608","39262660","7.00","0","0"
"29846","71843146","39262660","6.00","0","0"
"29847","57116103","39262660","7.00","0","0"
"29848","1612391","23372296","2.00","0","0"
"29849","960995","23372296","4.00","0","0"
"29850","67894839","23372296","7.00","0","0"
"29851","76456922","23372296","6.00","0","0"
"29852","23340623","23372296","8.00","0","0"
"29853","35420004","23372296","4.00","0","0"
"29854","91192202","23372296","9.00","0","0"
"29855","22238147","23372296","7.00","0","0"
"29856","14327726","23372296","9.00","0","0"
"29857","51655978","23372296","2.00","0","0"
"29858","36646608","23372296","4.00","0","0"
"29859","71843146","23372296","8.00","0","0"
"29860","57116103","23372296","5.00","0","0"
"29861","1612391","11484760","6.00","0","0"
"29862","960995","11484760","4.00","0","0"
"29863","67894839","11484760","8.00","0","0"
"29864","76456922","11484760","8.00","0","0"
"29865","23340623","11484760","7.00","0","0"
"29866","35420004","11484760","2.00","0","0"
"29867","91192202","11484760","8.00","0","0"
"29868","22238147","11484760","9.00","0","0"
"29869","14327726","11484760","6.00","0","0"
"29870","51655978","11484760","8.00","0","0"
"29871","36646608","11484760","7.00","0","0"
"29872","71843146","11484760","5.00","0","0"
"29873","57116103","11484760","1.00","0","0"
"29874","1612391","23474192","6.00","0","0"
"29875","960995","23474192","9.00","0","0"
"29876","67894839","23474192","5.00","0","0"
"29877","76456922","23474192","8.00","0","0"
"29878","23340623","23474192","9.00","0","0"
"29879","35420004","23474192","8.00","0","0"
"29880","91192202","23474192","8.00","0","0"
"29881","22238147","23474192","4.00","0","0"
"29882","14327726","23474192","6.00","0","0"
"29883","51655978","23474192","6.00","0","0"
"29884","36646608","23474192","5.00","0","0"
"29885","71843146","23474192","5.00","0","0"
"29886","57116103","23474192","9.00","0","0"
"29887","1612391","8699349","8.00","0","0"
"29888","960995","8699349","7.00","0","0"
"29889","67894839","8699349","6.00","0","0"
"29890","76456922","8699349","9.00","0","0"
"29891","23340623","8699349","9.00","0","0"
"29892","35420004","8699349","9.00","0","0"
"29893","91192202","8699349","7.00","0","0"
"29894","22238147","8699349","9.00","0","0"
"29895","14327726","8699349","8.00","0","0"
"29896","51655978","8699349","7.00","0","0"
"29897","36646608","8699349","8.00","0","0"
"29898","71843146","8699349","9.00","0","0"
"29899","57116103","8699349","8.00","0","0"
"29900","64534107","57004617","7.00","0","0"
"29901","43791329","57004617","4.00","0","0"
"29902","75007973","57004617","2.00","0","0"
"29903","40268151","57004617","3.00","0","0"
"29904","89484136","57004617","10.00","0","0"
"29905","35579421","57004617","2.00","0","0"
"29906","50525751","57004617","2.00","0","0"
"29907","21915677","57004617","1.00","0","0"
"29908","14373557","57004617","2.00","0","0"
"29909","73799008","57004617","3.00","0","0"
"29910","64534107","56132742","1.00","0","0"
"29911","43791329","56132742","4.00","0","0"
"29912","75007973","56132742","5.00","0","0"
"29913","40268151","56132742","1.00","0","0"
"29914","89484136","56132742","1.00","0","0"
"29915","35579421","56132742","5.00","0","0"
"29916","50525751","56132742","3.00","0","0"
"29917","21915677","56132742","5.00","0","0"
"29918","14373557","56132742","7.00","0","0"
"29919","73799008","56132742","4.00","0","0"
"29920","64534107","3343985","5.00","0","0"
"29921","43791329","3343985","5.00","0","0"
"29922","75007973","3343985","7.00","0","0"
"29923","40268151","3343985","1.00","0","0"
"29924","89484136","3343985","2.00","0","0"
"29925","35579421","3343985","2.00","0","0"
"29926","50525751","3343985","7.00","0","0"
"29927","21915677","3343985","2.00","0","0"
"29928","14373557","3343985","1.00","0","0"
"29929","73799008","3343985","2.00","0","0"
"29930","64534107","2968352","4.00","0","0"
"29931","43791329","2968352","1.00","0","0"
"29932","75007973","2968352","4.00","0","0"
"29933","40268151","2968352","2.00","0","0"
"29934","89484136","2968352","5.00","0","0"
"29935","35579421","2968352","1.00","0","0"
"29936","50525751","2968352","3.00","0","0"
"29937","21915677","2968352","4.00","0","0"
"29938","14373557","2968352","6.00","0","0"
"29939","73799008","2968352","5.00","0","0"
"29940","64534107","77996720","2.00","0","0"
"29941","43791329","77996720","2.00","0","0"
"29942","75007973","77996720","2.00","0","0"
"29943","40268151","77996720","5.00","0","0"
"29944","89484136","77996720","6.00","0","0"
"29945","35579421","77996720","6.00","0","0"
"29946","50525751","77996720","9.00","0","0"
"29947","21915677","77996720","1.00","0","0"
"29948","14373557","77996720","4.00","0","0"
"29949","73799008","77996720","3.00","0","0"
"29950","64534107","5117166","9.00","0","0"
"29951","43791329","5117166","7.00","0","0"
"29952","75007973","5117166","8.00","0","0"
"29953","40268151","5117166","4.00","0","0"
"29954","89484136","5117166","4.00","0","0"
"29955","35579421","5117166","1.00","0","0"
"29956","50525751","5117166","1.00","0","0"
"29957","21915677","5117166","6.00","0","0"
"29958","14373557","5117166","3.00","0","0"
"29959","73799008","5117166","6.00","0","0"
"29960","64534107","77440855","4.00","0","0"
"29961","43791329","77440855","6.00","0","0"
"29962","75007973","77440855","7.00","0","0"
"29963","40268151","77440855","4.00","0","0"
"29964","89484136","77440855","9.00","0","0"
"29965","35579421","77440855","3.00","0","0"
"29966","50525751","77440855","5.00","0","0"
"29967","21915677","77440855","6.00","0","0"
"29968","14373557","77440855","4.00","0","0"
"29969","73799008","77440855","1.00","0","0"
"29970","64534107","90476956","8.00","0","0"
"29971","43791329","90476956","5.00","0","0"
"29972","75007973","90476956","1.00","0","0"
"29973","40268151","90476956","3.00","0","0"
"29974","89484136","90476956","8.00","0","0"
"29975","35579421","90476956","4.00","0","0"
"29976","50525751","90476956","4.00","0","0"
"29977","21915677","90476956","3.00","0","0"
"29978","14373557","90476956","10.00","1","0"
"29979","73799008","90476956","1.00","0","0"
"29980","64534107","39262660","3.00","0","0"
"29981","43791329","39262660","1.00","0","0"
"29982","75007973","39262660","6.00","0","0"
"29983","40268151","39262660","5.00","0","0"
"29984","89484136","39262660","2.00","0","0"
"29985","35579421","39262660","7.00","0","0"
"29986","50525751","39262660","1.00","0","0"
"29987","21915677","39262660","8.00","0","0"
"29988","14373557","39262660","6.00","0","0"
"29989","73799008","39262660","9.00","0","0"
"29990","64534107","55674587","3.00","0","0"
"29991","43791329","55674587","3.00","0","0"
"29992","75007973","55674587","3.00","0","0"
"29993","40268151","55674587","9.00","0","0"
"29994","89484136","55674587","4.00","0","0"
"29995","35579421","55674587","4.00","0","0"
"29996","50525751","55674587","6.00","0","0"
"29997","21915677","55674587","7.00","0","0"
"29998","14373557","55674587","5.00","0","0"
"29999","73799008","55674587","5.00","0","0"
"30000","64534107","11484760","8.00","0","0"
"30001","43791329","11484760","7.00","0","0"
"30002","75007973","11484760","8.00","0","0"
"30003","40268151","11484760","9.00","0","0"
"30004","89484136","11484760","1.00","0","0"
"30005","35579421","11484760","5.00","0","0"
"30006","50525751","11484760","4.00","0","0"
"30007","21915677","11484760","3.00","0","0"
"30008","14373557","11484760","2.00","0","0"
"30009","73799008","11484760","4.00","0","0"
"30010","64534107","29673695","1.00","0","0"
"30011","43791329","29673695","9.00","0","0"
"30012","75007973","29673695","3.00","0","0"
"30013","40268151","29673695","2.00","0","0"
"30014","89484136","29673695","3.00","0","0"
"30015","35579421","29673695","8.00","0","0"
"30016","50525751","29673695","10.00","1","0"
"30017","21915677","29673695","9.00","0","0"
"30018","14373557","29673695","1.00","0","0"
"30019","73799008","29673695","8.00","0","0"
"30020","64534107","92127505","5.00","0","0"
"30021","43791329","92127505","8.00","0","0"
"30022","75007973","92127505","4.00","0","0"
"30023","40268151","92127505","7.00","0","0"
"30024","89484136","92127505","8.00","0","0"
"30025","35579421","92127505","7.00","0","0"
"30026","50525751","92127505","2.00","0","0"
"30027","21915677","92127505","2.00","0","0"
"30028","14373557","92127505","3.00","0","0"
"30029","73799008","92127505","7.00","0","0"
"30030","64534107","23474192","6.00","0","0"
"30031","43791329","23474192","2.00","0","0"
"30032","75007973","23474192","1.00","0","0"
"30033","40268151","23474192","8.00","0","0"
"30034","89484136","23474192","7.00","0","0"
"30035","35579421","23474192","3.00","0","0"
"30036","50525751","23474192","9.00","0","0"
"30037","21915677","23474192","5.00","0","0"
"30038","14373557","23474192","8.00","0","0"
"30039","73799008","23474192","7.00","0","0"
"30040","64534107","20173236","6.00","0","0"
"30041","43791329","20173236","9.00","0","0"
"30042","75007973","20173236","6.00","0","0"
"30043","40268151","20173236","6.00","0","0"
"30044","89484136","20173236","3.00","0","0"
"30045","35579421","20173236","9.00","0","0"
"30046","50525751","20173236","5.00","0","0"
"30047","21915677","20173236","7.00","0","0"
"30048","14373557","20173236","7.00","0","0"
"30049","73799008","20173236","2.00","0","0"
"30050","64534107","9193535","2.00","0","0"
"30051","43791329","9193535","3.00","0","0"
"30052","75007973","9193535","5.00","0","0"
"30053","40268151","9193535","6.00","0","0"
"30054","89484136","9193535","5.00","0","0"
"30055","35579421","9193535","10.00","0","0"
"30056","50525751","9193535","8.00","0","0"
"30057","21915677","9193535","9.00","0","0"
"30058","14373557","9193535","8.00","0","0"
"30059","73799008","9193535","6.00","0","0"
"30060","64534107","23372296","7.00","0","0"
"30061","43791329","23372296","6.00","0","0"
"30062","75007973","23372296","9.00","0","0"
"30063","40268151","23372296","7.00","0","0"
"30064","89484136","23372296","6.00","0","0"
"30065","35579421","23372296","6.00","0","0"
"30066","50525751","23372296","8.00","0","0"
"30067","21915677","23372296","8.00","0","0"
"30068","14373557","23372296","5.00","0","0"
"30069","73799008","23372296","9.00","0","0"
"30070","64534107","8699349","9.00","0","0"
"30071","43791329","8699349","8.00","0","0"
"30072","75007973","8699349","9.00","0","0"
"30073","40268151","8699349","8.00","0","0"
"30074","89484136","8699349","7.00","0","0"
"30075","35579421","8699349","8.00","0","0"
"30076","50525751","8699349","6.00","0","0"
"30077","21915677","8699349","4.00","0","0"
"30078","14373557","8699349","9.00","0","0"
"30079","73799008","8699349","8.00","0","0"
"30080","50630381","64830853","2.00","0","0"
"30081","67900623","64830853","3.00","0","0"
"30082","15348702","64830853","1.00","0","0"
"30083","58570167","64830853","6.00","0","0"
"30084","35133569","64830853","8.00","0","0"
"30085","2218114","64830853","2.00","0","0"
"30086","66340676","64830853","2.00","0","0"
"30087","85436998","64830853","1.00","0","0"
"30088","67388143","64830853","1.00","0","0"
"30089","34985354","64830853","5.00","0","0"
"30090","29352261","64830853","3.00","0","0"
"30091","50630381","77440855","4.00","0","0"
"30092","67900623","77440855","3.00","0","0"
"30093","15348702","77440855","1.00","0","0"
"30094","58570167","77440855","1.00","0","0"
"30095","35133569","77440855","1.00","0","0"
"30096","2218114","77440855","2.00","0","0"
"30097","66340676","77440855","7.00","0","0"
"30098","85436998","77440855","2.00","0","0"
"30099","67388143","77440855","8.00","0","0"
"30100","34985354","77440855","6.00","0","0"
"30101","29352261","77440855","2.00","0","0"
"30102","50630381","77996720","3.00","0","0"
"30103","67900623","77996720","1.00","0","0"
"30104","15348702","77996720","4.00","0","0"
"30105","58570167","77996720","4.00","0","0"
"30106","35133569","77996720","9.00","0","0"
"30107","2218114","77996720","4.00","0","0"
"30108","66340676","77996720","1.00","0","0"
"30109","85436998","77996720","1.00","0","0"
"30110","67388143","77996720","2.00","0","0"
"30111","34985354","77996720","7.00","0","0"
"30112","29352261","77996720","2.00","0","0"
"30113","50630381","90476956","1.00","0","0"
"30114","67900623","90476956","8.00","0","0"
"30115","15348702","90476956","2.00","0","0"
"30116","58570167","90476956","3.00","0","0"
"30117","35133569","90476956","6.00","0","0"
"30118","2218114","90476956","1.00","0","0"
"30119","66340676","90476956","3.00","0","0"
"30120","85436998","90476956","5.00","0","0"
"30121","67388143","90476956","4.00","0","0"
"30122","34985354","90476956","3.00","0","0"
"30123","29352261","90476956","4.00","0","0"
"30124","50630381","3343985","1.00","0","0"
"30125","67900623","3343985","0.00","0","0"
"30126","15348702","3343985","4.00","0","0"
"30127","58570167","3343985","2.00","0","0"
"30128","35133569","3343985","6.00","0","0"
"30129","2218114","3343985","6.00","0","0"
"30130","66340676","3343985","2.00","0","0"
"30131","85436998","3343985","2.00","0","0"
"30132","67388143","3343985","5.00","0","0"
"30133","34985354","3343985","2.00","0","0"
"30134","29352261","3343985","1.00","0","0"
"30135","50630381","56132742","3.00","0","0"
"30136","67900623","56132742","7.00","0","0"
"30137","15348702","56132742","8.00","0","0"
"30138","58570167","56132742","2.00","0","0"
"30139","35133569","56132742","3.00","0","0"
"30140","2218114","56132742","3.00","0","0"
"30141","66340676","56132742","1.00","0","0"
"30142","85436998","56132742","4.00","0","0"
"30143","67388143","56132742","3.00","0","0"
"30144","34985354","56132742","3.00","0","0"
"30145","29352261","56132742","6.00","0","0"
"30146","50630381","29673695","7.00","0","0"
"30147","67900623","29673695","1.00","0","0"
"30148","15348702","29673695","5.00","0","0"
"30149","58570167","29673695","3.00","0","0"
"30150","35133569","29673695","0.00","0","0"
"30151","2218114","29673695","1.00","0","0"
"30152","66340676","29673695","3.00","0","0"
"30153","85436998","29673695","3.00","0","0"
"30154","67388143","29673695","1.00","0","0"
"30155","34985354","29673695","9.00","0","0"
"30156","29352261","29673695","4.00","0","0"
"30157","50630381","5117166","8.00","0","0"
"30158","67900623","5117166","4.00","0","0"
"30159","15348702","5117166","3.00","0","0"
"30160","58570167","5117166","1.00","0","0"
"30161","35133569","5117166","7.00","0","0"
"30162","2218114","5117166","4.00","0","0"
"30163","66340676","5117166","4.00","0","0"
"30164","85436998","5117166","6.00","0","0"
"30165","67388143","5117166","2.00","0","0"
"30166","34985354","5117166","6.00","0","0"
"30167","29352261","5117166","7.00","0","0"
"30168","50630381","39262660","5.00","0","0"
"30169","67900623","39262660","5.00","0","0"
"30170","15348702","39262660","3.00","0","0"
"30171","58570167","39262660","5.00","0","0"
"30172","35133569","39262660","3.00","0","0"
"30173","2218114","39262660","7.00","0","0"
"30174","66340676","39262660","7.00","0","0"
"30175","85436998","39262660","4.00","0","0"
"30176","67388143","39262660","7.00","0","0"
"30177","34985354","39262660","4.00","0","0"
"30178","29352261","39262660","3.00","0","0"
"30179","50630381","23474192","5.00","0","0"
"30180","67900623","23474192","7.00","0","0"
"30181","15348702","23474192","2.00","0","0"
"30182","58570167","23474192","4.00","0","0"
"30183","35133569","23474192","5.00","0","0"
"30184","2218114","23474192","7.00","0","0"
"30185","66340676","23474192","5.00","0","0"
"30186","85436998","23474192","7.00","0","0"
"30187","67388143","23474192","0.00","0","0"
"30188","34985354","23474192","1.00","0","0"
"30189","29352261","23474192","1.00","0","0"
"30190","50630381","2968352","6.00","0","0"
"30191","67900623","2968352","4.00","0","0"
"30192","15348702","2968352","6.00","0","0"
"30193","58570167","2968352","6.00","0","0"
"30194","35133569","2968352","1.00","0","0"
"30195","2218114","2968352","5.00","0","0"
"30196","66340676","2968352","6.00","0","0"
"30197","85436998","2968352","3.00","0","0"
"30198","67388143","2968352","7.00","0","0"
"30199","34985354","2968352","4.00","0","0"
"30200","29352261","2968352","6.00","0","0"
"30201","50630381","57004617","2.00","0","0"
"30202","67900623","57004617","2.00","0","0"
"30203","15348702","57004617","5.00","0","0"
"30204","58570167","57004617","8.00","0","0"
"30205","35133569","57004617","2.00","0","0"
"30206","2218114","57004617","8.00","0","0"
"30207","66340676","57004617","8.00","0","0"
"30208","85436998","57004617","6.00","0","0"
"30209","67388143","57004617","3.00","0","0"
"30210","34985354","57004617","2.00","0","0"
"30211","29352261","57004617","8.00","0","0"
"30212","50630381","20173236","7.00","0","0"
"30213","67900623","20173236","6.00","0","0"
"30214","15348702","20173236","9.00","0","0"
"30215","58570167","20173236","8.00","0","0"
"30216","35133569","20173236","4.00","0","0"
"30217","2218114","20173236","6.00","0","0"
"30218","66340676","20173236","4.00","0","0"
"30219","85436998","20173236","5.00","0","0"
"30220","67388143","20173236","4.00","0","0"
"30221","34985354","20173236","1.00","0","0"
"30222","29352261","20173236","5.00","0","0"
"30223","50630381","55674587","9.00","0","0"
"30224","67900623","55674587","2.00","0","0"
"30225","15348702","55674587","6.00","0","0"
"30226","58570167","55674587","5.00","0","0"
"30227","35133569","55674587","2.00","0","0"
"30228","2218114","55674587","3.00","0","0"
"30229","66340676","55674587","6.00","0","0"
"30230","85436998","55674587","7.00","0","0"
"30231","67388143","55674587","6.00","0","0"
"30232","34985354","55674587","8.00","0","0"
"30233","29352261","55674587","8.00","0","0"
"30234","50630381","9193535","8.00","0","0"
"30235","67900623","9193535","9.00","0","0"
"30236","15348702","9193535","7.00","0","0"
"30237","58570167","9193535","9.00","0","0"
"30238","35133569","9193535","4.00","0","0"
"30239","2218114","9193535","9.00","0","0"
"30240","66340676","9193535","9.00","0","0"
"30241","85436998","9193535","8.00","0","0"
"30242","67388143","9193535","5.00","0","0"
"30243","34985354","9193535","5.00","0","0"
"30244","29352261","9193535","5.00","0","0"
"30245","50630381","23372296","4.00","0","0"
"30246","67900623","23372296","8.00","0","0"
"30247","15348702","23372296","7.00","0","0"
"30248","58570167","23372296","9.00","0","0"
"30249","35133569","23372296","5.00","0","0"
"30250","2218114","23372296","5.00","0","0"
"30251","66340676","23372296","9.00","0","0"
"30252","85436998","23372296","8.00","0","0"
"30253","67388143","23372296","8.00","0","0"
"30254","34985354","23372296","0.00","0","0"
"30255","29352261","23372296","7.00","0","0"
"30256","50630381","8699349","9.00","0","0"
"30257","67900623","8699349","6.00","0","0"
"30258","15348702","8699349","8.00","0","0"
"30259","58570167","8699349","7.00","0","0"
"30260","35133569","8699349","7.00","0","0"
"30261","2218114","8699349","9.00","0","0"
"30262","66340676","8699349","5.00","0","0"
"30263","85436998","8699349","9.00","0","0"
"30264","67388143","8699349","6.00","0","0"
"30265","34985354","8699349","7.00","0","0"
"30266","29352261","8699349","9.00","0","0"
"30267","50630381","11484760","6.00","0","0"
"30268","67900623","11484760","5.00","0","0"
"30269","15348702","11484760","9.00","0","0"
"30270","58570167","11484760","7.00","0","0"
"30271","35133569","11484760","8.00","0","0"
"30272","2218114","11484760","8.00","0","0"
"30273","66340676","11484760","8.00","0","0"
"30274","85436998","11484760","9.00","0","0"
"30275","67388143","11484760","0.00","0","0"
"30276","34985354","11484760","8.00","0","0"
"30277","29352261","11484760","9.00","0","0"
"30278","45642110","3343985","2.00","0","0"
"30279","53712339","3343985","4.00","0","0"
"30280","20776504","3343985","1.00","0","0"
"30281","88040803","3343985","1.00","0","0"
"30282","54013601","3343985","5.00","0","0"
"30283","64400944","3343985","7.00","0","0"
"30284","51837881","3343985","2.00","0","0"
"30285","54671385","3343985","1.00","0","0"
"30286","33666732","3343985","1.00","0","0"
"30287","67028683","3343985","7.00","0","0"
"30288","98275685","3343985","2.00","0","0"
"30289","31137531","3343985","1.00","0","0"
"30290","17144545","3343985","1.00","0","0"
"30291","35301134","3343985","3.00","0","0"
"30292","27757259","3343985","4.00","0","0"
"30293","45642110","5117166","5.00","0","0"
"30294","53712339","5117166","2.00","0","0"
"30295","20776504","5117166","5.00","0","0"
"30296","88040803","5117166","6.00","0","0"
"30297","54013601","5117166","5.00","0","0"
"30298","64400944","5117166","6.00","0","0"
"30299","51837881","5117166","1.00","0","0"
"30300","54671385","5117166","2.00","0","0"
"30301","33666732","5117166","6.00","0","0"
"30302","67028683","5117166","1.00","0","0"
"30303","98275685","5117166","3.00","0","0"
"30304","31137531","5117166","3.00","0","0"
"30305","17144545","5117166","2.00","0","0"
"30306","35301134","5117166","1.00","0","0"
"30307","27757259","5117166","7.00","0","0"
"30308","45642110","23372296","1.00","0","0"
"30309","53712339","23372296","3.00","0","0"
"30310","20776504","23372296","2.00","0","0"
"30311","88040803","23372296","2.00","0","0"
"30312","54013601","23372296","6.00","0","0"
"30313","64400944","23372296","1.00","0","0"
"30314","51837881","23372296","7.00","0","0"
"30315","54671385","23372296","5.00","0","0"
"30316","33666732","23372296","5.00","0","0"
"30317","67028683","23372296","5.00","0","0"
"30318","98275685","23372296","1.00","0","0"
"30319","31137531","23372296","10.00","1","0"
"30320","17144545","23372296","4.00","0","0"
"30321","35301134","23372296","5.00","0","0"
"30322","27757259","23372296","3.00","0","0"
"30323","45642110","2968352","5.00","0","0"
"30324","53712339","2968352","6.00","0","0"
"30325","20776504","2968352","3.00","0","0"
"30326","88040803","2968352","3.00","0","0"
"30327","54013601","2968352","8.00","0","0"
"30328","64400944","2968352","2.00","0","0"
"30329","51837881","2968352","4.00","0","0"
"30330","54671385","2968352","6.00","0","0"
"30331","33666732","2968352","7.00","0","0"
"30332","67028683","2968352","9.00","0","0"
"30333","98275685","2968352","1.00","0","0"
"30334","31137531","2968352","5.00","0","0"
"30335","17144545","2968352","3.00","0","0"
"30336","35301134","2968352","4.00","0","0"
"30337","27757259","2968352","2.00","0","0"
"30338","45642110","57004617","2.00","0","0"
"30339","53712339","57004617","3.00","0","0"
"30340","20776504","57004617","8.00","0","0"
"30341","88040803","57004617","1.00","0","0"
"30342","54013601","57004617","4.00","0","0"
"30343","64400944","57004617","3.00","0","0"
"30344","51837881","57004617","5.00","0","0"
"30345","54671385","57004617","3.00","0","0"
"30346","33666732","57004617","8.00","0","0"
"30347","67028683","57004617","2.00","0","0"
"30348","98275685","57004617","4.00","0","0"
"30349","31137531","57004617","3.00","0","0"
"30350","17144545","57004617","8.00","0","0"
"30351","35301134","57004617","8.00","0","0"
"30352","27757259","57004617","1.00","0","0"
"30353","45642110","64830853","8.00","0","0"
"30354","53712339","64830853","9.00","0","0"
"30355","20776504","64830853","1.00","0","0"
"30356","88040803","64830853","4.00","0","0"
"30357","54013601","64830853","1.00","0","0"
"30358","64400944","64830853","2.00","0","0"
"30359","51837881","64830853","5.00","0","0"
"30360","54671385","64830853","8.00","0","0"
"30361","33666732","64830853","2.00","0","0"
"30362","67028683","64830853","1.00","0","0"
"30363","98275685","64830853","4.00","0","0"
"30364","31137531","64830853","8.00","0","0"
"30365","17144545","64830853","3.00","0","0"
"30366","35301134","64830853","4.00","0","0"
"30367","27757259","64830853","1.00","0","0"
"30368","45642110","77996720","4.00","0","0"
"30369","53712339","77996720","5.00","0","0"
"30370","20776504","77996720","6.00","0","0"
"30371","88040803","77996720","3.00","0","0"
"30372","54013601","77996720","3.00","0","0"
"30373","64400944","77996720","9.00","0","0"
"30374","51837881","77996720","8.00","0","0"
"30375","54671385","77996720","3.00","0","0"
"30376","33666732","77996720","3.00","0","0"
"30377","67028683","77996720","4.00","0","0"
"30378","98275685","77996720","5.00","0","0"
"30379","31137531","77996720","2.00","0","0"
"30380","17144545","77996720","4.00","0","0"
"30381","35301134","77996720","2.00","0","0"
"30382","27757259","77996720","3.00","0","0"
"30383","45642110","77440855","7.00","0","0"
"30384","53712339","77440855","7.00","0","0"
"30385","20776504","77440855","8.00","0","0"
"30386","88040803","77440855","2.00","0","0"
"30387","54013601","77440855","4.00","0","0"
"30388","64400944","77440855","6.00","0","0"
"30389","51837881","77440855","7.00","0","0"
"30390","54671385","77440855","1.00","0","0"
"30391","33666732","77440855","3.00","0","0"
"30392","67028683","77440855","5.00","0","0"
"30393","98275685","77440855","2.00","0","0"
"30394","31137531","77440855","6.00","0","0"
"30395","17144545","77440855","6.00","0","0"
"30396","35301134","77440855","2.00","0","0"
"30397","27757259","77440855","5.00","0","0"
"30398","45642110","90476956","1.00","0","0"
"30399","53712339","90476956","1.00","0","0"
"30400","20776504","90476956","2.00","0","0"
"30401","88040803","90476956","5.00","0","0"
"30402","54013601","90476956","8.00","0","0"
"30403","64400944","90476956","9.00","0","0"
"30404","51837881","90476956","9.00","0","0"
"30405","54671385","90476956","9.00","0","0"
"30406","33666732","90476956","2.00","0","0"
"30407","67028683","90476956","2.00","0","0"
"30408","98275685","90476956","8.00","0","0"
"30409","31137531","90476956","2.00","0","0"
"30410","17144545","90476956","5.00","0","0"
"30411","35301134","90476956","5.00","0","0"
"30412","27757259","90476956","5.00","0","0"
"30413","45642110","39262660","3.00","0","0"
"30414","53712339","39262660","10.00","1","0"
"30415","20776504","39262660","7.00","0","0"
"30416","88040803","39262660","9.00","0","0"
"30417","54013601","39262660","3.00","0","0"
"30418","64400944","39262660","7.00","0","0"
"30419","51837881","39262660","3.00","0","0"
"30420","54671385","39262660","5.00","0","0"
"30421","33666732","39262660","4.00","0","0"
"30422","67028683","39262660","9.00","0","0"
"30423","98275685","39262660","3.00","0","0"
"30424","31137531","39262660","8.00","0","0"
"30425","17144545","39262660","2.00","0","0"
"30426","35301134","39262660","3.00","0","0"
"30427","27757259","39262660","4.00","0","0"
"30428","45642110","8699349","8.00","0","0"
"30429","53712339","8699349","4.00","0","0"
"30430","20776504","8699349","3.00","0","0"
"30431","88040803","8699349","6.00","0","0"
"30432","54013601","8699349","2.00","0","0"
"30433","64400944","8699349","4.00","0","0"
"30434","51837881","8699349","6.00","0","0"
"30435","54671385","8699349","6.00","0","0"
"30436","33666732","8699349","9.00","0","0"
"30437","67028683","8699349","6.00","0","0"
"30438","98275685","8699349","6.00","0","0"
"30439","31137531","8699349","4.00","0","0"
"30440","17144545","8699349","1.00","0","0"
"30441","35301134","8699349","9.00","0","0"
"30442","27757259","8699349","9.00","0","0"
"30443","45642110","56132742","3.00","0","0"
"30444","53712339","56132742","8.00","0","0"
"30445","20776504","56132742","4.00","0","0"
"30446","88040803","56132742","5.00","0","0"
"30447","54013601","56132742","1.00","0","0"
"30448","64400944","56132742","1.00","0","0"
"30449","51837881","56132742","9.00","0","0"
"30450","54671385","56132742","4.00","0","0"
"30451","33666732","56132742","4.00","0","0"
"30452","67028683","56132742","6.00","0","0"
"30453","98275685","56132742","7.00","0","0"
"30454","31137531","56132742","1.00","0","0"
"30455","17144545","56132742","9.00","0","0"
"30456","35301134","56132742","8.00","0","0"
"30457","27757259","56132742","10.00","0","0"
"30458","45642110","55674587","9.00","0","0"
"30459","53712339","55674587","6.00","0","0"
"30460","20776504","55674587","5.00","0","0"
"30461","88040803","55674587","4.00","0","0"
"30462","54013601","55674587","2.00","0","0"
"30463","64400944","55674587","8.00","0","0"
"30464","51837881","55674587","4.00","0","0"
"30465","54671385","55674587","8.00","0","0"
"30466","33666732","55674587","7.00","0","0"
"30467","67028683","55674587","3.00","0","0"
"30468","98275685","55674587","9.00","0","0"
"30469","31137531","55674587","5.00","0","0"
"30470","17144545","55674587","6.00","0","0"
"30471","35301134","55674587","7.00","0","0"
"30472","27757259","55674587","8.00","0","0"
"30473","45642110","9193535","4.00","0","0"
"30474","53712339","9193535","1.00","0","0"
"30475","20776504","9193535","9.00","0","0"
"30476","88040803","9193535","8.00","0","0"
"30477","54013601","9193535","6.00","0","0"
"30478","64400944","9193535","3.00","0","0"
"30479","51837881","9193535","6.00","0","0"
"30480","54671385","9193535","7.00","0","0"
"30481","33666732","9193535","5.00","0","0"
"30482","67028683","9193535","8.00","0","0"
"30483","98275685","9193535","5.00","0","0"
"30484","31137531","9193535","9.00","0","0"
"30485","17144545","9193535","7.00","0","0"
"30486","35301134","9193535","1.00","0","0"
"30487","27757259","9193535","8.00","0","0"
"30488","45642110","29673695","7.00","0","0"
"30489","53712339","29673695","8.00","0","0"
"30490","20776504","29673695","6.00","0","0"
"30491","88040803","29673695","8.00","0","0"
"30492","54013601","29673695","9.00","0","0"
"30493","64400944","29673695","4.00","0","0"
"30494","51837881","29673695","3.00","0","0"
"30495","54671385","29673695","4.00","0","0"
"30496","33666732","29673695","1.00","0","0"
"30497","67028683","29673695","3.00","0","0"
"30498","98275685","29673695","7.00","0","0"
"30499","31137531","29673695","4.00","0","0"
"30500","17144545","29673695","9.00","0","0"
"30501","35301134","29673695","7.00","0","0"
"30502","27757259","29673695","6.00","0","0"
"30503","45642110","11484760","6.00","0","0"
"30504","53712339","11484760","7.00","0","0"
"30505","20776504","11484760","7.00","0","0"
"30506","88040803","11484760","7.00","0","0"
"30507","54013601","11484760","9.00","0","0"
"30508","64400944","11484760","5.00","0","0"
"30509","51837881","11484760","8.00","0","0"
"30510","54671385","11484760","2.00","0","0"
"30511","33666732","11484760","8.00","0","0"
"30512","67028683","11484760","4.00","0","0"
"30513","98275685","11484760","8.00","0","0"
"30514","31137531","11484760","7.00","0","0"
"30515","17144545","11484760","7.00","0","0"
"30516","35301134","11484760","6.00","0","0"
"30517","27757259","11484760","2.00","0","0"
"30518","45642110","20173236","6.00","0","0"
"30519","53712339","20173236","2.00","0","0"
"30520","20776504","20173236","9.00","0","0"
"30521","88040803","20173236","9.00","0","0"
"30522","54013601","20173236","7.00","0","0"
"30523","64400944","20173236","5.00","0","0"
"30524","51837881","20173236","2.00","0","0"
"30525","54671385","20173236","9.00","0","0"
"30526","33666732","20173236","6.00","0","0"
"30527","67028683","20173236","8.00","0","0"
"30528","98275685","20173236","9.00","0","0"
"30529","31137531","20173236","6.00","0","0"
"30530","17144545","20173236","5.00","0","0"
"30531","35301134","20173236","6.00","0","0"
"30532","27757259","20173236","6.00","0","0"
"30533","45642110","23474192","9.00","0","0"
"30534","53712339","23474192","5.00","0","0"
"30535","20776504","23474192","4.00","0","0"
"30536","88040803","23474192","7.00","0","0"
"30537","54013601","23474192","7.00","0","0"
"30538","64400944","23474192","8.00","0","0"
"30539","51837881","23474192","1.00","0","0"
"30540","54671385","23474192","7.00","0","0"
"30541","33666732","23474192","9.00","0","0"
"30542","67028683","23474192","7.00","0","0"
"30543","98275685","23474192","6.00","0","0"
"30544","31137531","23474192","7.00","0","0"
"30545","17144545","23474192","8.00","0","0"
"30546","35301134","23474192","9.00","0","0"
"30547","27757259","23474192","7.00","0","0"
"30548","31781499","8240115","1.00","0","0"
"30549","23315710","8240115","1.00","0","0"
"30550","82884610","8240115","2.00","0","0"
"30551","43538686","8240115","1.00","0","0"
"30552","8575304","8240115","1.00","0","0"
"30553","47182580","8240115","1.00","0","0"
"30554","65025594","8240115","1.00","0","0"
"30555","88607639","8240115","1.00","0","0"
"30556","31781499","10708798","3.00","0","0"
"30557","23315710","10708798","3.00","0","0"
"30558","82884610","10708798","3.00","0","0"
"30559","43538686","10708798","5.00","0","0"
"30560","8575304","10708798","3.00","0","0"
"30561","47182580","10708798","2.00","0","0"
"30562","65025594","10708798","4.00","0","0"
"30563","88607639","10708798","4.00","0","0"
"30564","31781499","40580208","5.00","0","0"
"30565","23315710","40580208","2.00","0","0"
"30566","82884610","40580208","4.00","0","0"
"30567","43538686","40580208","2.00","0","0"
"30568","8575304","40580208","6.00","0","0"
"30569","47182580","40580208","3.00","0","0"
"30570","65025594","40580208","7.00","0","0"
"30571","88607639","40580208","2.00","0","0"
"30572","31781499","96517047","4.00","0","0"
"30573","23315710","96517047","7.00","0","0"
"30574","82884610","96517047","5.00","0","0"
"30575","43538686","96517047","3.00","0","0"
"30576","8575304","96517047","5.00","0","0"
"30577","47182580","96517047","7.00","0","0"
"30578","65025594","96517047","2.00","0","0"
"30579","88607639","96517047","3.00","0","0"
"30580","31781499","77440855","2.00","0","0"
"30581","23315710","77440855","4.00","0","0"
"30582","82884610","77440855","1.00","0","0"
"30583","43538686","77440855","8.00","0","0"
"30584","8575304","77440855","7.00","0","0"
"30585","47182580","77440855","6.00","0","0"
"30586","65025594","77440855","3.00","0","0"
"30587","88607639","77440855","9.00","1","0"
"30588","31781499","48068506","8.00","0","0"
"30589","23315710","48068506","9.00","1","0"
"30590","82884610","48068506","7.00","0","0"
"30591","43538686","48068506","4.00","0","0"
"30592","8575304","48068506","4.00","0","0"
"30593","47182580","48068506","4.00","0","0"
"30594","65025594","48068506","5.00","0","0"
"30595","88607639","48068506","5.00","0","0"
"30596","31781499","68955506","7.00","0","0"
"30597","23315710","68955506","5.00","0","0"
"30598","82884610","68955506","8.00","0","0"
"30599","43538686","68955506","6.00","0","0"
"30600","8575304","68955506","2.00","0","0"
"30601","47182580","68955506","5.00","0","0"
"30602","65025594","68955506","8.00","0","0"
"30603","88607639","68955506","6.00","0","0"
"30604","31781499","45666287","6.00","0","0"
"30605","23315710","45666287","6.00","0","0"
"30606","82884610","45666287","6.00","0","0"
"30607","43538686","45666287","7.00","0","0"
"30608","8575304","45666287","8.00","0","0"
"30609","47182580","45666287","8.00","0","0"
"30610","65025594","45666287","6.00","0","0"
"30611","88607639","45666287","9.00","1","0"
"30612","39899245","8240115","1.00","0","0"
"30613","46696706","8240115","1.00","0","0"
"30614","27354719","8240115","1.00","0","0"
"30615","23162636","8240115","2.00","0","0"
"30616","63577055","8240115","2.00","0","0"
"30617","61021108","8240115","2.00","0","0"
"30618","82948254","8240115","1.00","0","0"
"30619","63510805","8240115","2.00","0","0"
"30620","15507243","8240115","1.00","0","0"
"30621","39899245","77440855","3.00","0","0"
"30622","46696706","77440855","2.00","0","0"
"30623","27354719","77440855","2.00","0","0"
"30624","23162636","77440855","1.00","0","0"
"30625","63577055","77440855","1.00","0","0"
"30626","61021108","77440855","3.00","0","0"
"30627","82948254","77440855","5.00","0","0"
"30628","63510805","77440855","3.00","0","0"
"30629","15507243","77440855","2.00","0","0"
"30630","39899245","96517047","8.00","0","0"
"30631","46696706","96517047","5.00","0","0"
"30632","27354719","96517047","5.00","0","0"
"30633","23162636","96517047","4.00","0","0"
"30634","63577055","96517047","4.00","0","0"
"30635","61021108","96517047","1.00","0","0"
"30636","82948254","96517047","6.00","0","0"
"30637","63510805","96517047","1.00","0","0"
"30638","15507243","96517047","3.00","0","0"
"30639","39899245","40580208","4.00","0","0"
"30640","46696706","40580208","4.00","0","0"
"30641","27354719","40580208","7.00","0","0"
"30642","23162636","40580208","3.00","0","0"
"30643","63577055","40580208","3.00","0","0"
"30644","61021108","40580208","4.00","0","0"
"30645","82948254","40580208","7.00","0","0"
"30646","63510805","40580208","4.00","0","0"
"30647","15507243","40580208","8.00","0","0"
"30648","39899245","48068506","2.00","0","0"
"30649","46696706","48068506","3.00","0","0"
"30650","27354719","48068506","3.00","0","0"
"30651","23162636","48068506","5.00","0","0"
"30652","63577055","48068506","6.00","0","0"
"30653","61021108","48068506","7.00","0","0"
"30654","82948254","48068506","8.00","0","0"
"30655","63510805","48068506","5.00","0","0"
"30656","15507243","48068506","6.00","0","0"
"30657","39899245","45666287","6.00","0","0"
"30658","46696706","45666287","7.00","0","0"
"30659","27354719","45666287","4.00","0","0"
"30660","23162636","45666287","6.00","0","0"
"30661","63577055","45666287","5.00","0","0"
"30662","61021108","45666287","8.00","0","0"
"30663","82948254","45666287","4.00","0","0"
"30664","63510805","45666287","7.00","0","0"
"30665","15507243","45666287","5.00","0","0"
"30666","39899245","10708798","7.00","0","0"
"30667","46696706","10708798","6.00","0","0"
"30668","27354719","10708798","6.00","0","0"
"30669","23162636","10708798","7.00","0","0"
"30670","63577055","10708798","7.00","0","0"
"30671","61021108","10708798","6.00","0","0"
"30672","82948254","10708798","3.00","0","0"
"30673","63510805","10708798","6.00","0","0"
"30674","15507243","10708798","7.00","0","0"
"30675","39899245","68955506","5.00","0","0"
"30676","46696706","68955506","8.00","0","0"
"30677","27354719","68955506","8.00","0","0"
"30678","23162636","68955506","8.00","0","0"
"30679","63577055","68955506","8.00","0","0"
"30680","61021108","68955506","5.00","0","0"
"30681","82948254","68955506","2.00","0","0"
"30682","63510805","68955506","9.00","1","0"
"30683","15507243","68955506","4.00","0","0"
"30684","15177722","8240115","4.00","0","0"
"30685","23986305","8240115","1.00","0","0"
"30686","58302938","8240115","1.00","0","0"
"30687","69215051","8240115","1.00","0","0"
"30688","35400143","8240115","2.00","0","0"
"30689","5440379","8240115","5.00","0","0"
"30690","18641119","8240115","4.00","0","0"
"30691","92784451","8240115","1.00","0","0"
"30692","89566611","8240115","3.00","0","0"
"30693","75937965","8240115","1.00","0","0"
"30694","15177722","96517047","1.00","0","0"
"30695","23986305","96517047","4.00","0","0"
"30696","58302938","96517047","7.00","0","0"
"30697","69215051","96517047","6.00","0","0"
"30698","35400143","96517047","1.00","0","0"
"30699","5440379","96517047","3.00","0","0"
"30700","18641119","96517047","1.00","0","0"
"30701","92784451","96517047","2.00","0","0"
"30702","89566611","96517047","4.00","0","0"
"30703","75937965","96517047","8.00","0","0"
"30704","15177722","10708798","3.00","0","0"
"30705","23986305","10708798","3.00","0","0"
"30706","58302938","10708798","2.00","0","0"
"30707","69215051","10708798","2.00","0","0"
"30708","35400143","10708798","3.00","0","0"
"30709","5440379","10708798","7.00","0","0"
"30710","18641119","10708798","2.00","0","0"
"30711","92784451","10708798","7.00","0","0"
"30712","89566611","10708798","7.00","0","0"
"30713","75937965","10708798","2.00","0","0"
"30714","15177722","77440855","5.00","0","0"
"30715","23986305","77440855","2.00","0","0"
"30716","58302938","77440855","3.00","0","0"
"30717","69215051","77440855","7.00","0","0"
"30718","35400143","77440855","4.00","0","0"
"30719","5440379","77440855","2.00","0","0"
"30720","18641119","77440855","5.00","0","0"
"30721","92784451","77440855","8.00","0","0"
"30722","89566611","77440855","5.00","0","0"
"30723","75937965","77440855","4.00","0","0"
"30724","15177722","48068506","2.00","0","0"
"30725","23986305","48068506","9.00","0","0"
"30726","58302938","48068506","4.00","0","0"
"30727","69215051","48068506","4.00","0","0"
"30728","35400143","48068506","10.00","1","0"
"30729","5440379","48068506","6.00","0","0"
"30730","18641119","48068506","3.00","0","0"
"30731","92784451","48068506","4.00","0","0"
"30732","89566611","48068506","2.00","0","0"
"30733","75937965","48068506","3.00","0","0"
"30734","15177722","40580208","6.00","0","0"
"30735","23986305","40580208","5.00","0","0"
"30736","58302938","40580208","5.00","0","0"
"30737","69215051","40580208","5.00","0","0"
"30738","35400143","40580208","5.00","0","0"
"30739","5440379","40580208","1.00","0","0"
"30740","18641119","40580208","7.00","0","0"
"30741","92784451","40580208","6.00","0","0"
"30742","89566611","40580208","1.00","0","0"
"30743","75937965","40580208","10.00","1","0"
"30744","15177722","45666287","8.00","0","0"
"30745","23986305","45666287","8.00","0","0"
"30746","58302938","45666287","10.00","1","0"
"30747","69215051","45666287","3.00","0","0"
"30748","35400143","45666287","6.00","0","0"
"30749","5440379","45666287","4.00","0","0"
"30750","18641119","45666287","10.00","1","0"
"30751","92784451","45666287","3.00","0","0"
"30752","89566611","45666287","8.00","0","0"
"30753","75937965","45666287","5.00","0","0"
"30754","15177722","68955506","7.00","0","0"
"30755","23986305","68955506","6.00","0","0"
"30756","58302938","68955506","6.00","0","0"
"30757","69215051","68955506","9.00","0","0"
"30758","35400143","68955506","10.00","1","0"
"30759","5440379","68955506","9.00","0","0"
"30760","18641119","68955506","6.00","0","0"
"30761","92784451","68955506","5.00","0","0"
"30762","89566611","68955506","6.00","0","0"
"30763","75937965","68955506","6.00","0","0"
"30764","15177722","67250387","9.00","0","0"
"30765","23986305","67250387","7.00","0","0"
"30766","58302938","67250387","10.00","1","0"
"30767","69215051","67250387","8.00","0","0"
"30768","35400143","67250387","10.00","1","0"
"30769","5440379","67250387","8.00","0","0"
"30770","18641119","67250387","8.00","0","0"
"30771","92784451","67250387","9.00","0","0"
"30772","89566611","67250387","9.00","0","0"
"30773","75937965","67250387","7.00","0","0"
"30774","44664935","40580208","1.00","0","0"
"30775","52517642","40580208","3.00","0","0"
"30776","72618224","40580208","2.00","0","0"
"30777","24812648","40580208","1.00","0","0"
"30778","67303328","40580208","4.00","0","0"
"30779","76525525","40580208","5.00","0","0"
"30780","44664935","8240115","3.00","0","0"
"30781","52517642","8240115","1.00","0","0"
"30782","72618224","8240115","3.00","0","0"
"30783","24812648","8240115","2.00","0","0"
"30784","67303328","8240115","2.00","0","0"
"30785","76525525","8240115","6.00","0","0"
"30786","44664935","10708798","5.00","0","0"
"30787","52517642","10708798","2.00","0","0"
"30788","72618224","10708798","8.00","0","0"
"30789","24812648","10708798","7.00","0","0"
"30790","67303328","10708798","3.00","0","0"
"30791","76525525","10708798","1.00","0","0"
"30792","44664935","96517047","7.00","0","0"
"30793","52517642","96517047","8.00","0","0"
"30794","72618224","96517047","5.00","0","0"
"30795","24812648","96517047","3.00","0","0"
"30796","67303328","96517047","1.00","0","0"
"30797","76525525","96517047","2.00","0","0"
"30798","44664935","68955506","2.00","0","0"
"30799","52517642","68955506","4.00","0","0"
"30800","72618224","68955506","9.00","0","0"
"30801","24812648","68955506","6.00","0","0"
"30802","67303328","68955506","5.00","0","0"
"30803","76525525","68955506","3.00","0","0"
"30804","44664935","77440855","4.00","0","0"
"30805","52517642","77440855","5.00","0","0"
"30806","72618224","77440855","4.00","0","0"
"30807","24812648","77440855","5.00","0","0"
"30808","67303328","77440855","6.00","0","0"
"30809","76525525","77440855","7.00","0","0"
"30810","44664935","48068506","6.00","0","0"
"30811","52517642","48068506","6.00","0","0"
"30812","72618224","48068506","1.00","0","0"
"30813","24812648","48068506","4.00","0","0"
"30814","67303328","48068506","8.00","0","0"
"30815","76525525","48068506","8.00","0","0"
"30816","44664935","67250387","9.00","0","0"
"30817","52517642","67250387","7.00","0","0"
"30818","72618224","67250387","7.00","0","0"
"30819","24812648","67250387","8.00","0","0"
"30820","67303328","67250387","7.00","0","0"
"30821","76525525","67250387","4.00","0","0"
"30822","44664935","45666287","8.00","0","0"
"30823","52517642","45666287","9.00","0","0"
"30824","72618224","45666287","6.00","0","0"
"30825","24812648","45666287","9.00","0","0"
"30826","67303328","45666287","10.00","1","0"
"30827","76525525","45666287","9.00","0","0"
"30828","43787408","14947601","2.00","0","0"
"30829","23598062","14947601","9.00","0","0"
"30830","9730103","14947601","2.00","0","0"
"30831","93803456","14947601","9.00","0","0"
"30832","90033922","14947601","3.00","0","0"
"30833","63100327","14947601","5.00","0","0"
"30834","21912471","14947601","9.00","0","0"
"30835","90162499","14947601","1.00","0","0"
"30836","89216848","14947601","3.00","0","0"
"30837","53011928","14947601","9.00","0","0"
"30838","32672893","14947601","1.00","0","0"
"30839","60869009","14947601","1.00","0","0"
"30840","38808090","14947601","9.00","0","0"
"30841","27065248","14947601","1.00","0","0"
"30842","88584137","14947601","1.00","0","0"
"30843","85284286","14947601","9.00","0","0"
"30844","49774563","14947601","1.00","0","0"
"30845","55090013","14947601","2.00","0","0"
"30846","11567738","14947601","9.00","0","0"
"30847","98297352","14947601","1.00","0","0"
"30848","51128143","14947601","1.00","0","0"
"30849","66538135","14947601","9.00","0","0"
"30850","82194218","14947601","2.00","0","0"
"30851","90050621","14947601","1.00","0","0"
"30852","43787408","576156","6.00","0","0"
"30853","23598062","576156","1.00","0","0"
"30854","9730103","576156","9.00","0","0"
"30855","93803456","576156","4.00","0","0"
"30856","90033922","576156","9.00","0","0"
"30857","63100327","576156","2.00","0","0"
"30858","21912471","576156","1.00","0","0"
"30859","90162499","576156","2.00","0","0"
"30860","89216848","576156","9.00","0","0"
"30861","53011928","576156","2.00","0","0"
"30862","32672893","576156","9.00","0","0"
"30863","60869009","576156","3.00","0","0"
"30864","38808090","576156","2.00","0","0"
"30865","27065248","576156","9.00","0","0"
"30866","88584137","576156","6.00","0","0"
"30867","85284286","576156","1.00","0","0"
"30868","49774563","576156","2.00","0","0"
"30869","55090013","576156","9.00","0","0"
"30870","11567738","576156","5.00","0","0"
"30871","98297352","576156","4.00","0","0"
"30872","51128143","576156","9.00","0","0"
"30873","66538135","576156","1.00","0","0"
"30874","82194218","576156","4.00","0","0"
"30875","90050621","576156","9.00","0","0"
"30876","43787408","77440855","4.00","0","0"
"30877","23598062","77440855","9.00","0","0"
"30878","9730103","77440855","4.00","0","0"
"30879","93803456","77440855","1.00","0","0"
"30880","90033922","77440855","9.00","0","0"
"30881","63100327","77440855","4.00","0","0"
"30882","21912471","77440855","3.00","0","0"
"30883","90162499","77440855","9.00","0","0"
"30884","89216848","77440855","1.00","0","0"
"30885","53011928","77440855","4.00","0","0"
"30886","32672893","77440855","9.00","0","0"
"30887","60869009","77440855","5.00","0","0"
"30888","38808090","77440855","1.00","0","0"
"30889","27065248","77440855","9.00","0","0"
"30890","88584137","77440855","3.00","0","0"
"30891","85284286","77440855","3.00","0","0"
"30892","49774563","77440855","9.00","0","0"
"30893","55090013","77440855","4.00","0","0"
"30894","11567738","77440855","1.00","0","0"
"30895","98297352","77440855","9.00","0","0"
"30896","51128143","77440855","3.00","0","0"
"30897","66538135","77440855","3.00","0","0"
"30898","82194218","77440855","9.00","0","0"
"30899","90050621","77440855","3.00","0","0"
"30900","43787408","82519192","9.00","0","0"
"30901","23598062","82519192","2.00","0","0"
"30902","9730103","82519192","1.00","0","0"
"30903","93803456","82519192","9.00","0","0"
"30904","90033922","82519192","1.00","0","0"
"30905","63100327","82519192","3.00","0","0"
"30906","21912471","82519192","9.00","0","0"
"30907","90162499","82519192","7.00","0","0"
"30908","89216848","82519192","2.00","0","0"
"30909","53011928","82519192","9.00","0","0"
"30910","32672893","82519192","4.00","0","0"
"30911","60869009","82519192","2.00","0","0"
"30912","38808090","82519192","9.00","0","0"
"30913","27065248","82519192","2.00","0","0"
"30914","88584137","82519192","2.00","0","0"
"30915","85284286","82519192","9.00","0","0"
"30916","49774563","82519192","3.00","0","0"
"30917","55090013","82519192","1.00","0","0"
"30918","11567738","82519192","9.00","0","0"
"30919","98297352","82519192","2.00","0","0"
"30920","51128143","82519192","9.00","1","0"
"30921","66538135","82519192","9.00","0","0"
"30922","82194218","82519192","3.00","0","0"
"30923","90050621","82519192","4.00","0","0"
"30924","43787408","14091040","5.00","0","0"
"30925","23598062","14091040","3.00","0","0"
"30926","9730103","14091040","9.00","0","0"
"30927","93803456","14091040","3.00","0","0"
"30928","90033922","14091040","2.00","0","0"
"30929","63100327","14091040","9.00","0","0"
"30930","21912471","14091040","2.00","0","0"
"30931","90162499","14091040","3.00","0","0"
"30932","89216848","14091040","9.00","0","0"
"30933","53011928","14091040","3.00","0","0"
"30934","32672893","14091040","5.00","0","0"
"30935","60869009","14091040","9.00","0","0"
"30936","38808090","14091040","5.00","0","0"
"30937","27065248","14091040","3.00","0","0"
"30938","88584137","14091040","9.00","0","0"
"30939","85284286","14091040","2.00","0","0"
"30940","49774563","14091040","4.00","0","0"
"30941","55090013","14091040","9.00","0","0"
"30942","11567738","14091040","2.00","0","0"
"30943","98297352","14091040","7.00","0","0"
"30944","51128143","14091040","9.00","0","0"
"30945","66538135","14091040","9.00","0","0"
"30946","82194218","14091040","1.00","0","0"
"30947","90050621","14091040","7.00","0","0"
"30948","43787408","47299099","7.00","0","0"
"30949","23598062","47299099","9.00","0","0"
"30950","9730103","47299099","5.00","0","0"
"30951","93803456","47299099","2.00","0","0"
"30952","90033922","47299099","5.00","0","0"
"30953","63100327","47299099","9.00","0","0"
"30954","21912471","47299099","5.00","0","0"
"30955","90162499","47299099","5.00","0","0"
"30956","89216848","47299099","9.00","0","0"
"30957","53011928","47299099","1.00","0","0"
"30958","32672893","47299099","2.00","0","0"
"30959","60869009","47299099","9.00","0","0"
"30960","38808090","47299099","7.00","0","0"
"30961","27065248","47299099","6.00","0","0"
"30962","88584137","47299099","9.00","0","0"
"30963","85284286","47299099","4.00","0","0"
"30964","49774563","47299099","7.00","0","0"
"30965","55090013","47299099","9.00","0","0"
"30966","11567738","47299099","4.00","0","0"
"30967","98297352","47299099","3.00","0","0"
"30968","51128143","47299099","9.00","0","0"
"30969","66538135","47299099","2.00","0","0"
"30970","82194218","47299099","7.00","0","0"
"30971","90050621","47299099","9.00","0","0"
"30972","43787408","359628","3.00","0","0"
"30973","23598062","359628","7.00","0","0"
"30974","9730103","359628","9.00","0","0"
"30975","93803456","359628","5.00","0","0"
"30976","90033922","359628","9.00","0","0"
"30977","63100327","359628","1.00","0","0"
"30978","21912471","359628","6.00","0","0"
"30979","90162499","359628","9.00","0","0"
"30980","89216848","359628","7.00","0","0"
"30981","53011928","359628","5.00","0","0"
"30982","32672893","359628","9.00","0","0"
"30983","60869009","359628","9.00","1","0"
"30984","38808090","359628","3.00","0","0"
"30985","27065248","359628","9.00","0","0"
"30986","88584137","359628","5.00","0","0"
"30987","85284286","359628","5.00","0","0"
"30988","49774563","359628","9.00","0","0"
"30989","55090013","359628","9.00","1","0"
"30990","11567738","359628","3.00","0","0"
"30991","98297352","359628","9.00","0","0"
"30992","51128143","359628","4.00","0","0"
"30993","66538135","359628","4.00","0","0"
"30994","82194218","359628","9.00","0","0"
"30995","90050621","359628","2.00","0","0"
"30996","43787408","10708798","1.00","0","0"
"30997","23598062","10708798","9.00","0","0"
"30998","9730103","10708798","3.00","0","0"
"30999","93803456","10708798","6.00","0","0"
"31000","90033922","10708798","4.00","0","0"
"31001","63100327","10708798","9.00","0","0"
"31002","21912471","10708798","7.00","0","0"
"31003","90162499","10708798","4.00","0","0"
"31004","89216848","10708798","9.00","0","0"
"31005","53011928","10708798","6.00","0","0"
"31006","32672893","10708798","3.00","0","0"
"31007","60869009","10708798","9.00","0","0"
"31008","38808090","10708798","6.00","0","0"
"31009","27065248","10708798","5.00","0","0"
"31010","88584137","10708798","9.00","0","0"
"31011","85284286","10708798","6.00","0","0"
"31012","49774563","10708798","5.00","0","0"
"31013","55090013","10708798","9.00","0","0"
"31014","11567738","10708798","7.00","0","0"
"31015","98297352","10708798","8.00","0","0"
"31016","51128143","10708798","9.00","0","0"
"31017","66538135","10708798","5.00","0","0"
"31018","82194218","10708798","5.00","0","0"
"31019","90050621","10708798","9.00","0","0"
"31020","43787408","55501945","9.00","0","0"
"31021","23598062","55501945","4.00","0","0"
"31022","9730103","55501945","7.00","0","0"
"31023","93803456","55501945","9.00","0","0"
"31024","90033922","55501945","7.00","0","0"
"31025","63100327","55501945","6.00","0","0"
"31026","21912471","55501945","9.00","0","0"
"31027","90162499","55501945","6.00","0","0"
"31028","89216848","55501945","6.00","0","0"
"31029","53011928","55501945","9.00","0","0"
"31030","32672893","55501945","6.00","0","0"
"31031","60869009","55501945","4.00","0","0"
"31032","38808090","55501945","9.00","0","0"
"31033","27065248","55501945","4.00","0","0"
"31034","88584137","55501945","4.00","0","0"
"31035","85284286","55501945","9.00","0","0"
"31036","49774563","55501945","8.00","0","0"
"31037","55090013","55501945","3.00","0","0"
"31038","11567738","55501945","9.00","0","0"
"31039","98297352","55501945","6.00","0","0"
"31040","51128143","55501945","2.00","0","0"
"31041","66538135","55501945","9.00","0","0"
"31042","82194218","55501945","8.00","0","0"
"31043","90050621","55501945","5.00","0","0"
"31044","43787408","48068506","8.00","0","0"
"31045","23598062","48068506","5.00","0","0"
"31046","9730103","48068506","9.00","0","0"
"31047","93803456","48068506","7.00","0","0"
"31048","90033922","48068506","6.00","0","0"
"31049","63100327","48068506","9.00","0","0"
"31050","21912471","48068506","4.00","0","0"
"31051","90162499","48068506","9.00","0","0"
"31052","89216848","48068506","5.00","0","0"
"31053","53011928","48068506","8.00","0","0"
"31054","32672893","48068506","7.00","0","0"
"31055","60869009","48068506","9.00","0","0"
"31056","38808090","48068506","4.00","0","0"
"31057","27065248","48068506","7.00","0","0"
"31058","88584137","48068506","9.00","0","0"
"31059","85284286","48068506","9.00","0","0"
"31060","49774563","48068506","6.00","0","0"
"31061","55090013","48068506","5.00","0","0"
"31062","11567738","48068506","9.00","0","0"
"31063","98297352","48068506","5.00","0","0"
"31064","51128143","48068506","5.00","0","0"
"31065","66538135","48068506","9.00","0","0"
"31066","82194218","48068506","6.00","0","0"
"31067","90050621","48068506","9.00","0","0"
"31068","43787408","94355480","9.00","0","0"
"31069","23598062","94355480","6.00","0","0"
"31070","9730103","94355480","6.00","0","0"
"31071","93803456","94355480","8.00","0","0"
"31072","90033922","94355480","9.00","0","0"
"31073","63100327","94355480","7.00","0","0"
"31074","21912471","94355480","8.00","0","0"
"31075","90162499","94355480","9.00","0","0"
"31076","89216848","94355480","4.00","0","0"
"31077","53011928","94355480","7.00","0","0"
"31078","32672893","94355480","9.00","0","0"
"31079","60869009","94355480","6.00","0","0"
"31080","38808090","94355480","8.00","0","0"
"31081","27065248","94355480","9.00","0","0"
"31082","88584137","94355480","7.00","0","0"
"31083","85284286","94355480","7.00","0","0"
"31084","49774563","94355480","9.00","0","0"
"31085","55090013","94355480","6.00","0","0"
"31086","11567738","94355480","6.00","0","0"
"31087","98297352","94355480","9.00","0","0"
"31088","51128143","94355480","6.00","0","0"
"31089","66538135","94355480","6.00","0","0"
"31090","82194218","94355480","9.00","0","0"
"31091","90050621","94355480","6.00","0","0"
"31092","16556341","14091040","9.00","0","0"
"31093","6990805","14091040","3.00","0","0"
"31094","36553150","14091040","3.00","0","0"
"31095","19155928","14091040","1.00","0","0"
"31096","33685842","14091040","2.00","0","0"
"31097","17875383","14091040","9.00","0","0"
"31098","67801755","14091040","4.00","0","0"
"31099","70891297","14091040","3.00","0","0"
"31100","97761630","14091040","1.00","0","0"
"31101","89872255","14091040","2.00","0","0"
"31102","17806616","14091040","9.00","0","0"
"31103","37272278","14091040","1.00","0","0"
"31104","23265372","14091040","2.00","0","0"
"31105","36848132","14091040","2.00","0","0"
"31106","27220543","14091040","1.00","0","0"
"31107","16556341","77440855","2.00","0","0"
"31108","6990805","77440855","2.00","0","0"
"31109","36553150","77440855","6.00","0","0"
"31110","19155928","77440855","3.00","0","0"
"31111","33685842","77440855","9.00","0","0"
"31112","17875383","77440855","1.00","0","0"
"31113","67801755","77440855","1.00","0","0"
"31114","70891297","77440855","1.00","0","0"
"31115","97761630","77440855","3.00","0","0"
"31116","89872255","77440855","9.00","0","0"
"31117","17806616","77440855","2.00","0","0"
"31118","37272278","77440855","2.00","0","0"
"31119","23265372","77440855","3.00","0","0"
"31120","36848132","77440855","5.00","0","0"
"31121","27220543","77440855","9.00","0","0"
"31122","16556341","82519192","6.00","0","0"
"31123","6990805","82519192","9.00","0","0"
"31124","36553150","82519192","2.00","0","0"
"31125","19155928","82519192","4.00","0","0"
"31126","33685842","82519192","1.00","0","0"
"31127","17875383","82519192","3.00","0","0"
"31128","67801755","82519192","9.00","0","0"
"31129","70891297","82519192","4.00","0","0"
"31130","97761630","82519192","6.00","0","0"
"31131","89872255","82519192","1.00","0","0"
"31132","17806616","82519192","1.00","0","0"
"31133","37272278","82519192","9.00","0","0"
"31134","23265372","82519192","4.00","0","0"
"31135","36848132","82519192","1.00","0","0"
"31136","27220543","82519192","7.00","0","0"
"31137","16556341","14947601","1.00","0","0"
"31138","6990805","14947601","1.00","0","0"
"31139","36553150","14947601","1.00","0","0"
"31140","19155928","14947601","6.00","0","0"
"31141","33685842","14947601","9.00","0","0"
"31142","17875383","14947601","5.00","0","0"
"31143","67801755","14947601","2.00","0","0"
"31144","70891297","14947601","5.00","0","0"
"31145","97761630","14947601","4.00","0","0"
"31146","89872255","14947601","9.00","0","0"
"31147","17806616","14947601","5.00","0","0"
"31148","37272278","14947601","3.00","0","0"
"31149","23265372","14947601","1.00","0","0"
"31150","36848132","14947601","6.00","0","0"
"31151","27220543","14947601","9.00","0","0"
"31152","16556341","10708798","7.00","0","0"
"31153","6990805","10708798","9.00","0","0"
"31154","36553150","10708798","7.00","0","0"
"31155","19155928","10708798","2.00","0","0"
"31156","33685842","10708798","7.00","0","0"
"31157","17875383","10708798","7.00","0","0"
"31158","67801755","10708798","9.00","0","0"
"31159","70891297","10708798","2.00","0","0"
"31160","97761630","10708798","5.00","0","0"
"31161","89872255","10708798","3.00","0","0"
"31162","17806616","10708798","3.00","0","0"
"31163","37272278","10708798","9.00","0","0"
"31164","23265372","10708798","5.00","0","0"
"31165","36848132","10708798","3.00","0","0"
"31166","27220543","10708798","2.00","0","0"
"31167","16556341","576156","3.00","0","0"
"31168","6990805","576156","4.00","0","0"
"31169","36553150","576156","9.00","0","0"
"31170","19155928","576156","5.00","0","0"
"31171","33685842","576156","6.00","0","0"
"31172","17875383","576156","4.00","0","0"
"31173","67801755","576156","3.00","0","0"
"31174","70891297","576156","9.00","0","0"
"31175","97761630","576156","2.00","0","0"
"31176","89872255","576156","5.00","0","0"
"31177","17806616","576156","7.00","0","0"
"31178","37272278","576156","4.00","0","0"
"31179","23265372","576156","9.00","0","0"
"31180","36848132","576156","4.00","0","0"
"31181","27220543","576156","6.00","0","0"
"31182","16556341","55501945","4.00","0","0"
"31183","6990805","55501945","5.00","0","0"
"31184","36553150","55501945","5.00","0","0"
"31185","19155928","55501945","9.00","0","0"
"31186","33685842","55501945","4.00","0","0"
"31187","17875383","55501945","2.00","0","0"
"31188","67801755","55501945","7.00","0","0"
"31189","70891297","55501945","6.00","0","0"
"31190","97761630","55501945","9.00","0","0"
"31191","89872255","55501945","6.00","0","0"
"31192","17806616","55501945","4.00","0","0"
"31193","37272278","55501945","8.00","0","0"
"31194","23265372","55501945","6.00","0","0"
"31195","36848132","55501945","9.00","0","0"
"31196","27220543","55501945","5.00","0","0"
"31197","16556341","48068506","5.00","0","0"
"31198","6990805","48068506","8.00","0","0"
"31199","36553150","48068506","4.00","0","0"
"31200","19155928","48068506","9.00","0","0"
"31201","33685842","48068506","3.00","0","0"
"31202","17875383","48068506","6.00","0","0"
"31203","67801755","48068506","6.00","0","0"
"31204","70891297","48068506","7.00","0","0"
"31205","97761630","48068506","9.00","0","0"
"31206","89872255","48068506","8.00","0","0"
"31207","17806616","48068506","6.00","0","0"
"31208","37272278","48068506","6.00","0","0"
"31209","23265372","48068506","8.00","0","0"
"31210","36848132","48068506","9.00","0","0"
"31211","27220543","48068506","4.00","0","0"
"31212","16556341","94355480","9.00","0","0"
"31213","6990805","94355480","6.00","0","0"
"31214","36553150","94355480","8.00","0","0"
"31215","19155928","94355480","8.00","0","0"
"31216","33685842","94355480","5.00","0","0"
"31217","17875383","94355480","9.00","0","0"
"31218","67801755","94355480","8.00","0","0"
"31219","70891297","94355480","8.00","0","0"
"31220","97761630","94355480","8.00","0","0"
"31221","89872255","94355480","4.00","0","0"
"31222","17806616","94355480","9.00","0","0"
"31223","37272278","94355480","5.00","0","0"
"31224","23265372","94355480","7.00","0","0"
"31225","36848132","94355480","7.00","0","0"
"31226","27220543","94355480","8.00","0","0"
"31227","16556341","47299099","8.00","0","0"
"31228","6990805","47299099","7.00","0","0"
"31229","36553150","47299099","9.00","0","0"
"31230","19155928","47299099","7.00","0","0"
"31231","33685842","47299099","8.00","0","0"
"31232","17875383","47299099","8.00","0","0"
"31233","67801755","47299099","5.00","0","0"
"31234","70891297","47299099","9.00","0","0"
"31235","97761630","47299099","7.00","0","0"
"31236","89872255","47299099","7.00","0","0"
"31237","17806616","47299099","8.00","0","0"
"31238","37272278","47299099","7.00","0","0"
"31239","23265372","47299099","9.00","0","0"
"31240","36848132","47299099","8.00","0","0"
"31241","27220543","47299099","3.00","0","0"
"31242","16556341","359628","9.00","1","0"
"31243","6990805","359628","9.00","1","0"
"31244","36553150","359628","9.00","1","0"
"31245","19155928","359628","9.00","1","0"
"31246","33685842","359628","9.00","0","0"
"31247","17875383","359628","9.00","1","0"
"31248","67801755","359628","9.00","1","0"
"31249","70891297","359628","9.00","1","0"
"31250","97761630","359628","9.00","1","0"
"31251","89872255","359628","9.00","0","0"
"31252","17806616","359628","9.00","1","0"
"31253","37272278","359628","9.00","1","0"
"31254","23265372","359628","9.00","1","0"
"31255","36848132","359628","9.00","1","0"
"31256","27220543","359628","9.00","0","0"
"31257","45095088","14947601","1.00","0","0"
"31258","70307628","14947601","1.00","0","0"
"31259","67837975","14947601","9.00","0","0"
"31260","56100586","14947601","1.00","0","0"
"31261","52247218","14947601","2.00","0","0"
"31262","14878837","14947601","9.00","0","0"
"31263","17411409","14947601","1.00","0","0"
"31264","58099105","14947601","1.00","0","0"
"31265","58549010","14947601","9.00","0","0"
"31266","78026289","14947601","1.00","0","0"
"31267","25956435","14947601","1.00","0","0"
"31268","83503996","14947601","9.00","0","0"
"31269","46460625","14947601","1.00","0","0"
"31270","34757995","14947601","2.00","0","0"
"31271","9044993","14947601","9.00","0","0"
"31272","45729581","14947601","2.00","0","0"
"31273","47113663","14947601","2.00","0","0"
"31274","8930074","14947601","9.00","0","0"
"31275","43505297","14947601","1.00","0","0"
"31276","8455028","14947601","5.00","0","0"
"31277","17926643","14947601","9.00","0","0"
"31278","45095088","14091040","9.00","0","0"
"31279","70307628","14091040","3.00","0","0"
"31280","67837975","14091040","1.00","0","0"
"31281","56100586","14091040","9.00","0","0"
"31282","52247218","14091040","3.00","0","0"
"31283","14878837","14091040","4.00","0","0"
"31284","17411409","14091040","9.00","0","0"
"31285","58099105","14091040","2.00","0","0"
"31286","58549010","14091040","1.00","0","0"
"31287","78026289","14091040","9.00","0","0"
"31288","25956435","14091040","2.00","0","0"
"31289","83503996","14091040","1.00","0","0"
"31290","46460625","14091040","9.00","0","0"
"31291","34757995","14091040","6.00","0","0"
"31292","9044993","14091040","1.00","0","0"
"31293","45729581","14091040","9.00","0","0"
"31294","47113663","14091040","1.00","0","0"
"31295","8930074","14091040","2.00","0","0"
"31296","43505297","14091040","9.00","0","0"
"31297","8455028","14091040","3.00","0","0"
"31298","17926643","14091040","8.00","0","0"
"31299","45095088","82519192","2.00","0","0"
"31300","70307628","82519192","9.00","0","0"
"31301","67837975","82519192","4.00","0","0"
"31302","56100586","82519192","4.00","0","0"
"31303","52247218","82519192","9.00","0","0"
"31304","14878837","82519192","5.00","0","0"
"31305","17411409","82519192","3.00","0","0"
"31306","58099105","82519192","9.00","0","0"
"31307","58549010","82519192","4.00","0","0"
"31308","78026289","82519192","2.00","0","0"
"31309","25956435","82519192","9.00","0","0"
"31310","83503996","82519192","2.00","0","0"
"31311","46460625","82519192","2.00","0","0"
"31312","34757995","82519192","9.00","0","0"
"31313","9044993","82519192","4.00","0","0"
"31314","45729581","82519192","1.00","0","0"
"31315","47113663","82519192","9.00","0","0"
"31316","8930074","82519192","4.00","0","0"
"31317","43505297","82519192","2.00","0","0"
"31318","8455028","82519192","9.00","0","0"
"31319","17926643","82519192","1.00","0","0"
"31320","45095088","576156","9.00","0","0"
"31321","70307628","576156","2.00","0","0"
"31322","67837975","576156","2.00","0","0"
"31323","56100586","576156","9.00","0","0"
"31324","52247218","576156","4.00","0","0"
"31325","14878837","576156","3.00","0","0"
"31326","17411409","576156","9.00","0","0"
"31327","58099105","576156","3.00","0","0"
"31328","58549010","576156","2.00","0","0"
"31329","78026289","576156","9.00","0","0"
"31330","25956435","576156","3.00","0","0"
"31331","83503996","576156","3.00","0","0"
"31332","46460625","576156","9.00","0","0"
"31333","34757995","576156","4.00","0","0"
"31334","9044993","576156","3.00","0","0"
"31335","45729581","576156","9.00","0","0"
"31336","47113663","576156","3.00","0","0"
"31337","8930074","576156","3.00","0","0"
"31338","43505297","576156","9.00","0","0"
"31339","8455028","576156","1.00","0","0"
"31340","17926643","576156","4.00","0","0"
"31341","45095088","77440855","3.00","0","0"
"31342","70307628","77440855","9.00","0","0"
"31343","67837975","77440855","3.00","0","0"
"31344","56100586","77440855","2.00","0","0"
"31345","52247218","77440855","9.00","0","0"
"31346","14878837","77440855","1.00","0","0"
"31347","17411409","77440855","2.00","0","0"
"31348","58099105","77440855","9.00","0","0"
"31349","58549010","77440855","3.00","0","0"
"31350","78026289","77440855","4.00","0","0"
"31351","25956435","77440855","9.00","0","0"
"31352","83503996","77440855","5.00","0","0"
"31353","46460625","77440855","4.00","0","0"
"31354","34757995","77440855","9.00","0","0"
"31355","9044993","77440855","2.00","0","0"
"31356","45729581","77440855","3.00","0","0"
"31357","47113663","77440855","9.00","0","0"
"31358","8930074","77440855","1.00","0","0"
"31359","43505297","77440855","7.00","0","0"
"31360","8455028","77440855","9.00","0","0"
"31361","17926643","77440855","2.00","0","0"
"31362","45095088","55501945","4.00","0","0"
"31363","70307628","55501945","5.00","0","0"
"31364","67837975","55501945","9.00","0","0"
"31365","56100586","55501945","3.00","0","0"
"31366","52247218","55501945","7.00","0","0"
"31367","14878837","55501945","9.00","0","0"
"31368","17411409","55501945","4.00","0","0"
"31369","58099105","55501945","4.00","0","0"
"31370","58549010","55501945","9.00","0","0"
"31371","78026289","55501945","6.00","0","0"
"31372","25956435","55501945","8.00","0","0"
"31373","83503996","55501945","9.00","0","0"
"31374","46460625","55501945","5.00","0","0"
"31375","34757995","55501945","3.00","0","0"
"31376","9044993","55501945","9.00","0","0"
"31377","45729581","55501945","4.00","0","0"
"31378","47113663","55501945","5.00","0","0"
"31379","8930074","55501945","9.00","0","0"
"31380","43505297","55501945","3.00","0","0"
"31381","8455028","55501945","2.00","0","0"
"31382","17926643","55501945","9.00","0","0"
"31383","45095088","359628","9.00","0","0"
"31384","70307628","359628","4.70","0","0"
"31385","67837975","359628","5.00","0","0"
"31386","56100586","359628","9.00","0","0"
"31387","52247218","359628","5.00","0","0"
"31388","14878837","359628","2.00","0","0"
"31389","17411409","359628","9.00","0","0"
"31390","58099105","359628","7.00","0","0"
"31391","58549010","359628","6.00","0","0"
"31392","78026289","359628","9.00","0","0"
"31393","25956435","359628","4.00","0","0"
"31394","83503996","359628","6.00","0","0"
"31395","46460625","359628","9.00","0","0"
"31396","34757995","359628","1.00","0","0"
"31397","9044993","359628","6.00","0","0"
"31398","45729581","359628","9.00","0","0"
"31399","47113663","359628","8.00","0","0"
"31400","8930074","359628","7.00","0","0"
"31401","43505297","359628","9.00","0","0"
"31402","8455028","359628","7.00","0","0"
"31403","17926643","359628","3.00","0","0"
"31404","45095088","10708798","9.00","0","0"
"31405","70307628","10708798","4.00","0","0"
"31406","67837975","10708798","6.00","0","0"
"31407","56100586","10708798","9.00","0","0"
"31408","52247218","10708798","6.00","0","0"
"31409","14878837","10708798","6.00","0","0"
"31410","17411409","10708798","9.00","0","0"
"31411","58099105","10708798","5.00","0","0"
"31412","58549010","10708798","5.00","0","0"
"31413","78026289","10708798","9.00","0","0"
"31414","25956435","10708798","5.00","0","0"
"31415","83503996","10708798","4.00","0","0"
"31416","46460625","10708798","9.00","0","0"
"31417","34757995","10708798","7.00","0","0"
"31418","9044993","10708798","5.00","0","0"
"31419","45729581","10708798","9.00","0","0"
"31420","47113663","10708798","7.00","0","0"
"31421","8930074","10708798","5.00","0","0"
"31422","43505297","10708798","9.00","0","0"
"31423","8455028","10708798","4.00","0","0"
"31424","17926643","10708798","6.00","0","0"
"31425","45095088","48068506","7.00","0","0"
"31426","70307628","48068506","7.00","0","0"
"31427","67837975","48068506","9.00","0","0"
"31428","56100586","48068506","5.00","0","0"
"31429","52247218","48068506","1.00","0","0"
"31430","14878837","48068506","9.00","0","0"
"31431","17411409","48068506","5.00","0","0"
"31432","58099105","48068506","8.00","0","0"
"31433","58549010","48068506","9.00","0","0"
"31434","78026289","48068506","7.00","0","0"
"31435","25956435","48068506","6.00","0","0"
"31436","83503996","48068506","9.00","0","0"
"31437","46460625","48068506","7.00","0","0"
"31438","34757995","48068506","8.00","0","0"
"31439","9044993","48068506","9.00","0","0"
"31440","45729581","48068506","5.00","0","0"
"31441","47113663","48068506","4.00","0","0"
"31442","8930074","48068506","9.00","0","0"
"31443","43505297","48068506","5.00","0","0"
"31444","8455028","48068506","6.00","0","0"
"31445","17926643","48068506","9.00","0","0"
"31446","45095088","94355480","5.00","0","0"
"31447","70307628","94355480","6.00","0","0"
"31448","67837975","94355480","9.00","0","0"
"31449","56100586","94355480","6.00","0","0"
"31450","52247218","94355480","8.00","0","0"
"31451","14878837","94355480","9.00","0","0"
"31452","17411409","94355480","6.00","0","0"
"31453","58099105","94355480","6.00","0","0"
"31454","58549010","94355480","9.00","0","0"
"31455","78026289","94355480","5.00","0","0"
"31456","25956435","94355480","7.00","0","0"
"31457","83503996","94355480","9.00","0","0"
"31458","46460625","94355480","3.00","0","0"
"31459","34757995","94355480","5.00","0","0"
"31460","9044993","94355480","9.00","0","0"
"31461","45729581","94355480","6.00","0","0"
"31462","47113663","94355480","6.00","0","0"
"31463","8930074","94355480","9.00","0","0"
"31464","43505297","94355480","8.00","0","0"
"31465","8455028","94355480","8.00","0","0"
"31466","17926643","94355480","9.00","0","0"
"31467","45095088","47299099","6.00","0","0"
"31468","70307628","47299099","9.00","0","0"
"31469","67837975","47299099","7.00","0","0"
"31470","56100586","47299099","7.00","0","0"
"31471","52247218","47299099","9.00","0","0"
"31472","14878837","47299099","7.00","0","0"
"31473","17411409","47299099","8.00","0","0"
"31474","58099105","47299099","9.00","0","0"
"31475","58549010","47299099","7.00","0","0"
"31476","78026289","47299099","3.00","0","0"
"31477","25956435","47299099","9.00","0","0"
"31478","83503996","47299099","7.00","0","0"
"31479","46460625","47299099","6.00","0","0"
"31480","34757995","47299099","9.00","0","0"
"31481","9044993","47299099","7.00","0","0"
"31482","45729581","47299099","7.00","0","0"
"31483","47113663","47299099","9.00","0","0"
"31484","8930074","47299099","6.00","0","0"
"31485","43505297","47299099","4.00","0","0"
"31486","8455028","47299099","9.00","0","0"
"31487","17926643","47299099","5.00","0","0"
"31488","45095088","74137594","8.00","0","0"
"31489","70307628","74137594","9.00","0","0"
"31490","67837975","74137594","8.00","0","0"
"31491","56100586","74137594","8.00","0","0"
"31492","52247218","74137594","9.00","0","0"
"31493","14878837","74137594","8.00","0","0"
"31494","17411409","74137594","7.00","0","0"
"31495","58099105","74137594","9.00","0","0"
"31496","58549010","74137594","8.00","0","0"
"31497","78026289","74137594","9.00","1","0"
"31498","25956435","74137594","9.00","0","0"
"31499","83503996","74137594","8.00","0","0"
"31500","46460625","74137594","8.00","0","0"
"31501","34757995","74137594","9.00","0","0"
"31502","9044993","74137594","8.00","0","0"
"31503","45729581","74137594","8.00","0","0"
"31504","47113663","74137594","9.00","0","0"
"31505","8930074","74137594","8.00","0","0"
"31506","43505297","74137594","6.00","0","0"
"31507","8455028","74137594","9.00","0","0"
"31508","17926643","74137594","7.00","0","0"
"31509","12301209","82519192","1.00","0","0"
"31510","15595527","82519192","7.00","0","0"
"31511","74843941","82519192","2.00","0","0"
"31512","78337783","82519192","3.00","0","0"
"31513","72295409","82519192","9.00","0","0"
"31514","780039","82519192","2.00","0","0"
"31515","55787757","82519192","2.00","0","0"
"31516","36397491","82519192","1.00","0","0"
"31517","23374676","82519192","2.00","0","0"
"31518","95611635","82519192","9.00","0","0"
"31519","70070488","82519192","2.00","0","0"
"31520","66605556","82519192","1.00","0","0"
"31521","77576138","82519192","1.00","0","0"
"31522","75037955","82519192","2.00","0","0"
"31523","88188219","82519192","9.00","0","0"
"31524","68727663","82519192","5.00","0","0"
"31525","76502756","82519192","4.00","0","0"
"31526","59325469","82519192","4.00","0","0"
"31527","65899034","82519192","2.00","0","0"
"31528","89359464","82519192","9.00","0","0"
"31529","12301209","576156","3.00","0","0"
"31530","15595527","576156","1.00","0","0"
"31531","74843941","576156","1.00","0","0"
"31532","78337783","576156","9.00","0","0"
"31533","72295409","576156","3.00","0","0"
"31534","780039","576156","1.00","0","0"
"31535","55787757","576156","4.00","0","0"
"31536","36397491","576156","2.00","0","0"
"31537","23374676","576156","9.00","0","0"
"31538","95611635","576156","4.00","0","0"
"31539","70070488","576156","1.00","0","0"
"31540","66605556","576156","7.00","0","0"
"31541","77576138","576156","4.00","0","0"
"31542","75037955","576156","9.00","0","0"
"31543","88188219","576156","2.00","0","0"
"31544","68727663","576156","2.00","0","0"
"31545","76502756","576156","3.00","0","0"
"31546","59325469","576156","1.00","0","0"
"31547","65899034","576156","9.00","0","0"
"31548","89359464","576156","5.00","0","0"
"31549","12301209","14091040","9.00","0","0"
"31550","15595527","14091040","2.00","0","0"
"31551","74843941","14091040","3.00","0","0"
"31552","78337783","14091040","1.00","0","0"
"31553","72295409","14091040","1.00","0","0"
"31554","780039","14091040","9.00","0","0"
"31555","55787757","14091040","3.00","0","0"
"31556","36397491","14091040","5.00","0","0"
"31557","23374676","14091040","1.00","0","0"
"31558","95611635","14091040","3.00","0","0"
"31559","70070488","14091040","9.00","0","0"
"31560","66605556","14091040","4.00","0","0"
"31561","77576138","14091040","3.00","0","0"
"31562","75037955","14091040","4.00","0","0"
"31563","88188219","14091040","5.00","0","0"
"31564","68727663","14091040","9.00","0","0"
"31565","76502756","14091040","2.00","0","0"
"31566","59325469","14091040","9.00","1","0"
"31567","65899034","14091040","5.00","0","0"
"31568","89359464","14091040","1.00","0","0"
"31569","12301209","14947601","9.00","0","0"
"31570","15595527","14947601","3.00","0","0"
"31571","74843941","14947601","4.00","0","0"
"31572","78337783","14947601","8.00","0","0"
"31573","72295409","14947601","2.00","0","0"
"31574","780039","14947601","9.00","0","0"
"31575","55787757","14947601","5.00","0","0"
"31576","36397491","14947601","3.00","0","0"
"31577","23374676","14947601","4.00","0","0"
"31578","95611635","14947601","2.00","0","0"
"31579","70070488","14947601","9.00","0","0"
"31580","66605556","14947601","2.00","0","0"
"31581","77576138","14947601","2.00","0","0"
"31582","75037955","14947601","1.00","0","0"
"31583","88188219","14947601","4.00","0","0"
"31584","68727663","14947601","9.00","0","0"
"31585","76502756","14947601","8.00","0","0"
"31586","59325469","14947601","2.00","0","0"
"31587","65899034","14947601","1.00","0","0"
"31588","89359464","14947601","2.00","0","0"
"31589","12301209","77440855","4.00","0","0"
"31590","15595527","77440855","4.00","0","0"
"31591","74843941","77440855","9.00","0","0"
"31592","78337783","77440855","2.00","0","0"
"31593","72295409","77440855","4.00","0","0"
"31594","780039","77440855","3.00","0","0"
"31595","55787757","77440855","1.00","0","0"
"31596","36397491","77440855","9.00","0","0"
"31597","23374676","77440855","5.00","0","0"
"31598","95611635","77440855","1.00","0","0"
"31599","70070488","77440855","9.00","1","0"
"31600","66605556","77440855","3.00","0","0"
"31601","77576138","77440855","9.00","0","0"
"31602","75037955","77440855","6.00","0","0"
"31603","88188219","77440855","3.00","0","0"
"31604","68727663","77440855","4.00","0","0"
"31605","76502756","77440855","1.00","0","0"
"31606","59325469","77440855","9.00","0","0"
"31607","65899034","77440855","6.00","0","0"
"31608","89359464","77440855","4.00","0","0"
"31609","12301209","74137594","7.00","0","0"
"31610","15595527","74137594","9.00","0","0"
"31611","74843941","74137594","6.00","0","0"
"31612","78337783","74137594","5.00","0","0"
"31613","72295409","74137594","6.00","0","0"
"31614","780039","74137594","6.00","0","0"
"31615","55787757","74137594","9.00","0","0"
"31616","36397491","74137594","4.00","0","0"
"31617","23374676","74137594","3.00","0","0"
"31618","95611635","74137594","5.00","0","0"
"31619","70070488","74137594","4.00","0","0"
"31620","66605556","74137594","9.00","0","0"
"31621","77576138","74137594","7.00","0","0"
"31622","75037955","74137594","7.00","0","0"
"31623","88188219","74137594","1.00","0","0"
"31624","68727663","74137594","8.00","0","0"
"31625","76502756","74137594","9.00","0","0"
"31626","59325469","74137594","5.00","0","0"
"31627","65899034","74137594","3.00","0","0"
"31628","89359464","74137594","6.00","0","0"
"31629","12301209","10708798","2.00","0","0"
"31630","15595527","10708798","5.00","0","0"
"31631","74843941","10708798","9.00","0","0"
"31632","78337783","10708798","6.00","0","0"
"31633","72295409","10708798","5.00","0","0"
"31634","780039","10708798","5.00","0","0"
"31635","55787757","10708798","6.00","0","0"
"31636","36397491","10708798","9.00","0","0"
"31637","23374676","10708798","7.00","0","0"
"31638","95611635","10708798","9.00","1","0"
"31639","70070488","10708798","3.00","0","0"
"31640","66605556","10708798","5.00","0","0"
"31641","77576138","10708798","9.00","0","0"
"31642","75037955","10708798","8.00","0","0"
"31643","88188219","10708798","6.00","0","0"
"31644","68727663","10708798","1.00","0","0"
"31645","76502756","10708798","6.00","0","0"
"31646","59325469","10708798","9.00","0","0"
"31647","65899034","10708798","8.00","0","0"
"31648","89359464","10708798","7.00","0","0"
"31649","12301209","48068506","5.00","0","0"
"31650","15595527","48068506","9.00","0","0"
"31651","74843941","48068506","5.00","0","0"
"31652","78337783","48068506","4.00","0","0"
"31653","72295409","48068506","7.00","0","0"
"31654","780039","48068506","4.00","0","0"
"31655","55787757","48068506","9.00","0","0"
"31656","36397491","48068506","7.00","0","0"
"31657","23374676","48068506","8.00","0","0"
"31658","95611635","48068506","9.00","1","0"
"31659","70070488","48068506","7.00","0","0"
"31660","66605556","48068506","9.00","0","0"
"31661","77576138","48068506","6.00","0","0"
"31662","75037955","48068506","3.00","0","0"
"31663","88188219","48068506","7.00","0","0"
"31664","68727663","48068506","7.00","0","0"
"31665","76502756","48068506","9.00","0","0"
"31666","59325469","48068506","3.00","0","0"
"31667","65899034","48068506","4.00","0","0"
"31668","89359464","48068506","3.00","0","0"
"31669","12301209","47299099","6.00","0","0"
"31670","15595527","47299099","8.00","0","0"
"31671","74843941","47299099","8.00","0","0"
"31672","78337783","47299099","7.00","0","0"
"31673","72295409","47299099","9.00","0","0"
"31674","780039","47299099","7.00","0","0"
"31675","55787757","47299099","8.00","0","0"
"31676","36397491","47299099","8.00","0","0"
"31677","23374676","47299099","6.00","0","0"
"31678","95611635","47299099","9.00","0","0"
"31679","70070488","47299099","5.00","0","0"
"31680","66605556","47299099","8.00","0","0"
"31681","77576138","47299099","5.00","0","0"
"31682","75037955","47299099","5.00","0","0"
"31683","88188219","47299099","9.00","0","0"
"31684","68727663","47299099","3.00","0","0"
"31685","76502756","47299099","7.00","0","0"
"31686","59325469","47299099","7.00","0","0"
"31687","65899034","47299099","7.00","0","0"
"31688","89359464","47299099","9.00","0","0"
"31689","12301209","94355480","9.00","1","0"
"31690","15595527","94355480","6.00","0","0"
"31691","74843941","94355480","7.00","0","0"
"31692","78337783","94355480","9.00","0","0"
"31693","72295409","94355480","8.00","0","0"
"31694","780039","94355480","8.00","0","0"
"31695","55787757","94355480","7.00","0","0"
"31696","36397491","94355480","6.00","0","0"
"31697","23374676","94355480","9.00","0","0"
"31698","95611635","94355480","6.00","0","0"
"31699","70070488","94355480","9.00","1","0"
"31700","66605556","94355480","6.00","0","0"
"31701","77576138","94355480","8.00","0","0"
"31702","75037955","94355480","9.00","0","0"
"31703","88188219","94355480","8.00","0","0"
"31704","68727663","94355480","6.00","0","0"
"31705","76502756","94355480","5.00","0","0"
"31706","59325469","94355480","6.00","0","0"
"31707","65899034","94355480","9.00","0","0"
"31708","89359464","94355480","8.00","0","0"
"31709","16940034","27807818","6.00","0","0"
"31710","66369873","27807818","2.00","0","0"
"31711","52608027","27807818","7.00","0","0"
"31712","19071993","27807818","4.00","0","0"
"31713","64074362","27807818","1.00","0","0"
"31714","75553068","27807818","1.00","0","0"
"31715","98094781","27807818","7.00","0","0"
"31716","28070015","27807818","2.00","0","0"
"31717","7360811","27807818","7.00","0","0"
"31718","59189890","27807818","3.00","0","0"
"31719","63149617","27807818","1.00","0","0"
"31720","14453711","27807818","7.00","0","0"
"31721","53733842","27807818","1.00","0","0"
"31722","52536772","27807818","3.00","0","0"
"31723","99189746","27807818","1.00","0","0"
"31724","73932889","27807818","7.00","0","0"
"31725","32347789","27807818","5.00","0","0"
"31726","33838906","27807818","7.00","0","0"
"31727","16940034","81063693","2.00","0","0"
"31728","66369873","81063693","1.00","0","0"
"31729","52608027","81063693","2.00","0","0"
"31730","19071993","81063693","7.00","0","0"
"31731","64074362","81063693","2.00","0","0"
"31732","75553068","81063693","7.00","0","0"
"31733","98094781","81063693","1.00","0","0"
"31734","28070015","81063693","4.00","0","0"
"31735","7360811","81063693","7.00","0","0"
"31736","59189890","81063693","4.00","0","0"
"31737","63149617","81063693","5.00","0","0"
"31738","14453711","81063693","3.00","0","0"
"31739","53733842","81063693","7.00","0","0"
"31740","52536772","81063693","2.00","0","0"
"31741","99189746","81063693","7.00","0","0"
"31742","73932889","81063693","1.00","0","0"
"31743","32347789","81063693","4.00","0","0"
"31744","33838906","81063693","7.00","0","0"
"31745","16940034","21267167","3.00","0","0"
"31746","66369873","21267167","7.00","0","0"
"31747","52608027","21267167","5.00","0","0"
"31748","19071993","21267167","7.00","0","0"
"31749","64074362","21267167","3.00","0","0"
"31750","75553068","21267167","3.00","0","0"
"31751","98094781","21267167","7.00","0","0"
"31752","28070015","21267167","1.00","0","0"
"31753","7360811","21267167","1.00","0","0"
"31754","59189890","21267167","1.00","0","0"
"31755","63149617","21267167","7.00","0","0"
"31756","14453711","21267167","4.00","0","0"
"31757","53733842","21267167","7.00","0","0"
"31758","52536772","21267167","4.00","0","0"
"31759","99189746","21267167","2.00","0","0"
"31760","73932889","21267167","7.00","0","0"
"31761","32347789","21267167","2.00","0","0"
"31762","33838906","21267167","2.00","0","0"
"31763","16940034","832153","1.00","0","0"
"31764","66369873","832153","7.00","0","0"
"31765","52608027","832153","1.00","0","0"
"31766","19071993","832153","2.00","0","0"
"31767","64074362","832153","7.00","0","0"
"31768","75553068","832153","7.00","1","0"
"31769","98094781","832153","2.00","0","0"
"31770","28070015","832153","5.00","0","0"
"31771","7360811","832153","7.00","0","0"
"31772","59189890","832153","2.00","0","0"
"31773","63149617","832153","7.00","0","0"
"31774","14453711","832153","7.00","1","0"
"31775","53733842","832153","2.00","0","0"
"31776","52536772","832153","7.00","0","0"
"31777","99189746","832153","3.00","0","0"
"31778","73932889","832153","4.00","0","0"
"31779","32347789","832153","1.00","0","0"
"31780","33838906","832153","7.00","0","0"
"31781","16940034","50313289","7.00","0","0"
"31782","66369873","50313289","4.00","0","0"
"31783","52608027","50313289","3.00","0","0"
"31784","19071993","50313289","7.00","0","0"
"31785","64074362","50313289","5.00","0","0"
"31786","75553068","50313289","7.00","1","0"
"31787","98094781","50313289","5.00","0","0"
"31788","28070015","50313289","7.00","0","0"
"31789","7360811","50313289","3.00","0","0"
"31790","59189890","50313289","7.00","0","0"
"31791","63149617","50313289","4.00","0","0"
"31792","14453711","50313289","1.00","0","0"
"31793","53733842","50313289","7.00","0","0"
"31794","52536772","50313289","1.00","0","0"
"31795","99189746","50313289","5.00","0","0"
"31796","73932889","50313289","3.00","0","0"
"31797","32347789","50313289","7.00","0","0"
"31798","33838906","50313289","5.00","0","0"
"31799","16940034","14257077","5.00","0","0"
"31800","66369873","14257077","7.00","0","0"
"31801","52608027","14257077","4.00","0","0"
"31802","19071993","14257077","3.00","0","0"
"31803","64074362","14257077","6.00","0","0"
"31804","75553068","14257077","7.00","0","0"
"31805","98094781","14257077","3.00","0","0"
"31806","28070015","14257077","7.00","0","0"
"31807","7360811","14257077","5.00","0","0"
"31808","59189890","14257077","6.00","0","0"
"31809","63149617","14257077","7.00","0","0"
"31810","14453711","14257077","2.00","0","0"
"31811","53733842","14257077","3.00","0","0"
"31812","52536772","14257077","7.00","1","0"
"31813","99189746","14257077","7.00","0","0"
"31814","73932889","14257077","2.00","0","0"
"31815","32347789","14257077","7.00","0","0"
"31816","33838906","14257077","1.00","0","0"
"31817","16940034","81612175","4.00","0","0"
"31818","66369873","81612175","3.00","0","0"
"31819","52608027","81612175","7.00","0","0"
"31820","19071993","81612175","1.00","0","0"
"31821","64074362","81612175","7.00","0","0"
"31822","75553068","81612175","2.00","0","0"
"31823","98094781","81612175","4.00","0","0"
"31824","28070015","81612175","7.00","0","0"
"31825","7360811","81612175","2.00","0","0"
"31826","59189890","81612175","5.00","0","0"
"31827","63149617","81612175","7.00","1","0"
"31828","14453711","81612175","7.00","0","0"
"31829","53733842","81612175","4.00","0","0"
"31830","52536772","81612175","7.00","0","0"
"31831","99189746","81612175","6.00","0","0"
"31832","73932889","81612175","6.00","0","0"
"31833","32347789","81612175","7.00","0","0"
"31834","33838906","81612175","3.00","0","0"
"31835","16940034","89507832","7.00","0","0"
"31836","66369873","89507832","5.00","0","0"
"31837","52608027","89507832","7.00","0","0"
"31838","19071993","89507832","5.00","0","0"
"31839","64074362","89507832","7.00","0","0"
"31840","75553068","89507832","7.00","0","0"
"31841","98094781","89507832","7.00","1","0"
"31842","28070015","89507832","3.00","0","0"
"31843","7360811","89507832","4.00","0","0"
"31844","59189890","89507832","7.00","0","0"
"31845","63149617","89507832","3.00","0","0"
"31846","14453711","89507832","7.00","0","0"
"31847","53733842","89507832","5.00","0","0"
"31848","52536772","89507832","7.00","1","0"
"31849","99189746","89507832","7.00","0","0"
"31850","73932889","89507832","5.00","0","0"
"31851","32347789","89507832","3.00","0","0"
"31852","33838906","89507832","6.00","0","0"
"31853","16940034","47690965","7.00","0","0"
"31854","66369873","47690965","6.00","0","0"
"31855","52608027","47690965","6.00","0","0"
"31856","19071993","47690965","6.00","0","0"
"31857","64074362","47690965","4.00","0","0"
"31858","75553068","47690965","7.00","1","0"
"31859","98094781","47690965","7.00","0","0"
"31860","28070015","47690965","6.00","0","0"
"31861","7360811","47690965","6.00","0","0"
"31862","59189890","47690965","7.00","0","0"
"31863","63149617","47690965","2.00","0","0"
"31864","14453711","47690965","5.00","0","0"
"31865","53733842","47690965","6.00","0","0"
"31866","52536772","47690965","7.00","0","0"
"31867","99189746","47690965","4.00","0","0"
"31868","73932889","47690965","7.00","0","0"
"31869","32347789","47690965","6.00","0","0"
"31870","33838906","47690965","4.00","0","0"
"31871","14841181","832153","2.00","0","0"
"31872","41858754","832153","2.00","0","0"
"31873","47938599","832153","7.00","1","0"
"31874","3854130","832153","7.00","0","0"
"31875","39103887","832153","1.00","0","0"
"31876","52133740","832153","1.00","0","0"
"31877","66655720","832153","3.00","0","0"
"31878","7383424","832153","7.00","0","0"
"31879","75550871","832153","1.00","0","0"
"31880","29449120","832153","1.00","0","0"
"31881","44660925","832153","1.00","0","0"
"31882","38354687","832153","7.00","0","0"
"31883","2046722","832153","1.00","0","0"
"31884","526343","832153","1.00","0","0"
"31885","12139533","832153","1.00","0","0"
"31886","24594770","832153","7.00","0","0"
"31887","14841181","27807818","4.00","0","0"
"31888","41858754","27807818","4.00","0","0"
"31889","47938599","27807818","3.00","0","0"
"31890","3854130","27807818","7.00","0","0"
"31891","39103887","27807818","2.00","0","0"
"31892","52133740","27807818","7.00","0","0"
"31893","66655720","27807818","1.00","0","0"
"31894","7383424","27807818","1.00","0","0"
"31895","75550871","27807818","2.00","0","0"
"31896","29449120","27807818","2.00","0","0"
"31897","44660925","27807818","2.00","0","0"
"31898","38354687","27807818","7.00","0","0"
"31899","2046722","27807818","2.00","0","0"
"31900","526343","27807818","7.00","0","0"
"31901","12139533","27807818","5.00","0","0"
"31902","24594770","27807818","1.00","0","0"
"31903","14841181","81612175","7.00","0","0"
"31904","41858754","81612175","1.00","0","0"
"31905","47938599","81612175","1.00","0","0"
"31906","3854130","81612175","1.00","0","0"
"31907","39103887","81612175","7.00","0","0"
"31908","52133740","81612175","7.00","1","0"
"31909","66655720","81612175","5.00","0","0"
"31910","7383424","81612175","3.00","0","0"
"31911","75550871","81612175","7.00","0","0"
"31912","29449120","81612175","3.00","0","0"
"31913","44660925","81612175","3.00","0","0"
"31914","38354687","81612175","4.00","0","0"
"31915","2046722","81612175","7.00","0","0"
"31916","526343","81612175","5.00","0","0"
"31917","12139533","81612175","3.00","0","0"
"31918","24594770","81612175","3.00","0","0"
"31919","14841181","11014176","7.00","0","0"
"31920","41858754","11014176","6.00","0","0"
"31921","47938599","11014176","5.00","0","0"
"31922","3854130","11014176","3.00","0","0"
"31923","39103887","11014176","7.00","0","0"
"31924","52133740","11014176","7.00","1","0"
"31925","66655720","11014176","2.00","0","0"
"31926","7383424","11014176","4.00","0","0"
"31927","75550871","11014176","7.00","0","0"
"31928","29449120","11014176","4.00","0","0"
"31929","44660925","11014176","5.00","0","0"
"31930","38354687","11014176","2.00","0","0"
"31931","2046722","11014176","7.00","0","0"
"31932","526343","11014176","3.00","0","0"
"31933","12139533","11014176","2.00","0","0"
"31934","24594770","11014176","2.00","0","0"
"31935","14841181","21267167","3.00","0","0"
"31936","41858754","21267167","7.00","0","0"
"31937","47938599","21267167","2.00","0","0"
"31938","3854130","21267167","4.00","0","0"
"31939","39103887","21267167","3.00","0","0"
"31940","52133740","21267167","2.00","0","0"
"31941","66655720","21267167","7.00","0","0"
"31942","7383424","21267167","5.00","0","0"
"31943","75550871","21267167","7.00","1","0"
"31944","29449120","21267167","7.00","0","0"
"31945","44660925","21267167","4.00","0","0"
"31946","38354687","21267167","3.00","0","0"
"31947","2046722","21267167","4.00","0","0"
"31948","526343","21267167","4.00","0","0"
"31949","12139533","21267167","7.00","0","0"
"31950","24594770","21267167","6.00","0","0"
"31951","14841181","14257077","1.00","0","0"
"31952","41858754","14257077","3.00","0","0"
"31953","47938599","14257077","7.00","0","0"
"31954","3854130","14257077","7.00","1","0"
"31955","39103887","14257077","4.00","0","0"
"31956","52133740","14257077","4.00","0","0"
"31957","66655720","14257077","6.00","0","0"
"31958","7383424","14257077","7.00","0","0"
"31959","75550871","14257077","3.00","0","0"
"31960","29449120","14257077","5.00","0","0"
"31961","44660925","14257077","7.00","0","0"
"31962","38354687","14257077","1.00","0","0"
"31963","2046722","14257077","7.00","1","0"
"31964","526343","14257077","2.00","0","0"
"31965","12139533","14257077","6.00","0","0"
"31966","24594770","14257077","7.00","0","0"
"31967","14841181","60393129","6.00","0","0"
"31968","41858754","60393129","7.00","0","0"
"31969","47938599","60393129","4.00","0","0"
"31970","3854130","60393129","2.00","0","0"
"31971","39103887","60393129","6.00","0","0"
"31972","52133740","60393129","7.00","0","0"
"31973","66655720","60393129","4.00","0","0"
"31974","7383424","60393129","2.00","0","0"
"31975","75550871","60393129","4.00","0","0"
"31976","29449120","60393129","7.00","0","0"
"31977","44660925","60393129","6.00","0","0"
"31978","38354687","60393129","5.00","0","0"
"31979","2046722","60393129","5.00","0","0"
"31980","526343","60393129","7.00","0","0"
"31981","12139533","60393129","4.00","0","0"
"31982","24594770","60393129","5.00","0","0"
"31983","14841181","89507832","5.00","0","0"
"31984","41858754","89507832","5.00","0","0"
"31985","47938599","89507832","7.00","0","0"
"31986","3854130","89507832","5.00","0","0"
"31987","39103887","89507832","5.00","0","0"
"31988","52133740","89507832","3.00","0","0"
"31989","66655720","89507832","7.00","0","0"
"31990","7383424","89507832","6.00","0","0"
"31991","75550871","89507832","5.00","0","0"
"31992","29449120","89507832","6.00","0","0"
"31993","44660925","89507832","7.00","0","0"
"31994","38354687","89507832","6.00","0","0"
"31995","2046722","89507832","3.00","0","0"
"31996","526343","89507832","6.00","0","0"
"31997","12139533","89507832","7.00","0","0"
"31998","24594770","89507832","4.00","0","0"
"31999","19307584","91582502","1.00","0","0"
"32000","52296235","91582502","7.00","0","0"
"32001","27123262","91582502","2.00","0","0"
"32002","34755141","91582502","7.00","0","0"
"32003","41226239","91582502","1.00","0","0"
"32004","69219877","91582502","1.00","0","0"
"32005","37639906","91582502","7.00","0","0"
"32006","98081661","91582502","1.00","0","0"
"32007","1193193","91582502","2.00","0","0"
"32008","87734031","91582502","7.00","0","0"
"32009","79444346","91582502","2.00","0","0"
"32010","6893400","91582502","7.00","0","0"
"32011","71733352","91582502","7.00","1","0"
"32012","52086385","91582502","7.00","0","0"
"32013","35271001","91582502","7.00","1","0"
"32014","1962757","91582502","1.00","0","0"
"32015","27607797","91582502","7.00","0","0"
"32016","40646197","91582502","1.00","0","0"
"32017","48216381","91582502","1.00","0","0"
"32018","208659","91582502","7.00","0","0"
"32019","85847624","91582502","1.00","0","0"
"32020","66496201","91582502","7.00","0","0"
"32021","46747004","91582502","1.00","0","0"
"32022","88266934","91582502","7.00","0","0"
"32023","10298396","91582502","1.00","0","0"
"32024","92622703","91582502","1.00","0","0"
"32025","19307584","21267167","7.00","0","0"
"32026","52296235","21267167","1.00","0","0"
"32027","27123262","21267167","4.00","0","0"
"32028","34755141","21267167","2.00","0","0"
"32029","41226239","21267167","7.00","0","0"
"32030","69219877","21267167","7.00","0","0"
"32031","37639906","21267167","1.00","0","0"
"32032","98081661","21267167","7.00","0","0"
"32033","1193193","21267167","1.00","0","0"
"32034","87734031","21267167","4.00","0","0"
"32035","79444346","21267167","7.00","0","0"
"32036","6893400","21267167","1.00","0","0"
"32037","71733352","21267167","7.00","1","0"
"32038","52086385","21267167","1.00","0","0"
"32039","35271001","21267167","7.00","0","0"
"32040","1962757","21267167","7.00","0","0"
"32041","27607797","21267167","1.00","0","0"
"32042","40646197","21267167","7.00","0","0"
"32043","48216381","21267167","2.00","0","0"
"32044","208659","21267167","2.00","0","0"
"32045","85847624","21267167","7.00","0","0"
"32046","66496201","21267167","1.00","0","0"
"32047","46747004","21267167","3.00","0","0"
"32048","88266934","21267167","1.00","0","0"
"32049","10298396","21267167","7.00","0","0"
"32050","92622703","21267167","7.00","0","0"
"32051","19307584","832153","5.00","0","0"
"32052","52296235","832153","7.00","0","0"
"32053","27123262","832153","7.00","0","0"
"32054","34755141","832153","3.00","0","0"
"32055","41226239","832153","3.00","0","0"
"32056","69219877","832153","2.00","0","0"
"32057","37639906","832153","4.00","0","0"
"32058","98081661","832153","7.00","0","0"
"32059","1193193","832153","7.00","0","0"
"32060","87734031","832153","3.00","0","0"
"32061","79444346","832153","4.00","0","0"
"32062","6893400","832153","7.00","0","0"
"32063","71733352","832153","7.00","0","0"
"32064","52086385","832153","6.00","0","0"
"32065","35271001","832153","1.00","0","0"
"32066","1962757","832153","2.00","0","0"
"32067","27607797","832153","2.00","0","0"
"32068","40646197","832153","7.00","0","0"
"32069","48216381","832153","7.00","0","0"
"32070","208659","832153","1.00","0","0"
"32071","85847624","832153","3.00","0","0"
"32072","66496201","832153","7.00","0","0"
"32073","46747004","832153","7.00","0","0"
"32074","88266934","832153","2.00","0","0"
"32075","10298396","832153","2.00","0","0"
"32076","92622703","832153","2.00","0","0"
"32077","19307584","27807818","2.00","0","0"
"32078","52296235","27807818","7.00","0","0"
"32079","27123262","27807818","1.00","0","0"
"32080","34755141","27807818","1.00","0","0"
"32081","41226239","27807818","7.00","0","0"
"32082","69219877","27807818","4.00","0","0"
"32083","37639906","27807818","7.00","0","0"
"32084","98081661","27807818","5.00","0","0"
"32085","1193193","27807818","7.00","0","0"
"32086","87734031","27807818","1.00","0","0"
"32087","79444346","27807818","1.00","0","0"
"32088","6893400","27807818","7.00","0","0"
"32089","71733352","27807818","3.00","0","0"
"32090","52086385","27807818","4.00","0","0"
"32091","35271001","27807818","7.00","0","0"
"32092","1962757","27807818","4.00","0","0"
"32093","27607797","27807818","7.00","0","0"
"32094","40646197","27807818","5.00","0","0"
"32095","48216381","27807818","7.00","0","0"
"32096","208659","27807818","4.00","0","0"
"32097","85847624","27807818","2.00","0","0"
"32098","66496201","27807818","7.00","0","0"
"32099","46747004","27807818","7.00","1","0"
"32100","88266934","27807818","5.00","0","0"
"32101","10298396","27807818","7.00","0","0"
"32102","92622703","27807818","3.00","0","0"
"32103","19307584","81612175","3.00","0","0"
"32104","52296235","81612175","4.00","0","0"
"32105","27123262","81612175","7.00","0","0"
"32106","34755141","81612175","6.00","0","0"
"32107","41226239","81612175","7.00","0","0"
"32108","69219877","81612175","7.00","0","0"
"32109","37639906","81612175","2.00","0","0"
"32110","98081661","81612175","2.00","0","0"
"32111","1193193","81612175","7.00","0","0"
"32112","87734031","81612175","2.00","0","0"
"32113","79444346","81612175","3.00","0","0"
"32114","6893400","81612175","2.00","0","0"
"32115","71733352","81612175","7.00","0","0"
"32116","52086385","81612175","2.00","0","0"
"32117","35271001","81612175","7.00","0","0"
"32118","1962757","81612175","7.00","0","0"
"32119","27607797","81612175","6.00","0","0"
"32120","40646197","81612175","2.00","0","0"
"32121","48216381","81612175","7.00","0","0"
"32122","208659","81612175","5.00","0","0"
"32123","85847624","81612175","4.00","0","0"
"32124","66496201","81612175","6.00","0","0"
"32125","46747004","81612175","7.00","0","0"
"32126","88266934","81612175","3.00","0","0"
"32127","10298396","81612175","7.00","0","0"
"32128","92622703","81612175","7.00","0","0"
"32129","19307584","11014176","7.00","0","0"
"32130","52296235","11014176","3.00","0","0"
"32131","27123262","11014176","3.00","0","0"
"32132","34755141","11014176","7.00","0","0"
"32133","41226239","11014176","4.00","0","0"
"32134","69219877","11014176","7.00","1","0"
"32135","37639906","11014176","7.00","0","0"
"32136","98081661","11014176","4.00","0","0"
"32137","1193193","11014176","3.00","0","0"
"32138","87734031","11014176","7.00","0","0"
"32139","79444346","11014176","7.00","0","0"
"32140","6893400","11014176","6.00","0","0"
"32141","71733352","11014176","1.00","0","0"
"32142","52086385","11014176","7.00","0","0"
"32143","35271001","11014176","3.00","0","0"
"32144","1962757","11014176","5.00","0","0"
"32145","27607797","11014176","7.00","0","0"
"32146","40646197","11014176","3.00","0","0"
"32147","48216381","11014176","6.00","0","0"
"32148","208659","11014176","7.00","0","0"
"32149","85847624","11014176","7.00","0","0"
"32150","66496201","11014176","3.00","0","0"
"32151","46747004","11014176","5.00","0","0"
"32152","88266934","11014176","7.00","0","0"
"32153","10298396","11014176","4.00","0","0"
"32154","92622703","11014176","4.00","0","0"
"32155","19307584","89507832","7.00","1","0"
"32156","52296235","89507832","2.00","0","0"
"32157","27123262","89507832","7.00","0","0"
"32158","34755141","89507832","4.00","0","0"
"32159","41226239","89507832","4.00","0","0"
"32160","69219877","89507832","7.00","0","0"
"32161","37639906","89507832","5.00","0","0"
"32162","98081661","89507832","7.00","0","0"
"32163","1193193","89507832","4.00","0","0"
"32164","87734031","89507832","7.00","0","0"
"32165","79444346","89507832","6.00","0","0"
"32166","6893400","89507832","5.00","0","0"
"32167","71733352","89507832","7.00","0","0"
"32168","52086385","89507832","3.00","0","0"
"32169","35271001","89507832","4.00","0","0"
"32170","1962757","89507832","7.00","0","0"
"32171","27607797","89507832","3.00","0","0"
"32172","40646197","89507832","7.00","0","0"
"32173","48216381","89507832","4.00","0","0"
"32174","208659","89507832","7.00","0","0"
"32175","85847624","89507832","5.00","0","0"
"32176","66496201","89507832","2.00","0","0"
"32177","46747004","89507832","7.00","0","0"
"32178","88266934","89507832","4.00","0","0"
"32179","10298396","89507832","3.00","0","0"
"32180","92622703","89507832","7.00","0","0"
"32181","19307584","14257077","7.00","0","0"
"32182","52296235","14257077","6.00","0","0"
"32183","27123262","14257077","7.00","0","0"
"32184","34755141","14257077","5.00","0","0"
"32185","41226239","14257077","7.00","0","0"
"32186","69219877","14257077","3.00","0","0"
"32187","37639906","14257077","3.00","0","0"
"32188","98081661","14257077","3.00","0","0"
"32189","1193193","14257077","5.00","0","0"
"32190","87734031","14257077","7.00","0","0"
"32191","79444346","14257077","7.00","0","0"
"32192","6893400","14257077","4.00","0","0"
"32193","71733352","14257077","7.00","0","0"
"32194","52086385","14257077","5.00","0","0"
"32195","35271001","14257077","7.00","0","0"
"32196","1962757","14257077","6.00","0","0"
"32197","27607797","14257077","4.00","0","0"
"32198","40646197","14257077","4.00","0","0"
"32199","48216381","14257077","3.00","0","0"
"32200","208659","14257077","7.00","0","0"
"32201","85847624","14257077","7.00","0","0"
"32202","66496201","14257077","4.00","0","0"
"32203","46747004","14257077","7.00","0","0"
"32204","88266934","14257077","6.00","0","0"
"32205","10298396","14257077","7.00","0","0"
"32206","92622703","14257077","5.00","0","0"
"32207","19307584","50313289","4.00","0","0"
"32208","52296235","50313289","7.00","0","0"
"32209","27123262","50313289","7.00","1","0"
"32210","34755141","50313289","7.00","0","0"
"32211","41226239","50313289","2.00","0","0"
"32212","69219877","50313289","7.00","0","0"
"32213","37639906","50313289","7.00","1","0"
"32214","98081661","50313289","6.00","0","0"
"32215","1193193","50313289","7.00","0","0"
"32216","87734031","50313289","6.00","0","0"
"32217","79444346","50313289","5.00","0","0"
"32218","6893400","50313289","7.00","0","0"
"32219","71733352","50313289","4.00","0","0"
"32220","52086385","50313289","7.00","0","0"
"32221","35271001","50313289","2.00","0","0"
"32222","1962757","50313289","7.00","0","0"
"32223","27607797","50313289","5.00","0","0"
"32224","40646197","50313289","6.00","0","0"
"32225","48216381","50313289","7.00","0","0"
"32226","208659","50313289","3.00","0","0"
"32227","85847624","50313289","6.00","0","0"
"32228","66496201","50313289","7.00","0","0"
"32229","46747004","50313289","2.00","0","0"
"32230","88266934","50313289","7.00","0","0"
"32231","10298396","50313289","6.00","0","0"
"32232","92622703","50313289","7.00","0","0"
"32233","19307584","77440855","7.00","0","0"
"32234","52296235","77440855","5.00","0","0"
"32235","27123262","77440855","5.00","0","0"
"32236","34755141","77440855","7.00","0","0"
"32237","41226239","77440855","6.00","0","0"
"32238","69219877","77440855","5.00","0","0"
"32239","37639906","77440855","7.00","0","0"
"32240","98081661","77440855","7.00","0","0"
"32241","1193193","77440855","6.00","0","0"
"32242","87734031","77440855","5.00","0","0"
"32243","79444346","77440855","7.00","0","0"
"32244","6893400","77440855","3.00","0","0"
"32245","71733352","77440855","2.00","0","0"
"32246","52086385","77440855","7.00","0","0"
"32247","35271001","77440855","5.00","0","0"
"32248","1962757","77440855","3.00","0","0"
"32249","27607797","77440855","7.00","0","0"
"32250","40646197","77440855","7.00","0","0"
"32251","48216381","77440855","5.00","0","0"
"32252","208659","77440855","6.00","0","0"
"32253","85847624","77440855","7.00","0","0"
"32254","66496201","77440855","5.00","0","0"
"32255","46747004","77440855","4.00","0","0"
"32256","88266934","77440855","7.00","0","0"
"32257","10298396","77440855","5.00","0","0"
"32258","92622703","77440855","6.00","0","0"
"32259","26386555","21267167","7.00","0","0"
"32260","58713653","21267167","1.00","0","0"
"32261","71114505","21267167","7.00","0","0"
"32262","30754583","21267167","1.00","0","0"
"32263","87592154","21267167","7.00","0","0"
"32264","98821488","21267167","1.00","0","0"
"32265","14186101","21267167","4.00","0","0"
"32266","78286505","21267167","1.00","0","0"
"32267","80952277","21267167","1.00","0","0"
"32268","80719436","21267167","7.00","0","0"
"32269","1866677","21267167","7.00","0","0"
"32270","98156848","21267167","2.00","0","0"
"32271","90545286","21267167","5.00","0","0"
"32272","22562408","21267167","6.00","0","0"
"32273","86384344","21267167","7.00","0","0"
"32274","65734973","21267167","7.00","0","0"
"32275","6558432","21267167","1.00","0","0"
"32276","12033131","21267167","7.00","0","0"
"32277","34707026","21267167","2.00","0","0"
"32278","92771909","21267167","2.00","0","0"
"32279","26386555","91582502","7.00","0","0"
"32280","58713653","91582502","3.00","0","0"
"32281","71114505","91582502","1.00","0","0"
"32282","30754583","91582502","7.00","0","0"
"32283","87592154","91582502","5.00","0","0"
"32284","98821488","91582502","3.00","0","0"
"32285","14186101","91582502","7.00","0","0"
"32286","78286505","91582502","7.00","0","0"
"32287","80952277","91582502","5.00","0","0"
"32288","80719436","91582502","3.00","0","0"
"32289","1866677","91582502","3.00","0","0"
"32290","98156848","91582502","7.00","0","0"
"32291","90545286","91582502","2.00","0","0"
"32292","22562408","91582502","2.00","0","0"
"32293","86384344","91582502","7.00","0","0"
"32294","65734973","91582502","1.00","0","0"
"32295","6558432","91582502","7.00","0","0"
"32296","12033131","91582502","1.00","0","0"
"32297","34707026","91582502","7.00","0","0"
"32298","92771909","91582502","1.00","0","0"
"32299","26386555","832153","2.00","0","0"
"32300","58713653","832153","7.00","0","0"
"32301","71114505","832153","7.00","0","0"
"32302","30754583","832153","2.00","0","0"
"32303","87592154","832153","2.00","0","0"
"32304","98821488","832153","5.00","0","0"
"32305","14186101","832153","2.00","0","0"
"32306","78286505","832153","7.00","0","0"
"32307","80952277","832153","7.00","0","0"
"32308","80719436","832153","5.00","0","0"
"32309","1866677","832153","1.00","0","0"
"32310","98156848","832153","7.00","0","0"
"32311","90545286","832153","1.00","0","0"
"32312","22562408","832153","7.00","0","0"
"32313","86384344","832153","1.00","0","0"
"32314","65734973","832153","7.00","0","0"
"32315","6558432","832153","3.00","0","0"
"32316","12033131","832153","2.00","0","0"
"32317","34707026","832153","7.00","0","0"
"32318","92771909","832153","5.00","0","0"
"32319","26386555","81612175","1.00","0","0"
"32320","58713653","81612175","2.00","0","0"
"32321","71114505","81612175","7.00","0","0"
"32322","30754583","81612175","3.00","0","0"
"32323","87592154","81612175","1.00","0","0"
"32324","98821488","81612175","7.00","0","0"
"32325","14186101","81612175","1.00","0","0"
"32326","78286505","81612175","7.00","0","0"
"32327","80952277","81612175","4.00","0","0"
"32328","80719436","81612175","7.00","0","0"
"32329","1866677","81612175","5.00","0","0"
"32330","98156848","81612175","1.00","0","0"
"32331","90545286","81612175","7.00","0","0"
"32332","22562408","81612175","5.00","0","0"
"32333","86384344","81612175","4.00","0","0"
"32334","65734973","81612175","7.00","0","0"
"32335","6558432","81612175","4.00","0","0"
"32336","12033131","81612175","7.00","0","0"
"32337","34707026","81612175","1.00","0","0"
"32338","92771909","81612175","7.00","0","0"
"32339","26386555","27807818","3.00","0","0"
"32340","58713653","27807818","7.00","0","0"
"32341","71114505","27807818","2.00","0","0"
"32342","30754583","27807818","7.00","0","0"
"32343","87592154","27807818","3.00","0","0"
"32344","98821488","27807818","6.00","0","0"
"32345","14186101","27807818","7.00","0","0"
"32346","78286505","27807818","5.00","0","0"
"32347","80952277","27807818","3.00","0","0"
"32348","80719436","27807818","7.00","0","0"
"32349","1866677","27807818","2.00","0","0"
"32350","98156848","27807818","7.00","0","0"
"32351","90545286","27807818","7.00","0","0"
"32352","22562408","27807818","1.00","0","0"
"32353","86384344","27807818","2.00","0","0"
"32354","65734973","27807818","2.00","0","0"
"32355","6558432","27807818","2.00","0","0"
"32356","12033131","27807818","7.00","0","0"
"32357","34707026","27807818","7.00","0","0"
"32358","92771909","27807818","3.00","0","0"
"32359","26386555","61715106","7.00","0","0"
"32360","58713653","61715106","4.00","0","0"
"32361","71114505","61715106","4.00","0","0"
"32362","30754583","61715106","4.00","0","0"
"32363","87592154","61715106","7.00","0","0"
"32364","98821488","61715106","7.00","0","0"
"32365","14186101","61715106","3.00","0","0"
"32366","78286505","61715106","7.00","0","0"
"32367","80952277","61715106","2.00","0","0"
"32368","80719436","61715106","2.00","0","0"
"32369","1866677","61715106","7.00","0","0"
"32370","98156848","61715106","3.00","0","0"
"32371","90545286","61715106","7.00","0","0"
"32372","22562408","61715106","3.00","0","0"
"32373","86384344","61715106","7.00","0","0"
"32374","65734973","61715106","3.00","0","0"
"32375","6558432","61715106","7.00","1","0"
"32376","12033131","61715106","6.00","0","0"
"32377","34707026","61715106","5.00","0","0"
"32378","92771909","61715106","7.00","0","0"
"32379","26386555","89507832","4.00","0","0"
"32380","58713653","89507832","5.00","0","0"
"32381","71114505","89507832","7.00","0","0"
"32382","30754583","89507832","5.00","0","0"
"32383","87592154","89507832","7.00","0","0"
"32384","98821488","89507832","7.00","0","0"
"32385","14186101","89507832","6.00","0","0"
"32386","78286505","89507832","2.00","0","0"
"32387","80952277","89507832","7.00","0","0"
"32388","80719436","89507832","1.00","0","0"
"32389","1866677","89507832","7.00","0","0"
"32390","98156848","89507832","4.00","0","0"
"32391","90545286","89507832","4.00","0","0"
"32392","22562408","89507832","7.00","0","0"
"32393","86384344","89507832","7.00","1","0"
"32394","65734973","89507832","4.00","0","0"
"32395","6558432","89507832","7.00","0","0"
"32396","12033131","89507832","7.00","0","0"
"32397","34707026","89507832","4.00","0","0"
"32398","92771909","89507832","4.00","0","0"
"32399","26386555","50313289","5.00","0","0"
"32400","58713653","50313289","7.00","0","0"
"32401","71114505","50313289","3.00","0","0"
"32402","30754583","50313289","6.00","0","0"
"32403","87592154","50313289","7.00","0","0"
"32404","98821488","50313289","4.00","0","0"
"32405","14186101","50313289","7.00","0","0"
"32406","78286505","50313289","4.00","0","0"
"32407","80952277","50313289","7.00","0","0"
"32408","80719436","50313289","6.00","0","0"
"32409","1866677","50313289","7.00","0","0"
"32410","98156848","50313289","6.00","0","0"
"32411","90545286","50313289","3.00","0","0"
"32412","22562408","50313289","7.00","0","0"
"32413","86384344","50313289","5.00","0","0"
"32414","65734973","50313289","7.00","1","0"
"32415","6558432","50313289","7.00","0","0"
"32416","12033131","50313289","3.00","0","0"
"32417","34707026","50313289","3.00","0","0"
"32418","92771909","50313289","7.00","0","0"
"32419","26386555","14257077","7.00","0","0"
"32420","58713653","14257077","6.00","0","0"
"32421","71114505","14257077","5.00","0","0"
"32422","30754583","14257077","7.00","0","0"
"32423","87592154","14257077","4.00","0","0"
"32424","98821488","14257077","2.00","0","0"
"32425","14186101","14257077","7.00","0","0"
"32426","78286505","14257077","3.00","0","0"
"32427","80952277","14257077","6.00","0","0"
"32428","80719436","14257077","7.00","0","0"
"32429","1866677","14257077","4.00","0","0"
"32430","98156848","14257077","7.00","0","0"
"32431","90545286","14257077","6.00","0","0"
"32432","22562408","14257077","7.00","0","0"
"32433","86384344","14257077","3.00","0","0"
"32434","65734973","14257077","5.00","0","0"
"32435","6558432","14257077","7.00","0","0"
"32436","12033131","14257077","5.00","0","0"
"32437","34707026","14257077","6.00","0","0"
"32438","92771909","14257077","7.00","0","0"
"32439","26386555","77440855","6.00","0","0"
"32440","58713653","77440855","7.00","0","0"
"32441","71114505","77440855","6.00","0","0"
"32442","30754583","77440855","7.00","0","0"
"32443","87592154","77440855","6.00","0","0"
"32444","98821488","77440855","7.00","0","0"
"32445","14186101","77440855","5.00","0","0"
"32446","78286505","77440855","6.00","0","0"
"32447","80952277","77440855","7.00","0","0"
"32448","80719436","77440855","4.00","0","0"
"32449","1866677","77440855","6.00","0","0"
"32450","98156848","77440855","5.00","0","0"
"32451","90545286","77440855","7.00","0","0"
"32452","22562408","77440855","4.00","0","0"
"32453","86384344","77440855","7.00","0","0"
"32454","65734973","77440855","7.00","0","0"
"32455","6558432","77440855","5.00","0","0"
"32456","12033131","77440855","4.00","0","0"
"32457","34707026","77440855","7.00","0","0"
"32458","92771909","77440855","6.00","0","0"
"32459","57320994","4192131","1.00","0","0"
"32460","26004031","4192131","7.00","0","0"
"32461","42163611","4192131","7.00","0","0"
"32462","89201045","4192131","1.00","0","0"
"32463","58341710","4192131","3.00","0","0"
"32464","96203296","4192131","7.00","0","0"
"32465","84008404","4192131","7.00","0","0"
"32466","49413214","4192131","7.00","0","0"
"32467","16680302","4192131","2.00","0","0"
"32468","52939239","4192131","7.00","0","0"
"32469","54968361","4192131","7.00","0","0"
"32470","19690214","4192131","1.00","0","0"
"32471","23395546","4192131","1.00","0","0"
"32472","63182620","4192131","1.00","0","0"
"32473","89470602","4192131","7.00","0","0"
"32474","99812860","4192131","7.00","0","0"
"32475","94980224","4192131","7.00","0","0"
"32476","67730039","4192131","1.00","0","0"
"32477","52332534","4192131","1.00","0","0"
"32478","57304906","4192131","2.00","0","0"
"32479","28957878","4192131","7.00","0","0"
"32480","9395757","4192131","7.00","0","0"
"32481","62504747","4192131","7.00","0","0"
"32482","31929099","4192131","5.00","0","0"
"32483","65728667","4192131","6.00","0","0"
"32484","65874786","4192131","7.00","0","0"
"32485","57320994","66479890","7.00","0","0"
"32486","26004031","66479890","7.00","0","0"
"32487","42163611","66479890","2.00","0","0"
"32488","89201045","66479890","7.00","0","0"
"32489","58341710","66479890","1.00","0","0"
"32490","96203296","66479890","7.00","0","0"
"32491","84008404","66479890","2.00","0","0"
"32492","49413214","66479890","1.00","0","0"
"32493","16680302","66479890","3.00","0","0"
"32494","52939239","66479890","7.00","0","0"
"32495","54968361","66479890","7.00","0","0"
"32496","19690214","66479890","7.00","0","0"
"32497","23395546","66479890","2.00","0","0"
"32498","63182620","66479890","7.00","0","0"
"32499","89470602","66479890","2.00","0","0"
"32500","99812860","66479890","1.00","0","0"
"32501","94980224","66479890","5.00","0","0"
"32502","67730039","66479890","7.00","0","0"
"32503","52332534","66479890","6.00","0","0"
"32504","57304906","66479890","1.00","0","0"
"32505","28957878","66479890","7.00","0","0"
"32506","9395757","66479890","7.00","0","0"
"32507","62504747","66479890","7.00","0","0"
"32508","31929099","66479890","7.00","0","0"
"32509","65728667","66479890","2.00","0","0"
"32510","65874786","66479890","7.00","0","0"
"32511","57320994","21267167","7.00","0","0"
"32512","26004031","21267167","7.00","0","0"
"32513","42163611","21267167","7.00","0","0"
"32514","89201045","21267167","6.00","0","0"
"32515","58341710","21267167","2.00","0","0"
"32516","96203296","21267167","7.00","0","0"
"32517","84008404","21267167","1.00","0","0"
"32518","49413214","21267167","7.00","0","0"
"32519","16680302","21267167","1.00","0","0"
"32520","52939239","21267167","1.00","0","0"
"32521","54968361","21267167","1.00","0","0"
"32522","19690214","21267167","7.00","0","0"
"32523","23395546","21267167","7.00","0","0"
"32524","63182620","21267167","7.00","0","0"
"32525","89470602","21267167","1.00","0","0"
"32526","99812860","21267167","2.00","0","0"
"32527","94980224","21267167","7.00","0","0"
"32528","67730039","21267167","5.00","0","0"
"32529","52332534","21267167","4.00","0","0"
"32530","57304906","21267167","7.00","0","0"
"32531","28957878","21267167","7.00","0","0"
"32532","9395757","21267167","7.00","0","0"
"32533","62504747","21267167","7.00","0","0"
"32534","31929099","21267167","4.00","0","0"
"32535","65728667","21267167","7.00","0","0"
"32536","65874786","21267167","3.00","0","0"
"32537","57320994","59238287","3.00","0","0"
"32538","26004031","59238287","7.00","0","0"
"32539","42163611","59238287","7.00","0","0"
"32540","89201045","59238287","7.00","0","0"
"32541","58341710","59238287","5.00","0","0"
"32542","96203296","59238287","1.00","0","0"
"32543","84008404","59238287","4.00","0","0"
"32544","49413214","59238287","7.00","0","0"
"32545","16680302","59238287","7.00","0","0"
"32546","52939239","59238287","7.00","0","0"
"32547","54968361","59238287","2.00","0","0"
"32548","19690214","59238287","5.00","0","0"
"32549","23395546","59238287","7.00","0","0"
"32550","63182620","59238287","7.00","0","0"
"32551","89470602","59238287","7.00","0","0"
"32552","99812860","59238287","7.00","0","0"
"32553","94980224","59238287","1.00","0","0"
"32554","67730039","59238287","3.00","0","0"
"32555","52332534","59238287","7.00","0","0"
"32556","57304906","59238287","4.00","0","0"
"32557","28957878","59238287","7.00","0","0"
"32558","9395757","59238287","2.00","0","0"
"32559","62504747","59238287","4.00","0","0"
"32560","31929099","59238287","2.00","0","0"
"32561","65728667","59238287","7.00","0","0"
"32562","65874786","59238287","7.00","0","0"
"32563","57320994","45812114","7.00","0","0"
"32564","26004031","45812114","5.00","0","0"
"32565","42163611","45812114","3.00","0","0"
"32566","89201045","45812114","7.00","0","0"
"32567","58341710","45812114","7.00","0","0"
"32568","96203296","45812114","7.00","0","0"
"32569","84008404","45812114","7.00","0","0"
"32570","49413214","45812114","2.00","0","0"
"32571","16680302","45812114","6.00","0","0"
"32572","52939239","45812114","7.00","0","0"
"32573","54968361","45812114","4.00","0","0"
"32574","19690214","45812114","4.00","0","0"
"32575","23395546","45812114","7.00","0","0"
"32576","63182620","45812114","7.00","0","0"
"32577","89470602","45812114","3.00","0","0"
"32578","99812860","45812114","7.00","0","0"
"32579","94980224","45812114","2.00","0","0"
"32580","67730039","45812114","7.00","0","0"
"32581","52332534","45812114","2.00","0","0"
"32582","57304906","45812114","7.00","0","0"
"32583","28957878","45812114","4.00","0","0"
"32584","9395757","45812114","7.00","0","0"
"32585","62504747","45812114","3.00","0","0"
"32586","31929099","45812114","7.00","0","0"
"32587","65728667","45812114","7.00","0","0"
"32588","65874786","45812114","1.00","0","0"
"32589","57320994","26565440","5.00","0","0"
"32590","26004031","26565440","7.00","0","0"
"32591","42163611","26565440","4.00","0","0"
"32592","89201045","26565440","7.00","0","0"
"32593","58341710","26565440","4.00","0","0"
"32594","96203296","26565440","7.00","0","0"
"32595","84008404","26565440","7.00","0","0"
"32596","49413214","26565440","3.00","0","0"
"32597","16680302","26565440","7.00","0","0"
"32598","52939239","26565440","3.00","0","0"
"32599","54968361","26565440","7.00","0","0"
"32600","19690214","26565440","2.00","0","0"
"32601","23395546","26565440","7.00","0","0"
"32602","63182620","26565440","6.00","0","0"
"32603","89470602","26565440","5.00","0","0"
"32604","99812860","26565440","7.00","0","0"
"32605","94980224","26565440","4.00","0","0"
"32606","67730039","26565440","7.00","0","0"
"32607","52332534","26565440","7.00","0","0"
"32608","57304906","26565440","3.00","0","0"
"32609","28957878","26565440","1.00","0","0"
"32610","9395757","26565440","7.00","0","0"
"32611","62504747","26565440","7.00","0","0"
"32612","31929099","26565440","1.00","0","0"
"32613","65728667","26565440","7.00","0","0"
"32614","65874786","26565440","7.00","0","0"
"32615","57320994","3343985","7.00","0","0"
"32616","26004031","3343985","3.00","0","0"
"32617","42163611","3343985","7.00","0","0"
"32618","89201045","3343985","2.00","0","0"
"32619","58341710","3343985","7.00","0","0"
"32620","96203296","3343985","7.00","0","0"
"32621","84008404","3343985","7.00","0","0"
"32622","49413214","3343985","4.00","0","0"
"32623","16680302","3343985","7.00","0","0"
"32624","52939239","3343985","2.00","0","0"
"32625","54968361","3343985","7.00","0","0"
"32626","19690214","3343985","7.00","0","0"
"32627","23395546","3343985","3.00","0","0"
"32628","63182620","3343985","7.00","0","0"
"32629","89470602","3343985","7.00","0","0"
"32630","99812860","3343985","4.00","0","0"
"32631","94980224","3343985","7.00","0","0"
"32632","67730039","3343985","2.00","0","0"
"32633","52332534","3343985","7.00","0","0"
"32634","57304906","3343985","7.00","1","0"
"32635","28957878","3343985","2.00","0","0"
"32636","9395757","3343985","1.00","0","0"
"32637","62504747","3343985","7.00","0","0"
"32638","31929099","3343985","7.00","0","0"
"32639","65728667","3343985","7.00","0","0"
"32640","65874786","3343985","4.00","0","0"
"32641","57320994","3964823","7.00","0","0"
"32642","26004031","3964823","4.00","0","0"
"32643","42163611","3964823","1.00","0","0"
"32644","89201045","3964823","7.00","0","0"
"32645","58341710","3964823","7.00","1","0"
"32646","96203296","3964823","7.00","1","0"
"32647","84008404","3964823","7.00","0","0"
"32648","49413214","3964823","7.00","0","0"
"32649","16680302","3964823","7.00","0","0"
"32650","52939239","3964823","7.00","0","0"
"32651","54968361","3964823","3.00","0","0"
"32652","19690214","3964823","7.00","0","0"
"32653","23395546","3964823","4.00","0","0"
"32654","63182620","3964823","2.00","0","0"
"32655","89470602","3964823","4.00","0","0"
"32656","99812860","3964823","5.00","0","0"
"32657","94980224","3964823","7.00","0","0"
"32658","67730039","3964823","7.00","0","0"
"32659","52332534","3964823","7.00","0","0"
"32660","57304906","3964823","7.00","0","0"
"32661","28957878","3964823","7.00","0","0"
"32662","9395757","3964823","7.00","0","0"
"32663","62504747","3964823","2.00","0","0"
"32664","31929099","3964823","7.00","0","0"
"32665","65728667","3964823","1.00","0","0"
"32666","65874786","3964823","2.00","0","0"
"32667","57320994","28865392","7.00","0","0"
"32668","26004031","28865392","1.00","0","0"
"32669","42163611","28865392","5.00","0","0"
"32670","89201045","28865392","4.00","0","0"
"32671","58341710","28865392","7.00","0","0"
"32672","96203296","28865392","2.00","0","0"
"32673","84008404","28865392","5.00","0","0"
"32674","49413214","28865392","7.00","0","0"
"32675","16680302","28865392","7.00","0","0"
"32676","52939239","28865392","7.00","0","0"
"32677","54968361","28865392","7.00","0","0"
"32678","19690214","28865392","3.00","0","0"
"32679","23395546","28865392","7.00","0","0"
"32680","63182620","28865392","7.00","0","0"
"32681","89470602","28865392","6.00","0","0"
"32682","99812860","28865392","3.00","0","0"
"32683","94980224","28865392","7.00","0","0"
"32684","67730039","28865392","7.00","0","0"
"32685","52332534","28865392","7.00","0","0"
"32686","57304906","28865392","7.00","0","0"
"32687","28957878","28865392","6.00","0","0"
"32688","9395757","28865392","3.00","0","0"
"32689","62504747","28865392","7.00","0","0"
"32690","31929099","28865392","3.00","0","0"
"32691","65728667","28865392","5.00","0","0"
"32692","65874786","28865392","7.00","0","0"
"32693","57320994","90735668","2.00","0","0"
"32694","26004031","90735668","2.00","0","0"
"32695","42163611","90735668","7.00","0","0"
"32696","89201045","90735668","7.00","0","0"
"32697","58341710","90735668","7.00","0","0"
"32698","96203296","90735668","7.00","0","0"
"32699","84008404","90735668","6.00","0","0"
"32700","49413214","90735668","7.00","0","0"
"32701","16680302","90735668","7.00","0","0"
"32702","52939239","90735668","4.00","0","0"
"32703","54968361","90735668","7.00","0","0"
"32704","19690214","90735668","6.00","0","0"
"32705","23395546","90735668","5.00","0","0"
"32706","63182620","90735668","7.00","0","0"
"32707","89470602","90735668","7.00","0","0"
"32708","99812860","90735668","7.00","0","0"
"32709","94980224","90735668","7.00","0","0"
"32710","67730039","90735668","7.00","0","0"
"32711","52332534","90735668","5.00","0","0"
"32712","57304906","90735668","7.00","0","0"
"32713","28957878","90735668","5.00","0","0"
"32714","9395757","90735668","5.00","0","0"
"32715","62504747","90735668","1.00","0","0"
"32716","31929099","90735668","6.00","0","0"
"32717","65728667","90735668","7.00","0","0"
"32718","65874786","90735668","5.00","0","0"
"32719","57320994","46283265","4.00","0","0"
"32720","26004031","46283265","7.00","0","0"
"32721","42163611","46283265","6.00","0","0"
"32722","89201045","46283265","3.00","0","0"
"32723","58341710","46283265","7.00","0","0"
"32724","96203296","46283265","3.00","0","0"
"32725","84008404","46283265","7.00","0","0"
"32726","49413214","46283265","7.00","0","0"
"32727","16680302","46283265","4.00","0","0"
"32728","52939239","46283265","6.00","0","0"
"32729","54968361","46283265","7.00","0","0"
"32730","19690214","46283265","7.00","0","0"
"32731","23395546","46283265","7.00","0","0"
"32732","63182620","46283265","4.00","0","0"
"32733","89470602","46283265","7.00","0","0"
"32734","99812860","46283265","7.00","0","0"
"32735","94980224","46283265","3.00","0","0"
"32736","67730039","46283265","4.00","0","0"
"32737","52332534","46283265","7.00","0","0"
"32738","57304906","46283265","7.00","0","0"
"32739","28957878","46283265","7.00","0","0"
"32740","9395757","46283265","6.00","0","0"
"32741","62504747","46283265","7.00","0","0"
"32742","31929099","46283265","7.00","0","0"
"32743","65728667","46283265","4.00","0","0"
"32744","65874786","46283265","6.00","0","0"
"32745","57320994","74323087","7.00","0","0"
"32746","26004031","74323087","7.00","0","0"
"32747","42163611","74323087","7.00","0","0"
"32748","89201045","74323087","7.00","0","0"
"32749","58341710","74323087","7.00","0","0"
"32750","96203296","74323087","4.00","0","0"
"32751","84008404","74323087","7.00","0","0"
"32752","49413214","74323087","5.00","0","0"
"32753","16680302","74323087","5.00","0","0"
"32754","52939239","74323087","5.00","0","0"
"32755","54968361","74323087","5.00","0","0"
"32756","19690214","74323087","7.00","0","0"
"32757","23395546","74323087","6.00","0","0"
"32758","63182620","74323087","3.00","0","0"
"32759","89470602","74323087","7.00","0","0"
"32760","99812860","74323087","7.00","0","0"
"32761","94980224","74323087","7.00","0","0"
"32762","67730039","74323087","6.00","0","0"
"32763","52332534","74323087","7.00","0","0"
"32764","57304906","74323087","5.00","0","0"
"32765","28957878","74323087","3.00","0","0"
"32766","9395757","74323087","7.00","0","0"
"32767","62504747","74323087","5.00","0","0"
"32768","31929099","74323087","7.00","0","0"
"32769","65728667","74323087","3.00","0","0"
"32770","65874786","74323087","7.00","0","0"
"32771","57320994","93090089","6.00","0","0"
"32772","26004031","93090089","6.00","0","0"
"32773","42163611","93090089","7.00","0","0"
"32774","89201045","93090089","5.00","0","0"
"32775","58341710","93090089","7.00","0","0"
"32776","96203296","93090089","7.00","0","0"
"32777","84008404","93090089","3.00","0","0"
"32778","49413214","93090089","6.00","0","0"
"32779","16680302","93090089","7.00","0","0"
"32780","52939239","93090089","7.00","0","0"
"32781","54968361","93090089","6.00","0","0"
"32782","19690214","93090089","7.00","0","0"
"32783","23395546","93090089","7.00","0","0"
"32784","63182620","93090089","5.00","0","0"
"32785","89470602","93090089","7.00","0","0"
"32786","99812860","93090089","6.00","0","0"
"32787","94980224","93090089","6.00","0","0"
"32788","67730039","93090089","7.00","0","0"
"32789","52332534","93090089","3.00","0","0"
"32790","57304906","93090089","7.00","0","0"
"32791","28957878","93090089","7.00","0","0"
"32792","9395757","93090089","4.00","0","0"
"32793","62504747","93090089","6.00","0","0"
"32794","31929099","93090089","7.00","0","0"
"32795","65728667","93090089","7.00","0","0"
"32796","65874786","93090089","7.00","0","0"
"32797","47264971","26565440","6.00","0","0"
"32798","76249989","26565440","1.00","0","0"
"32799","5511604","26565440","6.00","0","0"
"32800","32824301","26565440","1.00","0","0"
"32801","350919","26565440","1.00","0","0"
"32802","29409356","26565440","6.00","0","0"
"32803","16196349","26565440","6.00","0","0"
"32804","90154495","26565440","4.00","0","0"
"32805","71175339","26565440","3.00","0","0"
"32806","79997684","26565440","6.00","0","0"
"32807","58791567","26565440","6.00","0","0"
"32808","82231960","26565440","6.00","0","0"
"32809","24684776","26565440","1.00","0","0"
"32810","81747230","26565440","6.00","0","0"
"32811","47264971","66479890","2.00","0","0"
"32812","76249989","66479890","6.00","0","0"
"32813","5511604","66479890","3.00","0","0"
"32814","32824301","66479890","2.00","0","0"
"32815","350919","66479890","6.00","0","0"
"32816","29409356","66479890","6.00","0","0"
"32817","16196349","66479890","3.00","0","0"
"32818","90154495","66479890","1.00","0","0"
"32819","71175339","66479890","6.00","0","0"
"32820","79997684","66479890","6.00","0","0"
"32821","58791567","66479890","6.00","0","0"
"32822","82231960","66479890","2.00","0","0"
"32823","24684776","66479890","6.00","0","0"
"32824","81747230","66479890","6.00","0","0"
"32825","47264971","4192131","6.00","0","0"
"32826","76249989","4192131","3.00","0","0"
"32827","5511604","4192131","5.00","0","0"
"32828","32824301","4192131","6.00","0","0"
"32829","350919","4192131","6.00","0","0"
"32830","29409356","4192131","6.00","0","0"
"32831","16196349","4192131","2.00","0","0"
"32832","90154495","4192131","6.00","0","0"
"32833","71175339","4192131","1.00","0","0"
"32834","79997684","4192131","6.00","0","0"
"32835","58791567","4192131","6.00","0","0"
"32836","82231960","4192131","1.00","0","0"
"32837","24684776","4192131","6.00","0","0"
"32838","81747230","4192131","2.00","0","0"
"32839","47264971","90735668","6.00","0","0"
"32840","76249989","90735668","6.00","0","0"
"32841","5511604","90735668","6.00","0","0"
"32842","32824301","90735668","6.00","0","0"
"32843","350919","90735668","6.00","0","0"
"32844","29409356","90735668","6.00","0","0"
"32845","16196349","90735668","1.00","0","0"
"32846","90154495","90735668","3.00","0","0"
"32847","71175339","90735668","5.00","0","0"
"32848","79997684","90735668","2.00","0","0"
"32849","58791567","90735668","1.00","0","0"
"32850","82231960","90735668","6.00","0","0"
"32851","24684776","90735668","2.00","0","0"
"32852","81747230","90735668","6.00","0","0"
"32853","47264971","28865392","4.00","0","0"
"32854","76249989","28865392","2.00","0","0"
"32855","5511604","28865392","1.00","0","0"
"32856","32824301","28865392","6.00","0","0"
"32857","350919","28865392","2.00","0","0"
"32858","29409356","28865392","6.00","0","0"
"32859","16196349","28865392","6.00","0","0"
"32860","90154495","28865392","6.00","0","0"
"32861","71175339","28865392","6.00","0","0"
"32862","79997684","28865392","6.00","0","0"
"32863","58791567","28865392","6.00","0","0"
"32864","82231960","28865392","4.00","0","0"
"32865","24684776","28865392","6.00","0","0"
"32866","81747230","28865392","3.00","0","0"
"32867","47264971","93090089","6.00","0","0"
"32868","76249989","93090089","6.00","0","0"
"32869","5511604","93090089","4.00","0","0"
"32870","32824301","93090089","6.00","0","0"
"32871","350919","93090089","3.00","0","0"
"32872","29409356","93090089","1.00","0","0"
"32873","16196349","93090089","6.00","0","0"
"32874","90154495","93090089","6.00","0","0"
"32875","71175339","93090089","6.00","0","0"
"32876","79997684","93090089","6.00","0","0"
"32877","58791567","93090089","2.00","0","0"
"32878","82231960","93090089","6.00","0","0"
"32879","24684776","93090089","6.00","0","0"
"32880","81747230","93090089","1.00","0","0"
"32881","47264971","3343985","5.00","0","0"
"32882","76249989","3343985","5.00","0","0"
"32883","5511604","3343985","2.00","0","0"
"32884","32824301","3343985","3.00","0","0"
"32885","350919","3343985","6.00","0","0"
"32886","29409356","3343985","6.00","0","0"
"32887","16196349","3343985","6.00","0","0"
"32888","90154495","3343985","6.00","0","0"
"32889","71175339","3343985","2.00","0","0"
"32890","79997684","3343985","1.00","0","0"
"32891","58791567","3343985","6.00","0","0"
"32892","82231960","3343985","6.00","0","0"
"32893","24684776","3343985","6.00","0","0"
"32894","81747230","3343985","6.00","0","0"
"32895","47264971","59238287","6.00","0","0"
"32896","76249989","59238287","6.00","0","0"
"32897","5511604","59238287","6.00","0","0"
"32898","32824301","59238287","6.00","0","0"
"32899","350919","59238287","6.00","0","0"
"32900","29409356","59238287","4.00","0","0"
"32901","16196349","59238287","6.00","0","0"
"32902","90154495","59238287","2.00","0","0"
"32903","71175339","59238287","6.00","0","0"
"32904","79997684","59238287","3.00","0","0"
"32905","58791567","59238287","3.00","0","0"
"32906","82231960","59238287","6.00","0","0"
"32907","24684776","59238287","3.00","0","0"
"32908","81747230","59238287","4.00","0","0"
"32909","47264971","46283265","1.00","0","0"
"32910","76249989","46283265","6.00","0","0"
"32911","5511604","46283265","6.00","0","0"
"32912","32824301","46283265","5.00","0","0"
"32913","350919","46283265","5.00","0","0"
"32914","29409356","46283265","3.00","0","0"
"32915","16196349","46283265","4.00","0","0"
"32916","90154495","46283265","6.00","0","0"
"32917","71175339","46283265","6.00","0","0"
"32918","79997684","46283265","6.00","0","0"
"32919","58791567","46283265","4.00","0","0"
"32920","82231960","46283265","6.00","0","0"
"32921","24684776","46283265","6.00","0","0"
"32922","81747230","46283265","6.00","0","0"
"32923","47264971","21267167","6.00","0","0"
"32924","76249989","21267167","6.00","0","0"
"32925","5511604","21267167","6.00","0","0"
"32926","32824301","21267167","4.00","0","0"
"32927","350919","21267167","4.00","0","0"
"32928","29409356","21267167","2.00","0","0"
"32929","16196349","21267167","6.00","0","0"
"32930","90154495","21267167","6.00","0","0"
"32931","71175339","21267167","6.00","0","0"
"32932","79997684","21267167","6.00","0","0"
"32933","58791567","21267167","6.00","0","0"
"32934","82231960","21267167","3.00","0","0"
"32935","24684776","21267167","6.00","0","0"
"32936","81747230","21267167","5.00","0","0"
"32937","47264971","74323087","3.00","0","0"
"32938","76249989","74323087","6.00","0","0"
"32939","5511604","74323087","6.00","0","0"
"32940","32824301","74323087","6.00","0","0"
"32941","350919","74323087","6.00","0","0"
"32942","29409356","74323087","6.00","0","0"
"32943","16196349","74323087","6.00","0","0"
"32944","90154495","74323087","6.00","0","0"
"32945","71175339","74323087","4.00","0","0"
"32946","79997684","74323087","5.00","0","0"
"32947","58791567","74323087","5.00","0","0"
"32948","82231960","74323087","5.00","0","0"
"32949","24684776","74323087","5.00","0","0"
"32950","81747230","74323087","6.00","0","0"
"32951","47264971","45812114","6.00","0","0"
"32952","76249989","45812114","4.00","0","0"
"32953","5511604","45812114","6.00","0","0"
"32954","32824301","45812114","6.00","0","0"
"32955","350919","45812114","6.00","0","0"
"32956","29409356","45812114","5.00","0","0"
"32957","16196349","45812114","5.00","0","0"
"32958","90154495","45812114","5.00","0","0"
"32959","71175339","45812114","6.00","0","0"
"32960","79997684","45812114","4.00","0","0"
"32961","58791567","45812114","6.00","0","0"
"32962","82231960","45812114","6.00","0","0"
"32963","24684776","45812114","4.00","0","0"
"32964","81747230","45812114","6.00","0","0"
"32965","3416422","3343985","2.00","0","0"
"32966","76267507","3343985","1.00","0","0"
"32967","15481950","3343985","7.00","0","0"
"32968","95423081","3343985","7.00","0","0"
"32969","16251074","3343985","7.00","0","0"
"32970","53653775","3343985","7.00","0","0"
"32971","34043045","3343985","3.00","0","0"
"32972","29000932","3343985","7.00","0","0"
"32973","16860843","3343985","7.00","0","0"
"32974","60243057","3343985","1.00","0","0"
"32975","18596175","3343985","7.00","0","0"
"32976","4727891","3343985","2.00","0","0"
"32977","94152089","3343985","6.00","0","0"
"32978","56453907","3343985","2.00","0","0"
"32979","31480866","3343985","5.00","0","0"
"32980","36676783","3343985","7.00","0","0"
"32981","96620439","3343985","7.00","0","0"
"32982","67275700","3343985","7.00","0","0"
"32983","3416422","74323087","7.00","0","0"
"32984","76267507","74323087","7.00","0","0"
"32985","15481950","74323087","4.00","0","0"
"32986","95423081","74323087","7.00","0","0"
"32987","16251074","74323087","1.00","0","0"
"32988","53653775","74323087","7.00","0","0"
"32989","34043045","74323087","2.00","0","0"
"32990","29000932","74323087","1.00","0","0"
"32991","16860843","74323087","3.00","0","0"
"32992","60243057","74323087","7.00","0","0"
"32993","18596175","74323087","7.00","0","0"
"32994","4727891","74323087","7.00","0","0"
"32995","94152089","74323087","5.00","0","0"
"32996","56453907","74323087","7.00","0","0"
"32997","31480866","74323087","7.00","0","0"
"32998","36676783","74323087","5.00","0","0"
"32999","96620439","74323087","7.00","0","0"
"33000","67275700","74323087","3.00","0","0"
"33001","3416422","3964823","7.00","0","0"
"33002","76267507","3964823","4.00","0","0"
"33003","15481950","3964823","7.00","0","0"
"33004","95423081","3964823","2.00","0","0"
"33005","16251074","3964823","7.00","0","0"
"33006","53653775","3964823","1.00","0","0"
"33007","34043045","3964823","7.00","0","0"
"33008","29000932","3964823","2.00","0","0"
"33009","16860843","3964823","7.00","0","0"
"33010","60243057","3964823","6.00","0","0"
"33011","18596175","3964823","7.00","0","0"
"33012","4727891","3964823","7.00","0","0"
"33013","94152089","3964823","3.00","0","0"
"33014","56453907","3964823","7.00","0","0"
"33015","31480866","3964823","2.00","0","0"
"33016","36676783","3964823","7.00","0","0"
"33017","96620439","3964823","5.00","0","0"
"33018","67275700","3964823","7.00","0","0"
"33019","3416422","45812114","7.00","0","0"
"33020","76267507","45812114","7.00","0","0"
"33021","15481950","45812114","7.00","0","0"
"33022","95423081","45812114","3.00","0","0"
"33023","16251074","45812114","4.00","0","0"
"33024","53653775","45812114","7.00","0","0"
"33025","34043045","45812114","5.00","0","0"
"33026","29000932","45812114","7.00","0","0"
"33027","16860843","45812114","1.00","0","0"
"33028","60243057","45812114","3.00","0","0"
"33029","18596175","45812114","2.00","0","0"
"33030","4727891","45812114","7.00","0","0"
"33031","94152089","45812114","7.00","0","0"
"33032","56453907","45812114","7.00","0","0"
"33033","31480866","45812114","7.00","0","0"
"33034","36676783","45812114","7.00","0","0"
"33035","96620439","45812114","4.00","0","0"
"33036","67275700","45812114","2.00","0","0"
"33037","3416422","90735668","7.00","0","0"
"33038","76267507","90735668","7.00","0","0"
"33039","15481950","90735668","7.00","0","0"
"33040","95423081","90735668","7.00","0","0"
"33041","16251074","90735668","7.00","0","0"
"33042","53653775","90735668","5.00","0","0"
"33043","34043045","90735668","7.00","0","0"
"33044","29000932","90735668","7.00","1","0"
"33045","16860843","90735668","2.00","0","0"
"33046","60243057","90735668","2.00","0","0"
"33047","18596175","90735668","4.00","0","0"
"33048","4727891","90735668","7.00","0","0"
"33049","94152089","90735668","1.00","0","0"
"33050","56453907","90735668","7.00","0","0"
"33051","31480866","90735668","7.00","0","0"
"33052","36676783","90735668","7.00","0","0"
"33053","96620439","90735668","7.00","0","0"
"33054","67275700","90735668","7.00","0","0"
"33055","3416422","26565440","4.00","0","0"
"33056","76267507","26565440","3.00","0","0"
"33057","15481950","26565440","7.00","0","0"
"33058","95423081","26565440","1.00","0","0"
"33059","16251074","26565440","7.00","0","0"
"33060","53653775","26565440","7.00","0","0"
"33061","34043045","26565440","6.00","0","0"
"33062","29000932","26565440","7.00","1","0"
"33063","16860843","26565440","7.00","0","0"
"33064","60243057","26565440","7.00","0","0"
"33065","18596175","26565440","1.00","0","0"
"33066","4727891","26565440","7.00","0","0"
"33067","94152089","26565440","7.00","0","0"
"33068","56453907","26565440","4.00","0","0"
"33069","31480866","26565440","3.00","0","0"
"33070","36676783","26565440","7.00","0","0"
"33071","96620439","26565440","3.00","0","0"
"33072","67275700","26565440","7.00","0","0"
"33073","3416422","28865392","7.00","0","0"
"33074","76267507","28865392","5.00","0","0"
"33075","15481950","28865392","1.00","0","0"
"33076","95423081","28865392","4.00","0","0"
"33077","16251074","28865392","7.00","0","0"
"33078","53653775","28865392","3.00","0","0"
"33079","34043045","28865392","4.00","0","0"
"33080","29000932","28865392","7.00","0","0"
"33081","16860843","28865392","7.00","0","0"
"33082","60243057","28865392","7.00","0","0"
"33083","18596175","28865392","7.00","0","0"
"33084","4727891","28865392","5.00","0","0"
"33085","94152089","28865392","7.00","0","0"
"33086","56453907","28865392","7.00","0","0"
"33087","31480866","28865392","4.00","0","0"
"33088","36676783","28865392","3.00","0","0"
"33089","96620439","28865392","1.00","0","0"
"33090","67275700","28865392","7.00","0","0"
"33091","3416422","93090089","7.00","0","0"
"33092","76267507","93090089","6.00","0","0"
"33093","15481950","93090089","3.00","0","0"
"33094","95423081","93090089","7.00","0","0"
"33095","16251074","93090089","3.00","0","0"
"33096","53653775","93090089","6.00","0","0"
"33097","34043045","93090089","7.00","0","0"
"33098","29000932","93090089","7.00","0","0"
"33099","16860843","93090089","7.00","0","0"
"33100","60243057","93090089","7.00","0","0"
"33101","18596175","93090089","3.00","0","0"
"33102","4727891","93090089","7.00","0","0"
"33103","94152089","93090089","2.00","0","0"
"33104","56453907","93090089","7.00","0","0"
"33105","31480866","93090089","6.00","0","0"
"33106","36676783","93090089","1.00","0","0"
"33107","96620439","93090089","7.00","0","0"
"33108","67275700","93090089","4.00","0","0"
"33109","3416422","46283265","1.00","0","0"
"33110","76267507","46283265","7.00","0","0"
"33111","15481950","46283265","7.00","0","0"
"33112","95423081","46283265","5.00","0","0"
"33113","16251074","46283265","2.00","0","0"
"33114","53653775","46283265","7.00","0","0"
"33115","34043045","46283265","7.00","0","0"
"33116","29000932","46283265","7.00","0","0"
"33117","16860843","46283265","6.00","0","0"
"33118","60243057","46283265","7.00","0","0"
"33119","18596175","46283265","7.00","0","0"
"33120","4727891","46283265","6.00","0","0"
"33121","94152089","46283265","4.00","0","0"
"33122","56453907","46283265","6.00","0","0"
"33123","31480866","46283265","7.00","0","0"
"33124","36676783","46283265","7.00","0","0"
"33125","96620439","46283265","2.00","0","0"
"33126","67275700","46283265","1.00","0","0"
"33127","3416422","66479890","3.00","0","0"
"33128","76267507","66479890","7.00","0","0"
"33129","15481950","66479890","2.00","0","0"
"33130","95423081","66479890","7.00","0","0"
"33131","16251074","66479890","5.00","0","0"
"33132","53653775","66479890","7.00","0","0"
"33133","34043045","66479890","7.00","0","0"
"33134","29000932","66479890","7.00","1","0"
"33135","16860843","66479890","7.00","0","0"
"33136","60243057","66479890","4.00","0","0"
"33137","18596175","66479890","7.00","0","0"
"33138","4727891","66479890","3.00","0","0"
"33139","94152089","66479890","7.00","0","0"
"33140","56453907","66479890","1.00","0","0"
"33141","31480866","66479890","7.00","0","0"
"33142","36676783","66479890","7.00","1","0"
"33143","96620439","66479890","7.00","0","0"
"33144","67275700","66479890","6.00","0","0"
"33145","3416422","21267167","6.00","0","0"
"33146","76267507","21267167","7.00","0","0"
"33147","15481950","21267167","7.00","0","0"
"33148","95423081","21267167","7.00","0","0"
"33149","16251074","21267167","7.00","1","0"
"33150","53653775","21267167","2.00","0","0"
"33151","34043045","21267167","1.00","0","0"
"33152","29000932","21267167","7.00","0","0"
"33153","16860843","21267167","7.00","0","0"
"33154","60243057","21267167","7.00","0","0"
"33155","18596175","21267167","5.00","0","0"
"33156","4727891","21267167","4.00","0","0"
"33157","94152089","21267167","7.00","0","0"
"33158","56453907","21267167","3.00","0","0"
"33159","31480866","21267167","7.00","0","0"
"33160","36676783","21267167","7.00","0","0"
"33161","96620439","21267167","7.00","0","0"
"33162","67275700","21267167","5.00","0","0"
"33163","3416422","4192131","7.00","0","0"
"33164","76267507","4192131","2.00","0","0"
"33165","15481950","4192131","5.00","0","0"
"33166","95423081","4192131","7.00","0","0"
"33167","16251074","4192131","7.00","0","0"
"33168","53653775","4192131","7.00","0","0"
"33169","34043045","4192131","7.00","0","0"
"33170","29000932","4192131","7.00","1","0"
"33171","16860843","4192131","5.00","0","0"
"33172","60243057","4192131","7.00","0","0"
"33173","18596175","4192131","6.00","0","0"
"33174","4727891","4192131","1.00","0","0"
"33175","94152089","4192131","7.00","0","0"
"33176","56453907","4192131","7.00","0","0"
"33177","31480866","4192131","1.00","0","0"
"33178","36676783","4192131","2.00","0","0"
"33179","96620439","4192131","7.00","0","0"
"33180","67275700","4192131","7.00","0","0"
"33181","3416422","59238287","5.00","0","0"
"33182","76267507","59238287","7.00","0","0"
"33183","15481950","59238287","7.00","1","0"
"33184","95423081","59238287","6.00","0","0"
"33185","16251074","59238287","7.00","0","0"
"33186","53653775","59238287","4.00","0","0"
"33187","34043045","59238287","7.00","0","0"
"33188","29000932","59238287","7.00","0","0"
"33189","16860843","59238287","4.00","0","0"
"33190","60243057","59238287","5.00","0","0"
"33191","18596175","59238287","7.00","0","0"
"33192","4727891","59238287","7.00","0","0"
"33193","94152089","59238287","7.00","0","0"
"33194","56453907","59238287","5.00","0","0"
"33195","31480866","59238287","7.00","0","0"
"33196","36676783","59238287","4.00","0","0"
"33197","96620439","59238287","6.00","0","0"
"33198","67275700","59238287","7.00","0","0"
"33199","60988710","3964823","2.00","0","0"
"33200","28463957","3964823","7.00","0","0"
"33201","83747523","3964823","1.00","0","0"
"33202","63029245","3964823","2.00","0","0"
"33203","94753458","3964823","7.00","0","0"
"33204","79577393","3964823","3.00","0","0"
"33205","50030723","3964823","7.00","0","0"
"33206","31381239","3964823","7.00","0","0"
"33207","41683847","3964823","3.00","0","0"
"33208","12786790","3964823","1.00","0","0"
"33209","50789145","3964823","7.00","0","0"
"33210","93239549","3964823","7.00","0","0"
"33211","41920752","3964823","7.00","0","0"
"33212","96524422","3964823","1.00","0","0"
"33213","58232821","3964823","7.00","0","0"
"33214","23404478","3964823","4.00","0","0"
"33215","11035564","3964823","2.00","0","0"
"33216","64263311","3964823","7.00","0","0"
"33217","40071058","3964823","2.00","0","0"
"33218","68250653","3964823","7.00","0","0"
"33219","52516788","3964823","7.00","0","0"
"33220","49633550","3964823","2.00","0","0"
"33221","31755781","3964823","3.00","0","0"
"33222","91130988","3964823","7.00","0","0"
"33223","52826252","3964823","7.00","0","0"
"33224","10283037","3964823","7.00","0","0"
"33225","60988710","3343985","7.00","0","0"
"33226","28463957","3343985","3.00","0","0"
"33227","83747523","3343985","3.00","0","0"
"33228","63029245","3343985","7.00","0","0"
"33229","94753458","3343985","3.00","0","0"
"33230","79577393","3343985","2.00","0","0"
"33231","50030723","3343985","7.00","0","0"
"33232","31381239","3343985","7.00","0","0"
"33233","41683847","3343985","7.00","0","0"
"33234","12786790","3343985","7.00","0","0"
"33235","50789145","3343985","1.00","0","0"
"33236","93239549","3343985","7.00","0","0"
"33237","41920752","3343985","2.00","0","0"
"33238","96524422","3343985","7.00","0","0"
"33239","58232821","3343985","3.00","0","0"
"33240","23404478","3343985","5.00","0","0"
"33241","11035564","3343985","7.00","0","0"
"33242","64263311","3343985","1.00","0","0"
"33243","40071058","3343985","3.00","0","0"
"33244","68250653","3343985","7.00","0","0"
"33245","52516788","3343985","7.00","0","0"
"33246","49633550","3343985","7.00","0","0"
"33247","31755781","3343985","7.00","0","0"
"33248","91130988","3343985","1.00","0","0"
"33249","52826252","3343985","7.00","0","0"
"33250","10283037","3343985","1.00","0","0"
"33251","60988710","21267167","7.00","0","0"
"33252","28463957","21267167","7.00","0","0"
"33253","83747523","21267167","7.00","0","0"
"33254","63029245","21267167","1.00","0","0"
"33255","94753458","21267167","1.00","0","0"
"33256","79577393","21267167","7.00","0","0"
"33257","50030723","21267167","1.00","0","0"
"33258","31381239","21267167","7.00","0","0"
"33259","41683847","21267167","1.00","0","0"
"33260","12786790","21267167","3.00","0","0"
"33261","50789145","21267167","2.00","0","0"
"33262","93239549","21267167","7.00","0","0"
"33263","41920752","21267167","7.00","0","0"
"33264","96524422","21267167","7.00","0","0"
"33265","58232821","21267167","7.00","0","0"
"33266","23404478","21267167","7.00","0","0"
"33267","11035564","21267167","1.00","0","0"
"33268","64263311","21267167","3.00","0","0"
"33269","40071058","21267167","7.00","0","0"
"33270","68250653","21267167","3.00","0","0"
"33271","52516788","21267167","7.00","0","0"
"33272","49633550","21267167","3.00","0","0"
"33273","31755781","21267167","4.00","0","0"
"33274","91130988","21267167","6.00","0","0"
"33275","52826252","21267167","7.00","0","0"
"33276","10283037","21267167","7.00","0","0"
"33277","60988710","4192131","7.00","0","0"
"33278","28463957","4192131","2.00","0","0"
"33279","83747523","4192131","2.00","0","0"
"33280","63029245","4192131","7.00","0","0"
"33281","94753458","4192131","7.00","0","0"
"33282","79577393","4192131","7.00","0","0"
"33283","50030723","4192131","7.00","0","0"
"33284","31381239","4192131","1.00","0","0"
"33285","41683847","4192131","4.00","0","0"
"33286","12786790","4192131","7.00","0","0"
"33287","50789145","4192131","4.00","0","0"
"33288","93239549","4192131","6.00","0","0"
"33289","41920752","4192131","7.00","0","0"
"33290","96524422","4192131","7.00","0","0"
"33291","58232821","4192131","1.00","0","0"
"33292","23404478","4192131","1.00","0","0"
"33293","11035564","4192131","7.00","0","0"
"33294","64263311","4192131","7.00","0","0"
"33295","40071058","4192131","7.00","0","0"
"33296","68250653","4192131","7.00","0","0"
"33297","52516788","4192131","1.00","0","0"
"33298","49633550","4192131","6.00","0","0"
"33299","31755781","4192131","7.00","0","0"
"33300","91130988","4192131","3.00","0","0"
"33301","52826252","4192131","2.00","0","0"
"33302","10283037","4192131","7.00","0","0"
"33303","60988710","26565440","6.00","0","0"
"33304","28463957","26565440","7.00","0","0"
"33305","83747523","26565440","7.00","0","0"
"33306","63029245","26565440","7.00","0","0"
"33307","94753458","26565440","2.00","0","0"
"33308","79577393","26565440","1.00","0","0"
"33309","50030723","26565440","3.00","0","0"
"33310","31381239","26565440","7.00","0","0"
"33311","41683847","26565440","7.00","0","0"
"33312","12786790","26565440","7.00","0","0"
"33313","50789145","26565440","3.00","0","0"
"33314","93239549","26565440","5.00","0","0"
"33315","41920752","26565440","7.00","0","0"
"33316","96524422","26565440","4.00","0","0"
"33317","58232821","26565440","7.00","0","0"
"33318","23404478","26565440","7.00","0","0"
"33319","11035564","26565440","7.00","0","0"
"33320","64263311","26565440","2.00","0","0"
"33321","40071058","26565440","1.00","0","0"
"33322","68250653","26565440","1.00","0","0"
"33323","52516788","26565440","7.00","0","0"
"33324","49633550","26565440","7.00","0","0"
"33325","31755781","26565440","7.00","0","0"
"33326","91130988","26565440","4.00","0","0"
"33327","52826252","26565440","1.00","0","0"
"33328","10283037","26565440","7.00","0","0"
"33329","60988710","66479890","5.00","0","0"
"33330","28463957","66479890","1.00","0","0"
"33331","83747523","66479890","7.00","0","0"
"33332","63029245","66479890","4.00","0","0"
"33333","94753458","66479890","7.00","0","0"
"33334","79577393","66479890","7.00","0","0"
"33335","50030723","66479890","2.00","0","0"
"33336","31381239","66479890","4.00","0","0"
"33337","41683847","66479890","7.00","0","0"
"33338","12786790","66479890","7.00","0","0"
"33339","50789145","66479890","5.00","0","0"
"33340","93239549","66479890","7.00","0","0"
"33341","41920752","66479890","7.00","0","0"
"33342","96524422","66479890","2.00","0","0"
"33343","58232821","66479890","6.00","0","0"
"33344","23404478","66479890","7.00","0","0"
"33345","11035564","66479890","4.00","0","0"
"33346","64263311","66479890","7.00","0","0"
"33347","40071058","66479890","7.00","0","0"
"33348","68250653","66479890","2.00","0","0"
"33349","52516788","66479890","5.00","0","0"
"33350","49633550","66479890","7.00","0","0"
"33351","31755781","66479890","7.00","0","0"
"33352","91130988","66479890","2.00","0","0"
"33353","52826252","66479890","7.00","0","0"
"33354","10283037","66479890","7.00","0","0"
"33355","60988710","93090089","7.00","0","0"
"33356","28463957","93090089","7.00","0","0"
"33357","83747523","93090089","7.00","0","0"
"33358","63029245","93090089","7.00","0","0"
"33359","94753458","93090089","7.00","0","0"
"33360","79577393","93090089","4.00","0","0"
"33361","50030723","93090089","7.00","0","0"
"33362","31381239","93090089","3.00","0","0"
"33363","41683847","93090089","5.00","0","0"
"33364","12786790","93090089","2.00","0","0"
"33365","50789145","93090089","6.00","0","0"
"33366","93239549","93090089","7.00","0","0"
"33367","41920752","93090089","4.00","0","0"
"33368","96524422","93090089","7.00","0","0"
"33369","58232821","93090089","7.00","0","0"
"33370","23404478","93090089","7.00","0","0"
"33371","11035564","93090089","7.00","0","0"
"33372","64263311","93090089","7.00","0","0"
"33373","40071058","93090089","4.00","0","0"
"33374","68250653","93090089","7.00","0","0"
"33375","52516788","93090089","2.00","0","0"
"33376","49633550","93090089","1.00","0","0"
"33377","31755781","93090089","2.00","0","0"
"33378","91130988","93090089","5.00","0","0"
"33379","52826252","93090089","7.00","0","0"
"33380","10283037","93090089","4.00","0","0"
"33381","60988710","45812114","4.00","0","0"
"33382","28463957","45812114","7.00","0","0"
"33383","83747523","45812114","7.00","0","0"
"33384","63029245","45812114","5.00","0","0"
"33385","94753458","45812114","4.00","0","0"
"33386","79577393","45812114","7.00","0","0"
"33387","50030723","45812114","7.00","0","0"
"33388","31381239","45812114","7.00","0","0"
"33389","41683847","45812114","2.00","0","0"
"33390","12786790","45812114","7.00","0","0"
"33391","50789145","45812114","7.00","0","0"
"33392","93239549","45812114","4.00","0","0"
"33393","41920752","45812114","6.00","0","0"
"33394","96524422","45812114","3.00","0","0"
"33395","58232821","45812114","7.00","0","0"
"33396","23404478","45812114","7.00","0","0"
"33397","11035564","45812114","3.00","0","0"
"33398","64263311","45812114","4.00","0","0"
"33399","40071058","45812114","7.00","0","0"
"33400","68250653","45812114","7.00","0","0"
"33401","52516788","45812114","7.00","0","0"
"33402","49633550","45812114","4.00","0","0"
"33403","31755781","45812114","7.00","0","0"
"33404","91130988","45812114","7.00","0","0"
"33405","52826252","45812114","5.00","0","0"
"33406","10283037","45812114","3.00","0","0"
"33407","60988710","28865392","7.00","0","0"
"33408","28463957","28865392","6.00","0","0"
"33409","83747523","28865392","6.00","0","0"
"33410","63029245","28865392","3.00","0","0"
"33411","94753458","28865392","7.00","0","0"
"33412","79577393","28865392","6.00","0","0"
"33413","50030723","28865392","4.00","0","0"
"33414","31381239","28865392","7.00","0","0"
"33415","41683847","28865392","7.00","0","0"
"33416","12786790","28865392","7.00","0","0"
"33417","50789145","28865392","7.00","0","0"
"33418","93239549","28865392","2.00","0","0"
"33419","41920752","28865392","7.00","0","0"
"33420","96524422","28865392","7.00","0","0"
"33421","58232821","28865392","2.00","0","0"
"33422","23404478","28865392","2.00","0","0"
"33423","11035564","28865392","5.00","0","0"
"33424","64263311","28865392","7.00","0","0"
"33425","40071058","28865392","5.00","0","0"
"33426","68250653","28865392","4.00","0","0"
"33427","52516788","28865392","7.00","0","0"
"33428","49633550","28865392","7.00","0","0"
"33429","31755781","28865392","7.00","0","0"
"33430","91130988","28865392","7.00","0","0"
"33431","52826252","28865392","6.00","0","0"
"33432","10283037","28865392","7.00","0","0"
"33433","60988710","46283265","7.00","0","0"
"33434","28463957","46283265","7.00","0","0"
"33435","83747523","46283265","5.00","0","0"
"33436","63029245","46283265","7.00","0","0"
"33437","94753458","46283265","5.00","0","0"
"33438","79577393","46283265","7.00","0","0"
"33439","50030723","46283265","5.00","0","0"
"33440","31381239","46283265","2.00","0","0"
"33441","41683847","46283265","6.00","0","0"
"33442","12786790","46283265","7.00","0","0"
"33443","50789145","46283265","7.00","0","0"
"33444","93239549","46283265","7.00","0","0"
"33445","41920752","46283265","3.00","0","0"
"33446","96524422","46283265","7.00","0","0"
"33447","58232821","46283265","7.00","0","0"
"33448","23404478","46283265","3.00","0","0"
"33449","11035564","46283265","7.00","0","0"
"33450","64263311","46283265","5.00","0","0"
"33451","40071058","46283265","7.00","0","0"
"33452","68250653","46283265","5.00","0","0"
"33453","52516788","46283265","3.00","0","0"
"33454","49633550","46283265","5.00","0","0"
"33455","31755781","46283265","7.00","0","0"
"33456","91130988","46283265","7.00","0","0"
"33457","52826252","46283265","7.00","0","0"
"33458","10283037","46283265","5.00","0","0"
"33459","60988710","59238287","7.00","0","0"
"33460","28463957","59238287","5.00","0","0"
"33461","83747523","59238287","7.00","0","0"
"33462","63029245","59238287","6.00","0","0"
"33463","94753458","59238287","7.00","0","0"
"33464","79577393","59238287","5.00","0","0"
"33465","50030723","59238287","7.00","0","0"
"33466","31381239","59238287","5.00","0","0"
"33467","41683847","59238287","7.00","0","0"
"33468","12786790","59238287","4.00","0","0"
"33469","50789145","59238287","7.00","0","0"
"33470","93239549","59238287","7.00","0","0"
"33471","41920752","59238287","1.00","0","0"
"33472","96524422","59238287","7.00","0","0"
"33473","58232821","59238287","4.00","0","0"
"33474","23404478","59238287","7.00","0","0"
"33475","11035564","59238287","7.00","0","0"
"33476","64263311","59238287","6.00","0","0"
"33477","40071058","59238287","7.00","1","0"
"33478","68250653","59238287","7.00","0","0"
"33479","52516788","59238287","4.00","0","0"
"33480","49633550","59238287","7.00","0","0"
"33481","31755781","59238287","5.00","0","0"
"33482","91130988","59238287","7.00","0","0"
"33483","52826252","59238287","7.00","0","0"
"33484","10283037","59238287","2.00","0","0"
"33485","60988710","90735668","1.00","0","0"
"33486","28463957","90735668","7.00","0","0"
"33487","83747523","90735668","4.00","0","0"
"33488","63029245","90735668","7.00","0","0"
"33489","94753458","90735668","7.00","1","0"
"33490","79577393","90735668","7.00","0","0"
"33491","50030723","90735668","7.00","0","0"
"33492","31381239","90735668","6.00","0","0"
"33493","41683847","90735668","7.00","0","0"
"33494","12786790","90735668","6.00","0","0"
"33495","50789145","90735668","7.00","0","0"
"33496","93239549","90735668","3.00","0","0"
"33497","41920752","90735668","7.00","0","0"
"33498","96524422","90735668","5.00","0","0"
"33499","58232821","90735668","7.00","0","0"
"33500","23404478","90735668","6.00","0","0"
"33501","11035564","90735668","6.00","0","0"
"33502","64263311","90735668","7.00","0","0"
"33503","40071058","90735668","7.00","0","0"
"33504","68250653","90735668","7.00","0","0"
"33505","52516788","90735668","6.00","0","0"
"33506","49633550","90735668","7.00","0","0"
"33507","31755781","90735668","1.00","0","0"
"33508","91130988","90735668","7.00","0","0"
"33509","52826252","90735668","4.00","0","0"
"33510","10283037","90735668","7.00","0","0"
"33511","60988710","74323087","3.00","0","0"
"33512","28463957","74323087","4.00","0","0"
"33513","83747523","74323087","7.00","0","0"
"33514","63029245","74323087","7.00","0","0"
"33515","94753458","74323087","7.00","0","0"
"33516","79577393","74323087","7.00","0","0"
"33517","50030723","74323087","6.00","0","0"
"33518","31381239","74323087","7.00","0","0"
"33519","41683847","74323087","7.00","0","0"
"33520","12786790","74323087","5.00","0","0"
"33521","50789145","74323087","7.00","0","0"
"33522","93239549","74323087","1.00","0","0"
"33523","41920752","74323087","5.00","0","0"
"33524","96524422","74323087","6.00","0","0"
"33525","58232821","74323087","5.00","0","0"
"33526","23404478","74323087","7.00","0","0"
"33527","11035564","74323087","7.00","0","0"
"33528","64263311","74323087","7.00","0","0"
"33529","40071058","74323087","7.00","0","0"
"33530","68250653","74323087","6.00","0","0"
"33531","52516788","74323087","7.00","0","0"
"33532","49633550","74323087","7.00","0","0"
"33533","31755781","74323087","6.00","0","0"
"33534","91130988","74323087","7.00","0","0"
"33535","52826252","74323087","3.00","0","0"
"33536","10283037","74323087","6.00","0","0"
"33537","56810418","82259652","1.00","0","0"
"33538","17125143","82259652","1.00","0","0"
"33539","56585357","82259652","1.00","0","0"
"33540","20091999","82259652","1.00","0","0"
"33541","49633111","82259652","2.00","0","0"
"33542","80386573","82259652","2.00","0","0"
"33543","74561126","82259652","3.00","0","0"
"33544","56810418","10322675","3.00","0","0"
"33545","17125143","10322675","1.00","0","0"
"33546","56585357","10322675","3.00","0","0"
"33547","20091999","10322675","2.00","0","0"
"33548","49633111","10322675","1.00","0","0"
"33549","80386573","10322675","2.00","0","0"
"33550","74561126","10322675","1.00","0","0"
"33551","56810418","21267167","2.00","0","0"
"33552","17125143","21267167","3.00","0","0"
"33553","56585357","21267167","4.00","0","0"
"33554","20091999","21267167","3.00","0","0"
"33555","49633111","21267167","1.00","0","0"
"33556","80386573","21267167","1.00","0","0"
"33557","74561126","21267167","2.00","0","0"
"33558","56810418","88156681","1.00","0","0"
"33559","17125143","88156681","6.00","0","0"
"33560","56585357","88156681","2.00","0","0"
"33561","20091999","88156681","2.00","0","0"
"33562","49633111","88156681","7.00","1","0"
"33563","80386573","88156681","3.00","0","0"
"33564","74561126","88156681","1.00","0","0"
"33565","56810418","76070737","2.00","0","0"
"33566","17125143","76070737","6.00","0","0"
"33567","56585357","76070737","1.00","0","0"
"33568","20091999","76070737","4.00","0","0"
"33569","49633111","76070737","3.00","0","0"
"33570","80386573","76070737","4.00","0","0"
"33571","74561126","76070737","2.00","0","0"
"33572","56810418","49746069","3.00","0","0"
"33573","17125143","49746069","5.00","0","0"
"33574","56585357","49746069","2.00","0","0"
"33575","20091999","49746069","1.00","0","0"
"33576","49633111","49746069","4.00","0","0"
"33577","80386573","49746069","3.00","0","0"
"33578","74561126","49746069","5.00","0","0"
"33579","56810418","33296652","5.00","0","0"
"33580","17125143","33296652","2.00","0","0"
"33581","56585357","33296652","3.00","0","0"
"33582","20091999","33296652","4.00","0","0"
"33583","49633111","33296652","4.00","0","0"
"33584","80386573","33296652","5.00","0","0"
"33585","74561126","33296652","4.00","0","0"
"33586","56810418","59890131","4.00","0","0"
"33587","17125143","59890131","4.00","0","0"
"33588","56585357","59890131","5.00","0","0"
"33589","20091999","59890131","6.00","0","0"
"33590","49633111","59890131","5.00","0","0"
"33591","80386573","59890131","1.00","0","0"
"33592","74561126","59890131","6.00","0","0"
"33593","56810418","30610044","4.00","0","0"
"33594","17125143","30610044","2.00","0","0"
"33595","56585357","30610044","6.00","0","0"
"33596","20091999","30610044","5.00","0","0"
"33597","49633111","30610044","6.00","0","0"
"33598","80386573","30610044","4.00","0","0"
"33599","74561126","30610044","4.00","0","0"
"33600","56810418","52594151","6.00","0","0"
"33601","17125143","52594151","5.00","0","0"
"33602","56585357","52594151","4.00","0","0"
"33603","20091999","52594151","3.00","0","0"
"33604","49633111","52594151","5.00","0","0"
"33605","80386573","52594151","5.00","0","0"
"33606","74561126","52594151","5.00","0","0"
"33607","56810418","11851163","6.00","0","0"
"33608","17125143","11851163","3.00","0","0"
"33609","56585357","11851163","7.00","1","0"
"33610","20091999","11851163","7.00","1","0"
"33611","49633111","11851163","2.00","0","0"
"33612","80386573","11851163","6.00","0","0"
"33613","74561126","11851163","3.00","0","0"
"33614","56810418","79119715","5.00","0","0"
"33615","17125143","79119715","4.00","0","0"
"33616","56585357","79119715","5.00","0","0"
"33617","20091999","79119715","5.00","0","0"
"33618","49633111","79119715","3.00","0","0"
"33619","80386573","79119715","6.00","0","0"
"33620","74561126","79119715","6.00","0","0"
"33621","70478674","10322675","1.00","0","0"
"33622","10571389","10322675","1.00","0","0"
"33623","98025517","10322675","7.00","0","0"
"33624","35364892","10322675","1.00","0","0"
"33625","93678929","10322675","7.00","0","0"
"33626","8189601","10322675","1.00","0","0"
"33627","1540936","10322675","1.00","0","0"
"33628","45095437","10322675","3.00","0","0"
"33629","98986949","10322675","7.00","0","0"
"33630","85147964","10322675","1.00","0","0"
"33631","81881367","10322675","1.00","0","0"
"33632","93311407","10322675","7.00","0","0"
"33633","74825434","10322675","3.00","0","0"
"33634","91448818","10322675","7.00","0","0"
"33635","54220153","10322675","2.00","0","0"
"33636","23314882","10322675","3.00","0","0"
"33637","84244892","10322675","5.00","0","0"
"33638","23851549","10322675","7.00","0","0"
"33639","66045383","10322675","2.00","0","0"
"33640","95919733","10322675","1.00","0","0"
"33641","26694370","10322675","7.00","0","0"
"33642","91601677","10322675","1.00","0","0"
"33643","31010092","10322675","7.00","0","0"
"33644","70723126","10322675","1.00","0","0"
"33645","98151844","10322675","1.00","0","0"
"33646","65365821","10322675","2.00","0","0"
"33647","32258025","10322675","7.00","0","0"
"33648","70478674","88156681","2.00","0","0"
"33649","10571389","88156681","7.00","0","0"
"33650","98025517","88156681","7.00","1","0"
"33651","35364892","88156681","7.00","0","0"
"33652","93678929","88156681","3.00","0","0"
"33653","8189601","88156681","3.00","0","0"
"33654","1540936","88156681","7.00","0","0"
"33655","45095437","88156681","2.00","0","0"
"33656","98986949","88156681","2.00","0","0"
"33657","85147964","88156681","3.00","0","0"
"33658","81881367","88156681","7.00","0","0"
"33659","93311407","88156681","2.00","0","0"
"33660","74825434","88156681","7.00","0","0"
"33661","91448818","88156681","1.00","0","0"
"33662","54220153","88156681","3.00","0","0"
"33663","23314882","88156681","7.00","0","0"
"33664","84244892","88156681","3.00","0","0"
"33665","23851549","88156681","4.00","0","0"
"33666","66045383","88156681","1.00","0","0"
"33667","95919733","88156681","7.00","0","0"
"33668","26694370","88156681","3.00","0","0"
"33669","91601677","88156681","7.00","0","0"
"33670","31010092","88156681","1.00","0","0"
"33671","70723126","88156681","2.00","0","0"
"33672","98151844","88156681","7.00","0","0"
"33673","65365821","88156681","4.00","0","0"
"33674","32258025","88156681","4.00","0","0"
"33675","70478674","82259652","3.00","0","0"
"33676","10571389","82259652","7.00","0","0"
"33677","98025517","82259652","3.00","0","0"
"33678","35364892","82259652","2.00","0","0"
"33679","93678929","82259652","7.00","0","0"
"33680","8189601","82259652","2.00","0","0"
"33681","1540936","82259652","7.00","0","0"
"33682","45095437","82259652","1.00","0","0"
"33683","98986949","82259652","3.00","0","0"
"33684","85147964","82259652","2.00","0","0"
"33685","81881367","82259652","7.00","0","0"
"33686","93311407","82259652","5.00","0","0"
"33687","74825434","82259652","6.00","0","0"
"33688","91448818","82259652","7.00","0","0"
"33689","54220153","82259652","5.00","0","0"
"33690","23314882","82259652","7.00","0","0"
"33691","84244892","82259652","2.00","0","0"
"33692","23851549","82259652","3.00","0","0"
"33693","66045383","82259652","3.00","0","0"
"33694","95919733","82259652","7.00","0","0"
"33695","26694370","82259652","2.00","0","0"
"33696","91601677","82259652","3.00","0","0"
"33697","31010092","82259652","7.00","0","0"
"33698","70723126","82259652","4.00","0","0"
"33699","98151844","82259652","7.00","0","0"
"33700","65365821","82259652","1.00","0","0"
"33701","32258025","82259652","2.00","0","0"
"33702","70478674","11851163","7.00","0","0"
"33703","10571389","11851163","3.00","0","0"
"33704","98025517","11851163","1.00","0","0"
"33705","35364892","11851163","4.00","0","0"
"33706","93678929","11851163","1.00","0","0"
"33707","8189601","11851163","7.00","0","0"
"33708","1540936","11851163","4.00","0","0"
"33709","45095437","11851163","7.00","0","0"
"33710","98986949","11851163","6.00","0","0"
"33711","85147964","11851163","7.00","0","0"
"33712","81881367","11851163","4.00","0","0"
"33713","93311407","11851163","1.00","0","0"
"33714","74825434","11851163","5.00","0","0"
"33715","91448818","11851163","2.00","0","0"
"33716","54220153","11851163","7.00","0","0"
"33717","23314882","11851163","1.00","0","0"
"33718","84244892","11851163","7.00","0","0"
"33719","23851549","11851163","2.00","0","0"
"33720","66045383","11851163","7.00","0","0"
"33721","95919733","11851163","3.00","0","0"
"33722","26694370","11851163","5.00","0","0"
"33723","91601677","11851163","6.00","0","0"
"33724","31010092","11851163","2.00","0","0"
"33725","70723126","11851163","7.00","0","0"
"33726","98151844","11851163","2.00","0","0"
"33727","65365821","11851163","7.00","0","0"
"33728","32258025","11851163","1.00","0","0"
"33729","70478674","21267167","7.00","0","0"
"33730","10571389","21267167","5.00","0","0"
"33731","98025517","21267167","7.00","1","0"
"33732","35364892","21267167","3.00","0","0"
"33733","93678929","21267167","7.00","0","0"
"33734","8189601","21267167","4.00","0","0"
"33735","1540936","21267167","5.00","0","0"
"33736","45095437","21267167","7.00","0","0"
"33737","98986949","21267167","1.00","0","0"
"33738","85147964","21267167","7.00","0","0"
"33739","81881367","21267167","2.00","0","0"
"33740","93311407","21267167","3.00","0","0"
"33741","74825434","21267167","1.00","0","0"
"33742","91448818","21267167","7.00","0","0"
"33743","54220153","21267167","1.00","0","0"
"33744","23314882","21267167","2.00","0","0"
"33745","84244892","21267167","7.00","0","0"
"33746","23851549","21267167","1.00","0","0"
"33747","66045383","21267167","7.00","0","0"
"33748","95919733","21267167","2.00","0","0"
"33749","26694370","21267167","4.00","0","0"
"33750","91601677","21267167","2.00","0","0"
"33751","31010092","21267167","7.00","0","0"
"33752","70723126","21267167","5.00","0","0"
"33753","98151844","21267167","4.00","0","0"
"33754","65365821","21267167","7.00","0","0"
"33755","32258025","21267167","3.00","0","0"
"33756","70478674","52594151","5.00","0","0"
"33757","10571389","52594151","2.00","0","0"
"33758","98025517","52594151","7.00","0","0"
"33759","35364892","52594151","6.00","0","0"
"33760","93678929","52594151","2.00","0","0"
"33761","8189601","52594151","7.00","0","0"
"33762","1540936","52594151","3.00","0","0"
"33763","45095437","52594151","4.00","0","0"
"33764","98986949","52594151","7.00","0","0"
"33765","85147964","52594151","5.00","0","0"
"33766","81881367","52594151","5.00","0","0"
"33767","93311407","52594151","7.00","0","0"
"33768","74825434","52594151","4.00","0","0"
"33769","91448818","52594151","3.00","0","0"
"33770","54220153","52594151","7.00","0","0"
"33771","23314882","52594151","5.00","0","0"
"33772","84244892","52594151","1.00","0","0"
"33773","23851549","52594151","7.00","0","0"
"33774","66045383","52594151","5.00","0","0"
"33775","95919733","52594151","5.00","0","0"
"33776","26694370","52594151","7.00","0","0"
"33777","91601677","52594151","4.00","0","0"
"33778","31010092","52594151","3.00","0","0"
"33779","70723126","52594151","7.00","0","0"
"33780","98151844","52594151","5.00","0","0"
"33781","65365821","52594151","5.00","0","0"
"33782","32258025","52594151","7.00","0","0"
"33783","70478674","59890131","7.00","0","0"
"33784","10571389","59890131","4.00","0","0"
"33785","98025517","59890131","4.00","0","0"
"33786","35364892","59890131","7.00","0","0"
"33787","93678929","59890131","4.00","0","0"
"33788","8189601","59890131","5.00","0","0"
"33789","1540936","59890131","2.00","0","0"
"33790","45095437","59890131","7.00","0","0"
"33791","98986949","59890131","4.00","0","0"
"33792","85147964","59890131","7.00","0","0"
"33793","81881367","59890131","3.00","0","0"
"33794","93311407","59890131","4.00","0","0"
"33795","74825434","59890131","7.00","0","0"
"33796","91448818","59890131","7.00","1","0"
"33797","54220153","59890131","4.00","0","0"
"33798","23314882","59890131","4.00","0","0"
"33799","84244892","59890131","7.00","0","0"
"33800","23851549","59890131","7.00","1","0"
"33801","66045383","59890131","7.00","0","0"
"33802","95919733","59890131","4.00","0","0"
"33803","26694370","59890131","1.00","0","0"
"33804","91601677","59890131","7.00","0","0"
"33805","31010092","59890131","4.00","0","0"
"33806","70723126","59890131","3.00","0","0"
"33807","98151844","59890131","3.00","0","0"
"33808","65365821","59890131","7.00","0","0"
"33809","32258025","59890131","7.00","0","0"
"33810","70478674","30610044","4.00","0","0"
"33811","10571389","30610044","7.00","0","0"
"33812","98025517","30610044","2.00","0","0"
"33813","35364892","30610044","5.00","0","0"
"33814","93678929","30610044","5.00","0","0"
"33815","8189601","30610044","7.00","0","0"
"33816","1540936","30610044","7.00","0","0"
"33817","45095437","30610044","5.00","0","0"
"33818","98986949","30610044","5.00","0","0"
"33819","85147964","30610044","4.00","0","0"
"33820","81881367","30610044","7.00","0","0"
"33821","93311407","30610044","6.00","0","0"
"33822","74825434","30610044","2.00","0","0"
"33823","91448818","30610044","4.00","0","0"
"33824","54220153","30610044","7.00","0","0"
"33825","23314882","30610044","7.00","0","0"
"33826","84244892","30610044","4.00","0","0"
"33827","23851549","30610044","5.00","0","0"
"33828","66045383","30610044","4.00","0","0"
"33829","95919733","30610044","7.00","0","0"
"33830","26694370","30610044","6.00","0","0"
"33831","91601677","30610044","5.00","0","0"
"33832","31010092","30610044","5.00","0","0"
"33833","70723126","30610044","7.00","0","0"
"33834","98151844","30610044","7.00","0","0"
"33835","65365821","30610044","3.00","0","0"
"33836","32258025","30610044","5.00","0","0"
"33837","70478674","49746069","7.00","0","0"
"33838","10571389","49746069","7.00","0","0"
"33839","98025517","49746069","7.00","0","0"
"33840","35364892","49746069","7.00","0","0"
"33841","93678929","49746069","7.00","0","0"
"33842","8189601","49746069","7.00","0","0"
"33843","1540936","49746069","7.00","0","0"
"33844","45095437","49746069","7.00","0","0"
"33845","98986949","49746069","7.00","0","0"
"33846","85147964","49746069","7.00","0","0"
"33847","81881367","49746069","7.00","0","0"
"33848","93311407","49746069","7.00","0","0"
"33849","74825434","49746069","7.00","0","0"
"33850","91448818","49746069","7.00","0","0"
"33851","54220153","49746069","7.00","0","0"
"33852","23314882","49746069","7.00","0","0"
"33853","84244892","49746069","7.00","0","0"
"33854","23851549","49746069","7.00","0","0"
"33855","66045383","49746069","7.00","0","0"
"33856","95919733","49746069","7.00","0","0"
"33857","26694370","49746069","7.00","0","0"
"33858","91601677","49746069","7.00","0","0"
"33859","31010092","49746069","7.00","0","0"
"33860","70723126","49746069","7.00","0","0"
"33861","98151844","49746069","7.00","0","0"
"33862","65365821","49746069","7.00","0","0"
"33863","32258025","49746069","7.00","0","0"
"33864","60851757","21267167","1.00","0","0"
"33865","64233506","21267167","4.00","0","0"
"33866","24326347","21267167","2.00","0","0"
"33867","36632652","21267167","2.00","0","0"
"33868","37734886","21267167","1.00","0","0"
"33869","47156393","21267167","3.00","0","0"
"33870","68726837","21267167","2.00","0","0"
"33871","30677689","21267167","1.00","0","0"
"33872","20058261","21267167","1.00","0","0"
"33873","86527252","21267167","2.00","0","0"
"33874","30300363","21267167","1.00","0","0"
"33875","18508406","21267167","2.00","0","0"
"33876","85477069","21267167","1.00","0","0"
"33877","60851757","10322675","2.00","0","0"
"33878","64233506","10322675","2.00","0","0"
"33879","24326347","10322675","2.00","0","0"
"33880","36632652","10322675","1.00","0","0"
"33881","37734886","10322675","1.00","0","0"
"33882","47156393","10322675","1.00","0","0"
"33883","68726837","10322675","4.00","0","0"
"33884","30677689","10322675","1.00","0","0"
"33885","20058261","10322675","2.00","0","0"
"33886","86527252","10322675","2.00","0","0"
"33887","30300363","10322675","1.00","0","0"
"33888","18508406","10322675","1.00","0","0"
"33889","85477069","10322675","3.00","0","0"
"33890","60851757","11851163","3.00","0","0"
"33891","64233506","11851163","2.00","0","0"
"33892","24326347","11851163","5.00","0","0"
"33893","36632652","11851163","1.00","0","0"
"33894","37734886","11851163","3.00","0","0"
"33895","47156393","11851163","2.00","0","0"
"33896","68726837","11851163","1.00","0","0"
"33897","30677689","11851163","2.00","0","0"
"33898","20058261","11851163","6.00","1","0"
"33899","86527252","11851163","1.00","0","0"
"33900","30300363","11851163","3.00","0","0"
"33901","18508406","11851163","2.00","0","0"
"33902","85477069","11851163","1.00","0","0"
"33903","60851757","82259652","1.00","0","0"
"33904","64233506","82259652","3.00","0","0"
"33905","24326347","82259652","3.00","0","0"
"33906","36632652","82259652","5.00","0","0"
"33907","37734886","82259652","2.00","0","0"
"33908","47156393","82259652","1.00","0","0"
"33909","68726837","82259652","2.00","0","0"
"33910","30677689","82259652","4.00","0","0"
"33911","20058261","82259652","1.00","0","0"
"33912","86527252","82259652","3.00","0","0"
"33913","30300363","82259652","2.00","0","0"
"33914","18508406","82259652","4.00","0","0"
"33915","85477069","82259652","2.00","0","0"
"33916","60851757","52594151","3.00","0","0"
"33917","64233506","52594151","5.00","0","0"
"33918","24326347","52594151","1.00","0","0"
"33919","36632652","52594151","3.00","0","0"
"33920","37734886","52594151","2.00","0","0"
"33921","47156393","52594151","4.00","0","0"
"33922","68726837","52594151","3.00","0","0"
"33923","30677689","52594151","3.00","0","0"
"33924","20058261","52594151","5.00","0","0"
"33925","86527252","52594151","1.00","0","0"
"33926","30300363","52594151","5.00","0","0"
"33927","18508406","52594151","1.00","0","0"
"33928","85477069","52594151","4.00","0","0"
"33929","60851757","76070737","4.00","0","0"
"33930","64233506","76070737","1.00","0","0"
"33931","24326347","76070737","1.00","0","0"
"33932","36632652","76070737","2.00","0","0"
"33933","37734886","76070737","5.00","0","0"
"33934","47156393","76070737","5.00","0","0"
"33935","68726837","76070737","3.00","0","0"
"33936","30677689","76070737","5.00","0","0"
"33937","20058261","76070737","2.00","0","0"
"33938","86527252","76070737","4.00","0","0"
"33939","30300363","76070737","3.00","0","0"
"33940","18508406","76070737","3.00","0","0"
"33941","85477069","76070737","5.00","0","0"
"33942","60851757","59890131","5.00","0","0"
"33943","64233506","59890131","1.00","0","0"
"33944","24326347","59890131","3.00","0","0"
"33945","36632652","59890131","3.00","0","0"
"33946","37734886","59890131","5.00","0","0"
"33947","47156393","59890131","2.00","0","0"
"33948","68726837","59890131","5.00","0","0"
"33949","30677689","59890131","2.00","0","0"
"33950","20058261","59890131","3.00","0","0"
"33951","86527252","59890131","4.00","0","0"
"33952","30300363","59890131","4.00","0","0"
"33953","18508406","59890131","4.00","0","0"
"33954","85477069","59890131","2.00","0","0"
"33955","60851757","49746069","5.00","0","0"
"33956","64233506","49746069","4.00","0","0"
"33957","24326347","49746069","4.00","0","0"
"33958","36632652","49746069","4.00","0","0"
"33959","37734886","49746069","4.00","0","0"
"33960","47156393","49746069","3.00","0","0"
"33961","68726837","49746069","1.00","0","0"
"33962","30677689","49746069","4.00","0","0"
"33963","20058261","49746069","4.00","0","0"
"33964","86527252","49746069","5.00","0","0"
"33965","30300363","49746069","5.00","0","0"
"33966","18508406","49746069","3.00","0","0"
"33967","85477069","49746069","4.00","0","0"
"33968","60851757","88156681","4.00","0","0"
"33969","64233506","88156681","3.00","0","0"
"33970","24326347","88156681","5.00","0","0"
"33971","36632652","88156681","4.00","0","0"
"33972","37734886","88156681","3.00","0","0"
"33973","47156393","88156681","5.00","0","0"
"33974","68726837","88156681","5.00","0","0"
"33975","30677689","88156681","5.00","0","0"
"33976","20058261","88156681","6.00","1","0"
"33977","86527252","88156681","3.00","0","0"
"33978","30300363","88156681","2.00","0","0"
"33979","18508406","88156681","5.00","0","0"
"33980","85477069","88156681","3.00","0","0"
"33981","60851757","30610044","2.00","0","0"
"33982","64233506","30610044","5.00","0","0"
"33983","24326347","30610044","4.00","0","0"
"33984","36632652","30610044","5.00","0","0"
"33985","37734886","30610044","4.00","0","0"
"33986","47156393","30610044","4.00","0","0"
"33987","68726837","30610044","4.00","0","0"
"33988","30677689","30610044","3.00","0","0"
"33989","20058261","30610044","3.00","0","0"
"33990","86527252","30610044","5.00","0","0"
"33991","30300363","30610044","4.00","0","0"
"33992","18508406","30610044","5.00","0","0"
"33993","85477069","30610044","5.00","0","0"
"33994","45458248","21267167","7.00","0","0"
"33995","52154487","21267167","1.00","0","0"
"33996","66135623","21267167","1.00","0","0"
"33997","72495350","21267167","2.00","0","0"
"33998","93099157","21267167","7.00","0","0"
"33999","81945846","21267167","1.00","0","0"
"34000","94399313","21267167","2.00","0","0"
"34001","94305207","21267167","7.00","0","0"
"34002","78246807","21267167","3.00","0","0"
"34003","8110448","21267167","7.00","0","0"
"34004","46378358","21267167","1.00","0","0"
"34005","80349071","21267167","1.00","0","0"
"34006","25586262","21267167","3.00","0","0"
"34007","10328088","21267167","7.00","0","0"
"34008","14285096","21267167","3.00","0","0"
"34009","68052636","21267167","1.00","0","0"
"34010","31530972","21267167","7.00","0","0"
"34011","94640189","21267167","1.00","0","0"
"34012","86338101","21267167","7.00","0","0"
"34013","81549904","21267167","2.00","0","0"
"34014","6417530","21267167","6.00","0","0"
"34015","77611172","21267167","6.00","0","0"
"34016","71391786","21267167","7.00","0","0"
"34017","87352033","21267167","6.00","0","0"
"34018","45458248","11851163","1.00","0","0"
"34019","52154487","11851163","2.00","0","0"
"34020","66135623","11851163","7.00","0","0"
"34021","72495350","11851163","7.00","0","0"
"34022","93099157","11851163","1.00","0","0"
"34023","81945846","11851163","6.00","0","0"
"34024","94399313","11851163","1.00","0","0"
"34025","94305207","11851163","1.00","0","0"
"34026","78246807","11851163","7.00","0","0"
"34027","8110448","11851163","2.00","0","0"
"34028","46378358","11851163","2.00","0","0"
"34029","80349071","11851163","7.00","0","0"
"34030","25586262","11851163","7.00","0","0"
"34031","10328088","11851163","1.00","0","0"
"34032","14285096","11851163","4.00","0","0"
"34033","68052636","11851163","4.00","0","0"
"34034","31530972","11851163","3.00","0","0"
"34035","94640189","11851163","7.00","0","0"
"34036","86338101","11851163","4.00","0","0"
"34037","81549904","11851163","3.00","0","0"
"34038","6417530","11851163","7.00","0","0"
"34039","77611172","11851163","7.00","0","0"
"34040","71391786","11851163","2.00","0","0"
"34041","87352033","11851163","3.00","0","0"
"34042","45458248","82259652","7.00","1","0"
"34043","52154487","82259652","3.00","0","0"
"34044","66135623","82259652","7.00","0","0"
"34045","72495350","82259652","3.00","0","0"
"34046","93099157","82259652","7.00","0","0"
"34047","81945846","82259652","2.00","0","0"
"34048","94399313","82259652","4.00","0","0"
"34049","94305207","82259652","3.00","0","0"
"34050","78246807","82259652","7.00","0","0"
"34051","8110448","82259652","1.00","0","0"
"34052","46378358","82259652","2.00","0","0"
"34053","80349071","82259652","7.00","0","0"
"34054","25586262","82259652","1.00","0","0"
"34055","10328088","82259652","7.00","0","0"
"34056","14285096","82259652","1.00","0","0"
"34057","68052636","82259652","3.00","0","0"
"34058","31530972","82259652","5.00","0","0"
"34059","94640189","82259652","7.00","0","0"
"34060","86338101","82259652","3.00","0","0"
"34061","81549904","82259652","1.00","0","0"
"34062","6417530","82259652","7.00","0","0"
"34063","77611172","82259652","1.00","0","0"
"34064","71391786","82259652","7.00","0","0"
"34065","87352033","82259652","1.00","0","0"
"34066","45458248","10322675","2.00","0","0"
"34067","52154487","10322675","7.00","0","0"
"34068","66135623","10322675","4.00","0","0"
"34069","72495350","10322675","5.00","0","0"
"34070","93099157","10322675","7.00","0","0"
"34071","81945846","10322675","3.00","0","0"
"34072","94399313","10322675","7.00","0","0"
"34073","94305207","10322675","2.00","0","0"
"34074","78246807","10322675","1.00","0","0"
"34075","8110448","10322675","5.00","0","0"
"34076","46378358","10322675","7.00","0","0"
"34077","80349071","10322675","2.00","0","0"
"34078","25586262","10322675","4.00","0","0"
"34079","10328088","10322675","7.00","0","0"
"34080","14285096","10322675","2.00","0","0"
"34081","68052636","10322675","7.00","0","0"
"34082","31530972","10322675","1.00","0","0"
"34083","94640189","10322675","2.00","0","0"
"34084","86338101","10322675","1.00","0","0"
"34085","81549904","10322675","7.00","0","0"
"34086","6417530","10322675","3.00","0","0"
"34087","77611172","10322675","5.00","0","0"
"34088","71391786","10322675","7.00","0","0"
"34089","87352033","10322675","4.00","0","0"
"34090","45458248","88156681","3.00","0","0"
"34091","52154487","88156681","7.00","0","0"
"34092","66135623","88156681","3.00","0","0"
"34093","72495350","88156681","7.00","0","0"
"34094","93099157","88156681","3.00","0","0"
"34095","81945846","88156681","4.00","0","0"
"34096","94399313","88156681","7.00","0","0"
"34097","94305207","88156681","4.00","0","0"
"34098","78246807","88156681","2.00","0","0"
"34099","8110448","88156681","4.00","0","0"
"34100","46378358","88156681","7.00","0","0"
"34101","80349071","88156681","6.00","0","0"
"34102","25586262","88156681","7.00","0","0"
"34103","10328088","88156681","4.00","0","0"
"34104","14285096","88156681","5.00","0","0"
"34105","68052636","88156681","7.00","0","0"
"34106","31530972","88156681","6.00","0","0"
"34107","94640189","88156681","3.00","0","0"
"34108","86338101","88156681","6.00","0","0"
"34109","81549904","88156681","7.00","0","0"
"34110","6417530","88156681","1.00","0","0"
"34111","77611172","88156681","7.00","0","0"
"34112","71391786","88156681","1.00","0","0"
"34113","87352033","88156681","2.00","0","0"
"34114","45458248","76070737","7.00","0","0"
"34115","52154487","76070737","5.00","0","0"
"34116","66135623","76070737","2.00","0","0"
"34117","72495350","76070737","4.00","0","0"
"34118","93099157","76070737","4.00","0","0"
"34119","81945846","76070737","7.00","0","0"
"34120","94399313","76070737","3.00","0","0"
"34121","94305207","76070737","7.00","0","0"
"34122","78246807","76070737","4.00","0","0"
"34123","8110448","76070737","7.00","0","0"
"34124","46378358","76070737","5.00","0","0"
"34125","80349071","76070737","5.00","0","0"
"34126","25586262","76070737","5.00","0","0"
"34127","10328088","76070737","3.00","0","0"
"34128","14285096","76070737","7.00","0","0"
"34129","68052636","76070737","6.00","0","0"
"34130","31530972","76070737","7.00","0","0"
"34131","94640189","76070737","5.00","0","0"
"34132","86338101","76070737","7.00","0","0"
"34133","81549904","76070737","4.00","0","0"
"34134","6417530","76070737","2.00","0","0"
"34135","77611172","76070737","2.00","0","0"
"34136","71391786","76070737","5.00","0","0"
"34137","87352033","76070737","7.00","0","0"
"34138","45458248","30610044","4.00","0","0"
"34139","52154487","30610044","4.00","0","0"
"34140","66135623","30610044","7.00","0","0"
"34141","72495350","30610044","1.00","0","0"
"34142","93099157","30610044","5.00","0","0"
"34143","81945846","30610044","7.00","0","0"
"34144","94399313","30610044","5.00","0","0"
"34145","94305207","30610044","6.00","0","0"
"34146","78246807","30610044","7.00","0","0"
"34147","8110448","30610044","3.00","0","0"
"34148","46378358","30610044","4.00","0","0"
"34149","80349071","30610044","7.00","0","0"
"34150","25586262","30610044","6.00","0","0"
"34151","10328088","30610044","5.00","0","0"
"34152","14285096","30610044","7.00","0","0"
"34153","68052636","30610044","2.00","0","0"
"34154","31530972","30610044","4.00","0","0"
"34155","94640189","30610044","7.00","0","0"
"34156","86338101","30610044","2.00","0","0"
"34157","81549904","30610044","6.00","0","0"
"34158","6417530","30610044","7.00","0","0"
"34159","77611172","30610044","3.00","0","0"
"34160","71391786","30610044","6.00","0","0"
"34161","87352033","30610044","7.00","0","0"
"34162","45458248","59890131","5.00","0","0"
"34163","52154487","59890131","7.00","0","0"
"34164","66135623","59890131","5.00","0","0"
"34165","72495350","59890131","7.00","1","0"
"34166","93099157","59890131","2.00","0","0"
"34167","81945846","59890131","7.00","0","0"
"34168","94399313","59890131","7.00","0","0"
"34169","94305207","59890131","5.00","0","0"
"34170","78246807","59890131","6.00","0","0"
"34171","8110448","59890131","6.00","0","0"
"34172","46378358","59890131","7.00","0","0"
"34173","80349071","59890131","4.00","0","0"
"34174","25586262","59890131","2.00","0","0"
"34175","10328088","59890131","2.00","0","0"
"34176","14285096","59890131","7.00","0","0"
"34177","68052636","59890131","7.00","0","0"
"34178","31530972","59890131","2.00","0","0"
"34179","94640189","59890131","4.00","0","0"
"34180","86338101","59890131","5.00","0","0"
"34181","81549904","59890131","7.00","0","0"
"34182","6417530","59890131","5.00","0","0"
"34183","77611172","59890131","4.00","0","0"
"34184","71391786","59890131","3.00","0","0"
"34185","87352033","59890131","7.00","0","0"
"34186","45458248","52594151","7.00","0","0"
"34187","52154487","52594151","6.00","0","0"
"34188","66135623","52594151","6.00","0","0"
"34189","72495350","52594151","7.00","0","0"
"34190","93099157","52594151","6.00","0","0"
"34191","81945846","52594151","5.00","0","0"
"34192","94399313","52594151","6.00","0","0"
"34193","94305207","52594151","7.00","0","0"
"34194","78246807","52594151","5.00","0","0"
"34195","8110448","52594151","7.00","0","0"
"34196","46378358","52594151","3.00","0","0"
"34197","80349071","52594151","3.00","0","0"
"34198","25586262","52594151","7.00","0","0"
"34199","10328088","52594151","6.00","0","0"
"34200","14285096","52594151","6.00","0","0"
"34201","68052636","52594151","5.00","0","0"
"34202","31530972","52594151","7.00","0","0"
"34203","94640189","52594151","6.00","0","0"
"34204","86338101","52594151","7.00","0","0"
"34205","81549904","52594151","5.00","0","0"
"34206","6417530","52594151","4.00","0","0"
"34207","77611172","52594151","7.00","0","0"
"34208","71391786","52594151","4.00","0","0"
"34209","87352033","52594151","5.00","0","0"
"34210","36912286","64568271","1.00","0","0"
"34211","70932320","64568271","1.00","0","0"
"34212","83673406","64568271","1.00","0","0"
"34213","3216569","64568271","1.00","0","0"
"34214","5217731","64568271","6.00","0","0"
"34215","8182901","64568271","1.00","0","0"
"34216","2228923","64568271","2.00","0","0"
"34217","64571290","64568271","7.00","1","0"
"34218","42764700","64568271","1.00","0","0"
"34219","22879297","64568271","1.00","0","0"
"34220","2189720","64568271","2.00","0","0"
"34221","10492249","64568271","2.00","0","0"
"34222","95029907","64568271","2.00","0","0"
"34223","36912286","11851163","4.00","0","0"
"34224","70932320","11851163","3.00","0","0"
"34225","83673406","11851163","4.00","0","0"
"34226","3216569","11851163","1.00","0","0"
"34227","5217731","11851163","2.00","0","0"
"34228","8182901","11851163","1.00","0","0"
"34229","2228923","11851163","1.00","0","0"
"34230","64571290","11851163","1.00","0","0"
"34231","42764700","11851163","2.00","0","0"
"34232","22879297","11851163","3.00","0","0"
"34233","2189720","11851163","1.00","0","0"
"34234","10492249","11851163","1.00","0","0"
"34235","95029907","11851163","4.00","0","0"
"34236","36912286","3475541","1.00","0","0"
"34237","70932320","3475541","1.00","0","0"
"34238","83673406","3475541","2.00","0","0"
"34239","3216569","3475541","4.00","0","0"
"34240","5217731","3475541","5.00","0","0"
"34241","8182901","3475541","3.00","0","0"
"34242","2228923","3475541","1.00","0","0"
"34243","64571290","3475541","3.00","0","0"
"34244","42764700","3475541","7.00","1","0"
"34245","22879297","3475541","6.00","0","0"
"34246","2189720","3475541","6.00","0","0"
"34247","10492249","3475541","1.00","0","0"
"34248","95029907","3475541","1.00","0","0"
"34249","36912286","64995386","5.00","0","0"
"34250","70932320","64995386","4.00","0","0"
"34251","83673406","64995386","2.00","0","0"
"34252","3216569","64995386","4.00","0","0"
"34253","5217731","64995386","1.00","0","0"
"34254","8182901","64995386","3.00","0","0"
"34255","2228923","64995386","5.00","0","0"
"34256","64571290","64995386","1.00","0","0"
"34257","42764700","64995386","2.00","0","0"
"34258","22879297","64995386","1.00","0","0"
"34259","2189720","64995386","2.00","0","0"
"34260","10492249","64995386","6.00","0","0"
"34261","95029907","64995386","6.00","0","0"
"34262","36912286","80297127","2.00","0","0"
"34263","70932320","80297127","2.00","0","0"
"34264","83673406","80297127","4.00","0","0"
"34265","3216569","80297127","2.00","0","0"
"34266","5217731","80297127","1.00","0","0"
"34267","8182901","80297127","2.00","0","0"
"34268","2228923","80297127","5.00","0","0"
"34269","64571290","80297127","4.00","0","0"
"34270","42764700","80297127","4.00","0","0"
"34271","22879297","80297127","6.00","0","0"
"34272","2189720","80297127","3.00","0","0"
"34273","10492249","80297127","3.00","0","0"
"34274","95029907","80297127","4.00","0","0"
"34275","36912286","21267167","5.00","0","0"
"34276","70932320","21267167","2.00","0","0"
"34277","83673406","21267167","1.00","0","0"
"34278","3216569","21267167","7.00","1","0"
"34279","5217731","21267167","3.00","0","0"
"34280","8182901","21267167","6.00","0","0"
"34281","2228923","21267167","4.00","0","0"
"34282","64571290","21267167","7.00","1","0"
"34283","42764700","21267167","1.00","0","0"
"34284","22879297","21267167","2.00","0","0"
"34285","2189720","21267167","1.00","0","0"
"34286","10492249","21267167","4.00","0","0"
"34287","95029907","21267167","3.00","0","0"
"34288","36912286","31561187","3.00","0","0"
"34289","70932320","31561187","5.00","0","0"
"34290","83673406","31561187","5.00","0","0"
"34291","3216569","31561187","3.00","0","0"
"34292","5217731","31561187","7.00","1","0"
"34293","8182901","31561187","4.00","0","0"
"34294","2228923","31561187","2.00","0","0"
"34295","64571290","31561187","3.00","0","0"
"34296","42764700","31561187","3.00","0","0"
"34297","22879297","31561187","5.00","0","0"
"34298","2189720","31561187","4.00","0","0"
"34299","10492249","31561187","2.00","0","0"
"34300","95029907","31561187","1.00","0","0"
"34301","36912286","11014176","3.00","0","0"
"34302","70932320","11014176","3.00","0","0"
"34303","83673406","11014176","6.00","0","0"
"34304","3216569","11014176","3.00","0","0"
"34305","5217731","11014176","3.00","0","0"
"34306","8182901","11014176","5.00","0","0"
"34307","2228923","11014176","3.00","0","0"
"34308","64571290","11014176","5.00","0","0"
"34309","42764700","11014176","3.00","0","0"
"34310","22879297","11014176","4.00","0","0"
"34311","2189720","11014176","3.00","0","0"
"34312","10492249","11014176","5.00","0","0"
"34313","95029907","11014176","2.00","0","0"
"34314","36912286","20369814","2.00","0","0"
"34315","70932320","20369814","4.00","0","0"
"34316","83673406","20369814","3.00","0","0"
"34317","3216569","20369814","6.00","0","0"
"34318","5217731","20369814","2.00","0","0"
"34319","8182901","20369814","2.00","0","0"
"34320","2228923","20369814","7.00","1","0"
"34321","64571290","20369814","2.00","0","0"
"34322","42764700","20369814","6.00","0","0"
"34323","22879297","20369814","2.00","0","0"
"34324","2189720","20369814","5.00","0","0"
"34325","10492249","20369814","5.00","0","0"
"34326","95029907","20369814","3.00","0","0"
"34327","36912286","38352842","6.00","0","0"
"34328","70932320","38352842","5.00","0","0"
"34329","83673406","38352842","3.00","0","0"
"34330","3216569","38352842","2.00","0","0"
"34331","5217731","38352842","5.00","0","0"
"34332","8182901","38352842","5.00","0","0"
"34333","2228923","38352842","4.00","0","0"
"34334","64571290","38352842","2.00","0","0"
"34335","42764700","38352842","4.00","0","0"
"34336","22879297","38352842","3.00","0","0"
"34337","2189720","38352842","5.00","0","0"
"34338","10492249","38352842","4.00","0","0"
"34339","95029907","38352842","6.00","0","0"
"34340","36912286","86712611","4.00","0","0"
"34341","70932320","86712611","7.00","1","0"
"34342","83673406","86712611","5.00","0","0"
"34343","3216569","86712611","5.00","0","0"
"34344","5217731","86712611","4.00","0","0"
"34345","8182901","86712611","4.00","0","0"
"34346","2228923","86712611","3.00","0","0"
"34347","64571290","86712611","6.00","0","0"
"34348","42764700","86712611","5.00","0","0"
"34349","22879297","86712611","4.00","0","0"
"34350","2189720","86712611","4.00","0","0"
"34351","10492249","86712611","3.00","0","0"
"34352","95029907","86712611","5.00","0","0"
"34353","36912286","15125641","6.00","0","0"
"34354","70932320","15125641","6.00","0","0"
"34355","83673406","15125641","6.00","0","0"
"34356","3216569","15125641","7.00","1","0"
"34357","5217731","15125641","4.00","0","0"
"34358","8182901","15125641","6.00","0","0"
"34359","2228923","15125641","6.00","0","0"
"34360","64571290","15125641","4.00","0","0"
"34361","42764700","15125641","5.00","0","0"
"34362","22879297","15125641","5.00","0","0"
"34363","2189720","15125641","6.00","0","0"
"34364","10492249","15125641","6.00","0","0"
"34365","95029907","15125641","5.00","0","0"
"34366","60771479","3475541","1.00","0","0"
"34367","48887088","3475541","1.00","0","0"
"34368","43906560","3475541","1.00","0","0"
"34369","38144980","3475541","5.00","0","0"
"34370","24299137","3475541","5.00","0","0"
"34371","61526300","3475541","1.00","0","0"
"34372","66322431","3475541","2.00","0","0"
"34373","8528811","3475541","3.00","0","0"
"34374","43367021","3475541","3.00","0","0"
"34375","60771479","64568271","1.00","0","0"
"34376","48887088","64568271","4.00","0","0"
"34377","43906560","64568271","5.00","0","0"
"34378","38144980","64568271","3.00","0","0"
"34379","24299137","64568271","1.00","0","0"
"34380","61526300","64568271","4.00","0","0"
"34381","66322431","64568271","2.00","0","0"
"34382","8528811","64568271","1.00","0","0"
"34383","43367021","64568271","4.00","0","0"
"34384","60771479","31561187","2.00","0","0"
"34385","48887088","31561187","3.00","0","0"
"34386","43906560","31561187","1.00","0","0"
"34387","38144980","31561187","6.00","0","0"
"34388","24299137","31561187","5.00","0","0"
"34389","61526300","31561187","6.00","0","0"
"34390","66322431","31561187","1.00","0","0"
"34391","8528811","31561187","1.00","0","0"
"34392","43367021","31561187","1.00","0","0"
"34393","60771479","11851163","2.00","0","0"
"34394","48887088","11851163","4.00","0","0"
"34395","43906560","11851163","3.00","0","0"
"34396","38144980","11851163","1.00","0","0"
"34397","24299137","11851163","7.00","1","0"
"34398","61526300","11851163","1.00","0","0"
"34399","66322431","11851163","3.00","0","0"
"34400","8528811","11851163","3.00","0","0"
"34401","43367021","11851163","2.00","0","0"
"34402","60771479","64995386","5.00","0","0"
"34403","48887088","64995386","2.00","0","0"
"34404","43906560","64995386","6.00","0","0"
"34405","38144980","64995386","1.00","0","0"
"34406","24299137","64995386","2.00","0","0"
"34407","61526300","64995386","7.00","1","0"
"34408","66322431","64995386","3.00","0","0"
"34409","8528811","64995386","2.00","0","0"
"34410","43367021","64995386","1.00","0","0"
"34411","60771479","11014176","4.00","0","0"
"34412","48887088","11014176","1.00","0","0"
"34413","43906560","11014176","5.00","0","0"
"34414","38144980","11014176","3.00","0","0"
"34415","24299137","11014176","3.00","0","0"
"34416","61526300","11014176","2.00","0","0"
"34417","66322431","11014176","6.00","0","0"
"34418","8528811","11014176","2.00","0","0"
"34419","43367021","11014176","3.00","0","0"
"34420","60771479","20369814","5.00","0","0"
"34421","48887088","20369814","2.00","0","0"
"34422","43906560","20369814","3.00","0","0"
"34423","38144980","20369814","2.00","0","0"
"34424","24299137","20369814","4.00","0","0"
"34425","61526300","20369814","5.00","0","0"
"34426","66322431","20369814","1.00","0","0"
"34427","8528811","20369814","4.00","0","0"
"34428","43367021","20369814","4.00","0","0"
"34429","60771479","21267167","3.00","0","0"
"34430","48887088","21267167","3.00","0","0"
"34431","43906560","21267167","2.00","0","0"
"34432","38144980","21267167","6.00","0","0"
"34433","24299137","21267167","2.00","0","0"
"34434","61526300","21267167","3.00","0","0"
"34435","66322431","21267167","5.00","0","0"
"34436","8528811","21267167","4.00","0","0"
"34437","43367021","21267167","2.00","0","0"
"34438","60771479","80297127","4.00","0","0"
"34439","48887088","80297127","5.00","0","0"
"34440","43906560","80297127","4.00","0","0"
"34441","38144980","80297127","4.00","0","0"
"34442","24299137","80297127","1.00","0","0"
"34443","61526300","80297127","3.00","0","0"
"34444","66322431","80297127","5.00","0","0"
"34445","8528811","80297127","5.00","0","0"
"34446","43367021","80297127","6.00","0","0"
"34447","60771479","38352842","6.00","0","0"
"34448","48887088","38352842","5.00","0","0"
"34449","43906560","38352842","4.00","0","0"
"34450","38144980","38352842","4.00","0","0"
"34451","24299137","38352842","3.00","0","0"
"34452","61526300","38352842","2.00","0","0"
"34453","66322431","38352842","4.00","0","0"
"34454","8528811","38352842","5.00","0","0"
"34455","43367021","38352842","5.00","0","0"
"34456","60771479","86712611","3.00","0","0"
"34457","48887088","86712611","6.00","0","0"
"34458","43906560","86712611","2.00","0","0"
"34459","38144980","86712611","5.00","0","0"
"34460","24299137","86712611","4.00","0","0"
"34461","61526300","86712611","4.00","0","0"
"34462","66322431","86712611","6.00","0","0"
"34463","8528811","86712611","6.00","0","0"
"34464","43367021","86712611","5.00","0","0"
"34465","60771479","15125641","6.00","0","0"
"34466","48887088","15125641","6.00","0","0"
"34467","43906560","15125641","6.00","0","0"
"34468","38144980","15125641","2.00","0","0"
"34469","24299137","15125641","6.00","0","0"
"34470","61526300","15125641","5.00","0","0"
"34471","66322431","15125641","4.00","0","0"
"34472","8528811","15125641","6.00","0","0"
"34473","43367021","15125641","6.00","0","0"
"34474","27187115","11851163","1.00","0","0"
"34475","55479901","11851163","4.00","0","0"
"34476","60321730","11851163","2.00","0","0"
"34477","63793674","11851163","2.00","0","0"
"34478","39597751","11851163","1.00","0","0"
"34479","16186781","11851163","2.00","0","0"
"34480","47357383","11851163","1.00","0","0"
"34481","12744248","11851163","7.00","1","0"
"34482","42593376","11851163","1.00","0","0"
"34483","18991045","11851163","1.00","0","0"
"34484","32436448","11851163","1.00","0","0"
"34485","27187115","21267167","2.00","0","0"
"34486","55479901","21267167","1.00","0","0"
"34487","60321730","21267167","4.00","0","0"
"34488","63793674","21267167","1.00","0","0"
"34489","39597751","21267167","3.00","0","0"
"34490","16186781","21267167","3.00","0","0"
"34491","47357383","21267167","1.00","0","0"
"34492","12744248","21267167","1.00","0","0"
"34493","42593376","21267167","1.00","0","0"
"34494","18991045","21267167","3.00","0","0"
"34495","32436448","21267167","6.00","0","0"
"34496","27187115","11014176","4.00","0","0"
"34497","55479901","11014176","3.00","0","0"
"34498","60321730","11014176","3.00","0","0"
"34499","63793674","11014176","3.00","0","0"
"34500","39597751","11014176","3.00","0","0"
"34501","16186781","11014176","4.00","0","0"
"34502","47357383","11014176","3.00","0","0"
"34503","12744248","11014176","1.00","0","0"
"34504","42593376","11014176","2.00","0","0"
"34505","18991045","11014176","1.00","0","0"
"34506","32436448","11014176","1.00","0","0"
"34507","27187115","64568271","3.00","0","0"
"34508","55479901","64568271","2.00","0","0"
"34509","60321730","64568271","1.00","0","0"
"34510","63793674","64568271","7.00","1","0"
"34511","39597751","64568271","2.00","0","0"
"34512","16186781","64568271","1.00","0","0"
"34513","47357383","64568271","4.00","0","0"
"34514","12744248","64568271","7.00","1","0"
"34515","42593376","64568271","4.00","0","0"
"34516","18991045","64568271","2.00","0","0"
"34517","32436448","64568271","2.00","0","0"
"34518","27187115","38352842","6.00","0","0"
"34519","55479901","38352842","2.00","0","0"
"34520","60321730","38352842","5.00","0","0"
"34521","63793674","38352842","1.00","0","0"
"34522","39597751","38352842","4.00","0","0"
"34523","16186781","38352842","1.00","0","0"
"34524","47357383","38352842","5.00","0","0"
"34525","12744248","38352842","2.00","0","0"
"34526","42593376","38352842","2.00","0","0"
"34527","18991045","38352842","4.00","0","0"
"34528","32436448","38352842","5.00","0","0"
"34529","27187115","31561187","1.00","0","0"
"34530","55479901","31561187","1.00","0","0"
"34531","60321730","31561187","1.00","0","0"
"34532","63793674","31561187","4.00","0","0"
"34533","39597751","31561187","5.00","0","0"
"34534","16186781","31561187","6.00","0","0"
"34535","47357383","31561187","5.00","0","0"
"34536","12744248","31561187","5.00","0","0"
"34537","42593376","31561187","3.00","0","0"
"34538","18991045","31561187","4.00","0","0"
"34539","32436448","31561187","4.00","0","0"
"34540","27187115","3475541","2.00","0","0"
"34541","55479901","3475541","6.00","0","0"
"34542","60321730","3475541","3.00","0","0"
"34543","63793674","3475541","4.00","0","0"
"34544","39597751","3475541","4.00","0","0"
"34545","16186781","3475541","5.00","0","0"
"34546","47357383","3475541","2.00","0","0"
"34547","12744248","3475541","3.00","0","0"
"34548","42593376","3475541","6.00","0","0"
"34549","18991045","3475541","2.00","0","0"
"34550","32436448","3475541","2.00","0","0"
"34551","27187115","20369814","5.00","0","0"
"34552","55479901","20369814","5.00","0","0"
"34553","60321730","20369814","6.00","0","0"
"34554","63793674","20369814","2.00","0","0"
"34555","39597751","20369814","1.00","0","0"
"34556","16186781","20369814","2.00","0","0"
"34557","47357383","20369814","2.00","0","0"
"34558","12744248","20369814","2.00","0","0"
"34559","42593376","20369814","3.00","0","0"
"34560","18991045","20369814","5.00","0","0"
"34561","32436448","20369814","7.00","1","0"
"34562","27187115","86712611","3.00","0","0"
"34563","55479901","86712611","3.00","0","0"
"34564","60321730","86712611","2.00","0","0"
"34565","63793674","86712611","7.00","1","0"
"34566","39597751","86712611","5.00","0","0"
"34567","16186781","86712611","3.00","0","0"
"34568","47357383","86712611","4.00","0","0"
"34569","12744248","86712611","4.00","0","0"
"34570","42593376","86712611","6.00","0","0"
"34571","18991045","86712611","5.00","0","0"
"34572","32436448","86712611","4.00","0","0"
"34573","27187115","15125641","6.00","0","0"
"34574","55479901","15125641","6.00","0","0"
"34575","60321730","15125641","4.00","0","0"
"34576","63793674","15125641","6.00","0","0"
"34577","39597751","15125641","2.00","0","0"
"34578","16186781","15125641","6.00","0","0"
"34579","47357383","15125641","6.00","0","0"
"34580","12744248","15125641","4.00","0","0"
"34581","42593376","15125641","5.00","0","0"
"34582","18991045","15125641","3.00","0","0"
"34583","32436448","15125641","3.00","0","0"
"34584","27187115","80297127","4.00","0","0"
"34585","55479901","80297127","4.00","0","0"
"34586","60321730","80297127","5.00","0","0"
"34587","63793674","80297127","5.00","0","0"
"34588","39597751","80297127","6.00","0","0"
"34589","16186781","80297127","4.00","0","0"
"34590","47357383","80297127","6.00","0","0"
"34591","12744248","80297127","3.00","0","0"
"34592","42593376","80297127","4.00","0","0"
"34593","18991045","80297127","6.00","0","0"
"34594","32436448","80297127","5.00","0","0"
"34595","27187115","95362201","5.00","0","0"
"34596","55479901","95362201","5.00","0","0"
"34597","60321730","95362201","6.00","0","0"
"34598","63793674","95362201","3.00","0","0"
"34599","39597751","95362201","7.00","1","0"
"34600","16186781","95362201","5.00","0","0"
"34601","47357383","95362201","3.00","0","0"
"34602","12744248","95362201","5.00","0","0"
"34603","42593376","95362201","5.00","0","0"
"34604","18991045","95362201","6.00","0","0"
"34605","32436448","95362201","3.00","0","0"
"34606","58209963","11851163","2.00","0","0"
"34607","13281479","11851163","2.00","0","0"
"34608","19798054","11851163","3.00","0","0"
"34609","87952500","11851163","3.00","0","0"
"34610","49151689","11851163","1.00","0","0"
"34611","24705282","11851163","1.00","0","0"
"34612","10378819","11851163","6.00","0","0"
"34613","16491276","11851163","1.00","0","0"
"34614","50462640","11851163","3.00","0","0"
"34615","65159415","11851163","3.00","0","0"
"34616","94151827","11851163","3.00","0","0"
"34617","75055046","11851163","2.00","0","0"
"34618","94594180","11851163","1.00","0","0"
"34619","58209963","31561187","1.00","0","0"
"34620","13281479","31561187","1.00","0","0"
"34621","19798054","31561187","1.00","0","0"
"34622","87952500","31561187","1.00","0","0"
"34623","49151689","31561187","5.00","0","0"
"34624","24705282","31561187","4.00","0","0"
"34625","10378819","31561187","2.00","0","0"
"34626","16491276","31561187","2.00","0","0"
"34627","50462640","31561187","1.00","0","0"
"34628","65159415","31561187","4.00","0","0"
"34629","94151827","31561187","4.00","0","0"
"34630","75055046","31561187","5.00","0","0"
"34631","94594180","31561187","2.00","0","0"
"34632","58209963","64568271","3.00","0","0"
"34633","13281479","64568271","5.00","0","0"
"34634","19798054","64568271","3.00","0","0"
"34635","87952500","64568271","2.00","0","0"
"34636","49151689","64568271","2.00","0","0"
"34637","24705282","64568271","3.00","0","0"
"34638","10378819","64568271","2.00","0","0"
"34639","16491276","64568271","2.00","0","0"
"34640","50462640","64568271","1.00","0","0"
"34641","65159415","64568271","1.00","0","0"
"34642","94151827","64568271","2.00","0","0"
"34643","75055046","64568271","4.00","0","0"
"34644","94594180","64568271","6.00","0","0"
"34645","58209963","3475541","2.00","0","0"
"34646","13281479","3475541","3.00","0","0"
"34647","19798054","3475541","1.00","0","0"
"34648","87952500","3475541","1.00","0","0"
"34649","49151689","3475541","1.00","0","0"
"34650","24705282","3475541","1.00","0","0"
"34651","10378819","3475541","5.00","0","0"
"34652","16491276","3475541","3.00","0","0"
"34653","50462640","3475541","5.00","0","0"
"34654","65159415","3475541","4.00","0","0"
"34655","94151827","3475541","3.00","0","0"
"34656","75055046","3475541","3.00","0","0"
"34657","94594180","3475541","5.00","0","0"
"34658","58209963","21267167","1.00","0","0"
"34659","13281479","21267167","2.00","0","0"
"34660","19798054","21267167","5.00","0","0"
"34661","87952500","21267167","4.00","0","0"
"34662","49151689","21267167","3.00","0","0"
"34663","24705282","21267167","3.00","0","0"
"34664","10378819","21267167","3.00","0","0"
"34665","16491276","21267167","7.00","1","0"
"34666","50462640","21267167","2.00","0","0"
"34667","65159415","21267167","1.00","0","0"
"34668","94151827","21267167","1.00","0","0"
"34669","75055046","21267167","4.00","0","0"
"34670","94594180","21267167","3.00","0","0"
"34671","58209963","38352842","3.00","0","0"
"34672","13281479","38352842","1.00","0","0"
"34673","19798054","38352842","5.00","0","0"
"34674","87952500","38352842","2.00","0","0"
"34675","49151689","38352842","7.00","1","0"
"34676","24705282","38352842","5.00","0","0"
"34677","10378819","38352842","1.00","0","0"
"34678","16491276","38352842","3.00","0","0"
"34679","50462640","38352842","2.00","0","0"
"34680","65159415","38352842","2.00","0","0"
"34681","94151827","38352842","4.00","0","0"
"34682","75055046","38352842","2.00","0","0"
"34683","94594180","38352842","2.00","0","0"
"34684","58209963","86712611","4.00","0","0"
"34685","13281479","86712611","5.00","0","0"
"34686","19798054","86712611","4.00","0","0"
"34687","87952500","86712611","6.00","0","0"
"34688","49151689","86712611","2.00","0","0"
"34689","24705282","86712611","2.00","0","0"
"34690","10378819","86712611","1.00","0","0"
"34691","16491276","86712611","3.40","0","0"
"34692","50462640","86712611","5.00","0","0"
"34693","65159415","86712611","3.00","0","0"
"34694","94151827","86712611","1.00","0","0"
"34695","75055046","86712611","1.00","0","0"
"34696","94594180","86712611","4.00","0","0"
"34697","58209963","11014176","5.00","0","0"
"34698","13281479","11014176","4.00","0","0"
"34699","19798054","11014176","4.00","0","0"
"34700","87952500","11014176","3.00","0","0"
"34701","49151689","11014176","3.00","0","0"
"34702","24705282","11014176","2.00","0","0"
"34703","10378819","11014176","4.00","0","0"
"34704","16491276","11014176","1.00","0","0"
"34705","50462640","11014176","3.00","0","0"
"34706","65159415","11014176","6.00","0","0"
"34707","94151827","11014176","5.00","0","0"
"34708","75055046","11014176","5.00","0","0"
"34709","94594180","11014176","1.00","0","0"
"34710","58209963","80297127","4.00","0","0"
"34711","13281479","80297127","3.00","0","0"
"34712","19798054","80297127","2.00","0","0"
"34713","87952500","80297127","5.00","0","0"
"34714","49151689","80297127","4.00","0","0"
"34715","24705282","80297127","5.00","0","0"
"34716","10378819","80297127","4.00","0","0"
"34717","16491276","80297127","5.00","0","0"
"34718","50462640","80297127","4.00","0","0"
"34719","65159415","80297127","5.00","0","0"
"34720","94151827","80297127","5.00","0","0"
"34721","75055046","80297127","1.00","0","0"
"34722","94594180","80297127","6.00","0","0"
"34723","58209963","20369814","6.00","0","0"
"34724","13281479","20369814","4.00","0","0"
"34725","19798054","20369814","2.00","0","0"
"34726","87952500","20369814","7.00","1","0"
"34727","49151689","20369814","4.00","0","0"
"34728","24705282","20369814","4.00","0","0"
"34729","10378819","20369814","3.00","0","0"
"34730","16491276","20369814","4.00","0","0"
"34731","50462640","20369814","6.00","0","0"
"34732","65159415","20369814","2.00","0","0"
"34733","94151827","20369814","2.00","0","0"
"34734","75055046","20369814","6.00","0","0"
"34735","94594180","20369814","4.00","0","0"
"34736","58209963","95362201","5.00","0","0"
"34737","13281479","95362201","6.00","0","0"
"34738","19798054","95362201","6.00","0","0"
"34739","87952500","95362201","5.00","0","0"
"34740","49151689","95362201","7.00","1","0"
"34741","24705282","95362201","6.00","0","0"
"34742","10378819","95362201","5.00","0","0"
"34743","16491276","95362201","7.00","1","0"
"34744","50462640","95362201","6.00","0","0"
"34745","65159415","95362201","5.00","0","0"
"34746","94151827","95362201","6.00","0","0"
"34747","75055046","95362201","3.00","0","0"
"34748","94594180","95362201","5.00","0","0"
"34749","58209963","15125641","6.00","0","0"
"34750","13281479","15125641","6.00","0","0"
"34751","19798054","15125641","6.00","0","0"
"34752","87952500","15125641","6.00","0","0"
"34753","49151689","15125641","6.00","0","0"
"34754","24705282","15125641","6.00","0","0"
"34755","10378819","15125641","6.00","0","0"
"34756","16491276","15125641","7.00","1","0"
"34757","50462640","15125641","4.00","0","0"
"34758","65159415","15125641","6.00","0","0"
"34759","94151827","15125641","6.00","0","0"
"34760","75055046","15125641","6.00","0","0"
"34761","94594180","15125641","3.00","0","0"
"34762","91852025","29673695","1.00","0","0"
"34763","74032983","29673695","2.00","0","0"
"34764","14961816","29673695","2.00","0","0"
"34765","54799426","29673695","1.00","0","0"
"34766","73079867","29673695","2.00","0","0"
"34767","37989934","29673695","1.00","0","0"
"34768","19835759","29673695","4.00","0","0"
"34769","93196876","29673695","1.00","0","0"
"34770","42647118","29673695","3.00","0","0"
"34771","67836531","29673695","1.00","0","0"
"34772","43362619","29673695","3.00","0","0"
"34773","44232716","29673695","1.00","0","0"
"34774","27363697","29673695","4.00","0","0"
"34775","99527307","29673695","1.00","0","0"
"34776","34440399","29673695","3.00","0","0"
"34777","91852025","31561187","1.00","0","0"
"34778","74032983","31561187","3.00","0","0"
"34779","14961816","31561187","1.00","0","0"
"34780","54799426","31561187","2.00","0","0"
"34781","73079867","31561187","2.00","0","0"
"34782","37989934","31561187","2.00","0","0"
"34783","19835759","31561187","3.00","0","0"
"34784","93196876","31561187","3.00","0","0"
"34785","42647118","31561187","4.00","0","0"
"34786","67836531","31561187","4.00","0","0"
"34787","43362619","31561187","2.00","0","0"
"34788","44232716","31561187","4.00","0","0"
"34789","27363697","31561187","1.00","0","0"
"34790","99527307","31561187","2.00","0","0"
"34791","34440399","31561187","1.00","0","0"
"34792","91852025","37771013","3.00","0","0"
"34793","74032983","37771013","4.00","0","0"
"34794","14961816","37771013","2.00","0","0"
"34795","54799426","37771013","3.00","0","0"
"34796","73079867","37771013","4.00","0","0"
"34797","37989934","37771013","4.00","0","0"
"34798","19835759","37771013","2.00","0","0"
"34799","93196876","37771013","1.00","0","0"
"34800","42647118","37771013","1.00","0","0"
"34801","67836531","37771013","2.00","0","0"
"34802","43362619","37771013","1.00","0","0"
"34803","44232716","37771013","1.00","0","0"
"34804","27363697","37771013","3.00","0","0"
"34805","99527307","37771013","5.00","0","0"
"34806","34440399","37771013","2.00","0","0"
"34807","91852025","54844888","2.00","0","0"
"34808","74032983","54844888","3.00","0","0"
"34809","14961816","54844888","5.00","0","0"
"34810","54799426","54844888","2.00","0","0"
"34811","73079867","54844888","1.00","0","0"
"34812","37989934","54844888","1.00","0","0"
"34813","19835759","54844888","1.00","0","0"
"34814","93196876","54844888","6.00","0","0"
"34815","42647118","54844888","6.00","0","0"
"34816","67836531","54844888","1.00","0","0"
"34817","43362619","54844888","1.00","0","0"
"34818","44232716","54844888","6.00","0","0"
"34819","27363697","54844888","1.00","0","0"
"34820","99527307","54844888","3.00","0","0"
"34821","34440399","54844888","2.00","0","0"
"34822","91852025","35915429","7.00","1","0"
"34823","74032983","35915429","5.00","0","0"
"34824","14961816","35915429","1.00","0","0"
"34825","54799426","35915429","3.00","0","0"
"34826","73079867","35915429","3.00","0","0"
"34827","37989934","35915429","2.00","0","0"
"34828","19835759","35915429","2.00","0","0"
"34829","93196876","35915429","2.00","0","0"
"34830","42647118","35915429","1.00","0","0"
"34831","67836531","35915429","3.00","0","0"
"34832","43362619","35915429","2.00","0","0"
"34833","44232716","35915429","2.00","0","0"
"34834","27363697","35915429","3.00","0","0"
"34835","99527307","35915429","5.00","0","0"
"34836","34440399","35915429","1.00","0","0"
"34837","91852025","74363723","3.00","0","0"
"34838","74032983","74363723","1.00","0","0"
"34839","14961816","74363723","3.00","0","0"
"34840","54799426","74363723","1.00","0","0"
"34841","73079867","74363723","3.00","0","0"
"34842","37989934","74363723","5.00","0","0"
"34843","19835759","74363723","1.00","0","0"
"34844","93196876","74363723","2.00","0","0"
"34845","42647118","74363723","3.00","0","0"
"34846","67836531","74363723","5.00","0","0"
"34847","43362619","74363723","3.00","0","0"
"34848","44232716","74363723","5.00","0","0"
"34849","27363697","74363723","2.00","0","0"
"34850","99527307","74363723","4.00","0","0"
"34851","34440399","74363723","5.00","0","0"
"34852","91852025","53442767","5.00","0","0"
"34853","74032983","53442767","1.00","0","0"
"34854","14961816","53442767","4.00","0","0"
"34855","54799426","53442767","4.00","0","0"
"34856","73079867","53442767","1.00","0","0"
"34857","37989934","53442767","3.00","0","0"
"34858","19835759","53442767","5.00","0","0"
"34859","93196876","53442767","4.00","0","0"
"34860","42647118","53442767","2.00","0","0"
"34861","67836531","53442767","2.00","0","0"
"34862","43362619","53442767","4.00","0","0"
"34863","44232716","53442767","5.00","0","0"
"34864","27363697","53442767","2.00","0","0"
"34865","99527307","53442767","1.00","0","0"
"34866","34440399","53442767","4.00","0","0"
"34867","91852025","79672628","2.00","0","0"
"34868","74032983","79672628","4.00","0","0"
"34869","14961816","79672628","6.00","0","0"
"34870","54799426","79672628","5.00","0","0"
"34871","73079867","79672628","6.00","0","0"
"34872","37989934","79672628","5.00","0","0"
"34873","19835759","79672628","4.00","0","0"
"34874","93196876","79672628","3.00","0","0"
"34875","42647118","79672628","4.00","0","0"
"34876","67836531","79672628","4.00","0","0"
"34877","43362619","79672628","5.00","0","0"
"34878","44232716","79672628","3.00","0","0"
"34879","27363697","79672628","5.00","0","0"
"34880","99527307","79672628","3.00","0","0"
"34881","34440399","79672628","3.00","0","0"
"34882","91852025","21267167","4.00","0","0"
"34883","74032983","21267167","6.00","0","0"
"34884","14961816","21267167","5.00","0","0"
"34885","54799426","21267167","5.00","0","0"
"34886","73079867","21267167","4.00","0","0"
"34887","37989934","21267167","3.00","0","0"
"34888","19835759","21267167","3.00","0","0"
"34889","93196876","21267167","4.00","0","0"
"34890","42647118","21267167","2.00","0","0"
"34891","67836531","21267167","6.00","0","0"
"34892","43362619","21267167","6.00","0","0"
"34893","44232716","21267167","3.00","0","0"
"34894","27363697","21267167","5.00","0","0"
"34895","99527307","21267167","2.00","0","0"
"34896","34440399","21267167","6.00","0","0"
"34897","91852025","59890131","4.00","0","0"
"34898","74032983","59890131","5.00","0","0"
"34899","14961816","59890131","3.00","0","0"
"34900","54799426","59890131","6.00","0","0"
"34901","73079867","59890131","5.00","0","0"
"34902","37989934","59890131","6.00","0","0"
"34903","19835759","59890131","5.00","0","0"
"34904","93196876","59890131","5.00","0","0"
"34905","42647118","59890131","5.00","0","0"
"34906","67836531","59890131","5.00","0","0"
"34907","43362619","59890131","4.00","0","0"
"34908","44232716","59890131","2.00","0","0"
"34909","27363697","59890131","4.00","0","0"
"34910","99527307","59890131","4.00","0","0"
"34911","34440399","59890131","4.00","0","0"
"34912","91852025","85832377","5.00","0","0"
"34913","74032983","85832377","2.00","0","0"
"34914","14961816","85832377","4.00","0","0"
"34915","54799426","85832377","4.00","0","0"
"34916","73079867","85832377","5.00","0","0"
"34917","37989934","85832377","4.00","0","0"
"34918","19835759","85832377","6.00","0","0"
"34919","93196876","85832377","6.00","0","0"
"34920","42647118","85832377","5.00","0","0"
"34921","67836531","85832377","3.00","0","0"
"34922","43362619","85832377","5.00","0","0"
"34923","44232716","85832377","4.00","0","0"
"34924","27363697","85832377","6.00","0","0"
"34925","99527307","85832377","6.00","0","0"
"34926","34440399","85832377","6.00","0","0"
"34927","91852025","38352842","7.00","1","0"
"34928","74032983","38352842","6.00","0","0"
"34929","14961816","38352842","6.00","0","0"
"34930","54799426","38352842","6.00","0","0"
"34931","73079867","38352842","6.00","0","0"
"34932","37989934","38352842","6.00","0","0"
"34933","19835759","38352842","6.00","0","0"
"34934","93196876","38352842","5.00","0","0"
"34935","42647118","38352842","6.00","0","0"
"34936","67836531","38352842","6.00","0","0"
"34937","43362619","38352842","6.00","0","0"
"34938","44232716","38352842","6.00","0","0"
"34939","27363697","38352842","6.00","0","0"
"34940","99527307","38352842","6.00","0","0"
"34941","34440399","38352842","5.00","0","0"
"34942","80776874","35915429","4.00","0","0"
"34943","80597479","35915429","1.00","0","0"
"34944","59440113","35915429","1.00","0","0"
"34945","87018645","35915429","2.00","0","0"
"34946","391439","35915429","1.00","0","0"
"34947","767820","35915429","2.00","0","0"
"34948","45742213","35915429","1.00","0","0"
"34949","37122733","35915429","1.00","0","0"
"34950","9793917","35915429","4.00","0","0"
"34951","59811225","35915429","2.00","0","0"
"34952","77779147","35915429","1.00","0","0"
"34953","32823273","35915429","3.00","0","0"
"34954","94111624","35915429","5.00","0","0"
"34955","476125","35915429","6.00","0","0"
"34956","80776874","37771013","2.00","0","0"
"34957","80597479","37771013","2.00","0","0"
"34958","59440113","37771013","2.00","0","0"
"34959","87018645","37771013","2.00","0","0"
"34960","391439","37771013","1.00","0","0"
"34961","767820","37771013","1.00","0","0"
"34962","45742213","37771013","7.00","1","0"
"34963","37122733","37771013","2.00","0","0"
"34964","9793917","37771013","2.00","0","0"
"34965","59811225","37771013","5.00","0","0"
"34966","77779147","37771013","2.00","0","0"
"34967","32823273","37771013","1.00","0","0"
"34968","94111624","37771013","1.00","0","0"
"34969","476125","37771013","4.00","0","0"
"34970","80776874","54844888","1.00","0","0"
"34971","80597479","54844888","1.00","0","0"
"34972","59440113","54844888","5.00","0","0"
"34973","87018645","54844888","5.00","0","0"
"34974","391439","54844888","2.00","0","0"
"34975","767820","54844888","1.00","0","0"
"34976","45742213","54844888","2.00","0","0"
"34977","37122733","54844888","4.00","0","0"
"34978","9793917","54844888","1.00","0","0"
"34979","59811225","54844888","1.00","0","0"
"34980","77779147","54844888","5.00","0","0"
"34981","32823273","54844888","6.00","0","0"
"34982","94111624","54844888","1.00","0","0"
"34983","476125","54844888","1.00","0","0"
"34984","80776874","31561187","2.00","0","0"
"34985","80597479","31561187","2.00","0","0"
"34986","59440113","31561187","4.00","0","0"
"34987","87018645","31561187","3.00","0","0"
"34988","391439","31561187","3.00","0","0"
"34989","767820","31561187","2.00","0","0"
"34990","45742213","31561187","2.00","0","0"
"34991","37122733","31561187","2.00","0","0"
"34992","9793917","31561187","3.00","0","0"
"34993","59811225","31561187","4.00","0","0"
"34994","77779147","31561187","3.00","0","0"
"34995","32823273","31561187","2.00","0","0"
"34996","94111624","31561187","3.00","0","0"
"34997","476125","31561187","1.00","0","0"
"34998","80776874","74363723","1.00","0","0"
"34999","80597479","74363723","3.00","0","0"
"35000","59440113","74363723","3.00","0","0"
"35001","87018645","74363723","6.00","0","0"
"35002","391439","74363723","5.00","0","0"
"35003","767820","74363723","3.00","0","0"
"35004","45742213","74363723","1.00","0","0"
"35005","37122733","74363723","3.00","0","0"
"35006","9793917","74363723","3.00","0","0"
"35007","59811225","74363723","5.00","0","0"
"35008","77779147","74363723","1.00","0","0"
"35009","32823273","74363723","1.00","0","0"
"35010","94111624","74363723","6.00","0","0"
"35011","476125","74363723","2.00","0","0"
"35012","80776874","53442767","4.00","0","0"
"35013","80597479","53442767","3.00","0","0"
"35014","59440113","53442767","1.00","0","0"
"35015","87018645","53442767","1.00","0","0"
"35016","391439","53442767","3.00","0","0"
"35017","767820","53442767","6.00","0","0"
"35018","45742213","53442767","4.00","0","0"
"35019","37122733","53442767","4.00","0","0"
"35020","9793917","53442767","1.00","0","0"
"35021","59811225","53442767","3.00","0","0"
"35022","77779147","53442767","4.00","0","0"
"35023","32823273","53442767","4.00","0","0"
"35024","94111624","53442767","3.00","0","0"
"35025","476125","53442767","3.00","0","0"
"35026","80776874","29673695","5.00","0","0"
"35027","80597479","29673695","6.00","0","0"
"35028","59440113","29673695","2.00","0","0"
"35029","87018645","29673695","3.00","0","0"
"35030","391439","29673695","2.00","0","0"
"35031","767820","29673695","4.00","0","0"
"35032","45742213","29673695","5.00","0","0"
"35033","37122733","29673695","1.00","0","0"
"35034","9793917","29673695","2.00","0","0"
"35035","59811225","29673695","1.00","0","0"
"35036","77779147","29673695","4.00","0","0"
"35037","32823273","29673695","3.00","0","0"
"35038","94111624","29673695","2.00","0","0"
"35039","476125","29673695","5.00","0","0"
"35040","80776874","59890131","3.00","0","0"
"35041","80597479","59890131","4.00","0","0"
"35042","59440113","59890131","5.00","0","0"
"35043","87018645","59890131","1.00","0","0"
"35044","391439","59890131","6.00","0","0"
"35045","767820","59890131","3.00","0","0"
"35046","45742213","59890131","3.00","0","0"
"35047","37122733","59890131","6.00","0","0"
"35048","9793917","59890131","5.00","0","0"
"35049","59811225","59890131","3.00","0","0"
"35050","77779147","59890131","2.00","0","0"
"35051","32823273","59890131","4.00","0","0"
"35052","94111624","59890131","4.00","0","0"
"35053","476125","59890131","2.00","0","0"
"35054","80776874","85832377","3.00","0","0"
"35055","80597479","85832377","4.00","0","0"
"35056","59440113","85832377","6.00","0","0"
"35057","87018645","85832377","4.00","0","0"
"35058","391439","85832377","5.00","0","0"
"35059","767820","85832377","4.00","0","0"
"35060","45742213","85832377","3.00","0","0"
"35061","37122733","85832377","3.00","0","0"
"35062","9793917","85832377","4.00","0","0"
"35063","59811225","85832377","4.00","0","0"
"35064","77779147","85832377","6.00","0","0"
"35065","32823273","85832377","2.00","0","0"
"35066","94111624","85832377","6.00","0","0"
"35067","476125","85832377","4.00","0","0"
"35068","80776874","79672628","6.00","0","0"
"35069","80597479","79672628","5.00","0","0"
"35070","59440113","79672628","4.00","0","0"
"35071","87018645","79672628","7.00","1","0"
"35072","391439","79672628","4.00","0","0"
"35073","767820","79672628","5.00","0","0"
"35074","45742213","79672628","4.00","0","0"
"35075","37122733","79672628","5.00","0","0"
"35076","9793917","79672628","5.00","0","0"
"35077","59811225","79672628","6.00","0","0"
"35078","77779147","79672628","3.00","0","0"
"35079","32823273","79672628","5.00","0","0"
"35080","94111624","79672628","2.00","0","0"
"35081","476125","79672628","6.00","0","0"
"35082","80776874","21267167","5.00","0","0"
"35083","80597479","21267167","5.00","0","0"
"35084","59440113","21267167","3.00","0","0"
"35085","87018645","21267167","4.00","0","0"
"35086","391439","21267167","4.00","0","0"
"35087","767820","21267167","6.00","0","0"
"35088","45742213","21267167","6.00","0","0"
"35089","37122733","21267167","5.00","0","0"
"35090","9793917","21267167","6.00","0","0"
"35091","59811225","21267167","2.00","0","0"
"35092","77779147","21267167","6.00","0","0"
"35093","32823273","21267167","6.00","0","0"
"35094","94111624","21267167","4.00","0","0"
"35095","476125","21267167","5.00","0","0"
"35096","80776874","38352842","6.00","0","0"
"35097","80597479","38352842","6.00","0","0"
"35098","59440113","38352842","6.00","0","0"
"35099","87018645","38352842","5.00","0","0"
"35100","391439","38352842","6.00","0","0"
"35101","767820","38352842","5.00","0","0"
"35102","45742213","38352842","5.00","0","0"
"35103","37122733","38352842","6.00","0","0"
"35104","9793917","38352842","6.00","0","0"
"35105","59811225","38352842","6.00","0","0"
"35106","77779147","38352842","5.00","0","0"
"35107","32823273","38352842","5.00","0","0"
"35108","94111624","38352842","5.00","0","0"
"35109","476125","38352842","3.00","0","0"
"35110","934264","54844888","2.00","0","0"
"35111","86775788","54844888","1.00","0","0"
"35112","49637822","54844888","3.00","0","0"
"35113","71179331","54844888","1.00","0","0"
"35114","21178741","54844888","1.00","0","0"
"35115","16074965","54844888","1.00","0","0"
"35116","4482395","54844888","5.00","0","0"
"35117","99226988","54844888","1.00","0","0"
"35118","66790124","54844888","1.00","0","0"
"35119","26725161","54844888","2.00","0","0"
"35120","21689275","54844888","3.00","0","0"
"35121","40959251","54844888","4.00","0","0"
"35122","934264","37771013","3.00","0","0"
"35123","86775788","37771013","1.00","0","0"
"35124","49637822","37771013","5.00","0","0"
"35125","71179331","37771013","1.00","0","0"
"35126","21178741","37771013","4.00","0","0"
"35127","16074965","37771013","1.00","0","0"
"35128","4482395","37771013","2.00","0","0"
"35129","99226988","37771013","4.00","0","0"
"35130","66790124","37771013","3.00","0","0"
"35131","26725161","37771013","1.00","0","0"
"35132","21689275","37771013","1.00","0","0"
"35133","40959251","37771013","2.00","0","0"
"35134","934264","53442767","1.00","0","0"
"35135","86775788","53442767","2.00","0","0"
"35136","49637822","53442767","1.00","0","0"
"35137","71179331","53442767","3.00","0","0"
"35138","21178741","53442767","1.00","0","0"
"35139","16074965","53442767","2.00","0","0"
"35140","4482395","53442767","1.00","0","0"
"35141","99226988","53442767","2.00","0","0"
"35142","66790124","53442767","4.00","0","0"
"35143","26725161","53442767","5.00","0","0"
"35144","21689275","53442767","2.00","0","0"
"35145","40959251","53442767","5.00","0","0"
"35146","934264","31561187","3.00","0","0"
"35147","86775788","31561187","2.00","0","0"
"35148","49637822","31561187","2.00","0","0"
"35149","71179331","31561187","2.00","0","0"
"35150","21178741","31561187","3.00","0","0"
"35151","16074965","31561187","7.00","1","0"
"35152","4482395","31561187","1.00","0","0"
"35153","99226988","31561187","2.00","0","0"
"35154","66790124","31561187","4.00","0","0"
"35155","26725161","31561187","1.00","0","0"
"35156","21689275","31561187","1.00","0","0"
"35157","40959251","31561187","6.00","0","0"
"35158","934264","29673695","4.00","0","0"
"35159","86775788","29673695","3.00","0","0"
"35160","49637822","29673695","2.00","0","0"
"35161","71179331","29673695","4.00","0","0"
"35162","21178741","29673695","4.00","0","0"
"35163","16074965","29673695","2.00","0","0"
"35164","4482395","29673695","4.00","0","0"
"35165","99226988","29673695","3.00","0","0"
"35166","66790124","29673695","2.00","0","0"
"35167","26725161","29673695","3.00","0","0"
"35168","21689275","29673695","2.00","0","0"
"35169","40959251","29673695","1.00","0","0"
"35170","934264","79672628","1.00","0","0"
"35171","86775788","79672628","5.00","0","0"
"35172","49637822","79672628","5.00","0","0"
"35173","71179331","79672628","7.00","1","0"
"35174","21178741","79672628","2.00","0","0"
"35175","16074965","79672628","4.00","0","0"
"35176","4482395","79672628","2.00","0","0"
"35177","99226988","79672628","3.00","0","0"
"35178","66790124","79672628","2.00","0","0"
"35179","26725161","79672628","2.00","0","0"
"35180","21689275","79672628","7.00","1","0"
"35181","40959251","79672628","4.00","0","0"
"35182","934264","74363723","5.00","0","0"
"35183","86775788","74363723","5.00","0","0"
"35184","49637822","74363723","4.00","0","0"
"35185","71179331","74363723","3.00","0","0"
"35186","21178741","74363723","2.00","0","0"
"35187","16074965","74363723","6.00","0","0"
"35188","4482395","74363723","4.00","0","0"
"35189","99226988","74363723","4.00","0","0"
"35190","66790124","74363723","1.00","0","0"
"35191","26725161","74363723","6.00","0","0"
"35192","21689275","74363723","4.00","0","0"
"35193","40959251","74363723","3.00","0","0"
"35194","934264","35915429","6.00","0","0"
"35195","86775788","35915429","4.00","0","0"
"35196","49637822","35915429","1.00","0","0"
"35197","71179331","35915429","5.00","0","0"
"35198","21178741","35915429","3.00","0","0"
"35199","16074965","35915429","7.00","1","0"
"35200","4482395","35915429","5.00","0","0"
"35201","99226988","35915429","1.00","0","0"
"35202","66790124","35915429","3.00","0","0"
"35203","26725161","35915429","3.00","0","0"
"35204","21689275","35915429","6.00","0","0"
"35205","40959251","35915429","6.00","0","0"
"35206","934264","38352842","5.00","0","0"
"35207","86775788","38352842","3.00","0","0"
"35208","49637822","38352842","3.00","0","0"
"35209","71179331","38352842","5.00","0","0"
"35210","21178741","38352842","5.00","0","0"
"35211","16074965","38352842","3.00","0","0"
"35212","4482395","38352842","3.00","0","0"
"35213","99226988","38352842","6.00","0","0"
"35214","66790124","38352842","5.00","0","0"
"35215","26725161","38352842","5.00","0","0"
"35216","21689275","38352842","5.00","0","0"
"35217","40959251","38352842","2.00","0","0"
"35218","934264","59890131","4.00","0","0"
"35219","86775788","59890131","6.00","0","0"
"35220","49637822","59890131","6.00","0","0"
"35221","71179331","59890131","2.00","0","0"
"35222","21178741","59890131","5.00","0","0"
"35223","16074965","59890131","3.00","0","0"
"35224","4482395","59890131","3.00","0","0"
"35225","99226988","59890131","5.00","0","0"
"35226","66790124","59890131","5.00","0","0"
"35227","26725161","59890131","6.00","0","0"
"35228","21689275","59890131","3.00","0","0"
"35229","40959251","59890131","3.00","0","0"
"35230","934264","21267167","2.00","0","0"
"35231","86775788","21267167","4.00","0","0"
"35232","49637822","21267167","6.00","0","0"
"35233","71179331","21267167","4.00","0","0"
"35234","21178741","21267167","6.00","0","0"
"35235","16074965","21267167","4.00","0","0"
"35236","4482395","21267167","6.00","0","0"
"35237","99226988","21267167","5.00","0","0"
"35238","66790124","21267167","6.00","0","0"
"35239","26725161","21267167","4.00","0","0"
"35240","21689275","21267167","4.00","0","0"
"35241","40959251","21267167","5.00","0","0"
"35242","934264","85832377","6.00","0","0"
"35243","86775788","85832377","6.00","0","0"
"35244","49637822","85832377","4.00","0","0"
"35245","71179331","85832377","6.00","0","0"
"35246","21178741","85832377","6.00","0","0"
"35247","16074965","85832377","5.00","0","0"
"35248","4482395","85832377","6.00","0","0"
"35249","99226988","85832377","6.00","0","0"
"35250","66790124","85832377","6.00","0","0"
"35251","26725161","85832377","4.00","0","0"
"35252","21689275","85832377","7.00","1","0"
"35253","40959251","85832377","1.00","0","0"
"35254","10021753","54844888","1.00","0","0"
"35255","58629556","54844888","2.00","0","0"
"35256","30734636","54844888","1.00","0","0"
"35257","2728101","54844888","1.00","0","0"
"35258","60752863","54844888","1.00","0","0"
"35259","96738733","54844888","4.00","0","0"
"35260","49001701","54844888","3.00","0","0"
"35261","79068180","54844888","2.00","0","0"
"35262","67476479","54844888","6.00","0","0"
"35263","37304251","54844888","1.00","0","0"
"35264","97990693","54844888","1.00","0","0"
"35265","10021753","31561187","2.00","0","0"
"35266","58629556","31561187","4.00","0","0"
"35267","30734636","31561187","5.00","0","0"
"35268","2728101","31561187","1.00","0","0"
"35269","60752863","31561187","4.00","0","0"
"35270","96738733","31561187","3.00","0","0"
"35271","49001701","31561187","4.00","0","0"
"35272","79068180","31561187","1.00","0","0"
"35273","67476479","31561187","1.00","0","0"
"35274","37304251","31561187","2.00","0","0"
"35275","97990693","31561187","2.00","0","0"
"35276","10021753","74363723","3.00","0","0"
"35277","58629556","74363723","1.00","0","0"
"35278","30734636","74363723","1.00","0","0"
"35279","2728101","74363723","5.00","0","0"
"35280","60752863","74363723","2.00","0","0"
"35281","96738733","74363723","1.00","0","0"
"35282","49001701","74363723","2.00","0","0"
"35283","79068180","74363723","3.00","0","0"
"35284","67476479","74363723","3.00","0","0"
"35285","37304251","74363723","5.00","0","0"
"35286","97990693","74363723","3.00","0","0"
"35287","10021753","35915429","1.00","0","0"
"35288","58629556","35915429","1.00","0","0"
"35289","30734636","35915429","6.00","0","0"
"35290","2728101","35915429","5.00","0","0"
"35291","60752863","35915429","3.00","0","0"
"35292","96738733","35915429","4.00","0","0"
"35293","49001701","35915429","1.00","0","0"
"35294","79068180","35915429","5.00","0","0"
"35295","67476479","35915429","5.00","0","0"
"35296","37304251","35915429","3.00","0","0"
"35297","97990693","35915429","1.00","0","0"
"35298","10021753","53442767","3.00","0","0"
"35299","58629556","53442767","6.00","0","0"
"35300","30734636","53442767","6.00","0","0"
"35301","2728101","53442767","2.00","0","0"
"35302","60752863","53442767","5.00","0","0"
"35303","96738733","53442767","2.00","0","0"
"35304","49001701","53442767","6.00","0","0"
"35305","79068180","53442767","2.00","0","0"
"35306","67476479","53442767","1.00","0","0"
"35307","37304251","53442767","1.00","0","0"
"35308","97990693","53442767","2.00","0","0"
"35309","10021753","37771013","5.00","0","0"
"35310","58629556","37771013","3.00","0","0"
"35311","30734636","37771013","4.00","0","0"
"35312","2728101","37771013","7.00","1","0"
"35313","60752863","37771013","2.00","0","0"
"35314","96738733","37771013","2.00","0","0"
"35315","49001701","37771013","6.00","0","0"
"35316","79068180","37771013","1.00","0","0"
"35317","67476479","37771013","2.00","0","0"
"35318","37304251","37771013","3.00","0","0"
"35319","97990693","37771013","4.00","0","0"
"35320","10021753","59890131","4.00","0","0"
"35321","58629556","59890131","2.00","0","0"
"35322","30734636","59890131","3.00","0","0"
"35323","2728101","59890131","4.00","0","0"
"35324","60752863","59890131","5.00","0","0"
"35325","96738733","59890131","1.00","0","0"
"35326","49001701","59890131","4.00","0","0"
"35327","79068180","59890131","5.00","0","0"
"35328","67476479","59890131","3.00","0","0"
"35329","37304251","59890131","2.00","0","0"
"35330","97990693","59890131","6.00","0","0"
"35331","10021753","29673695","5.00","0","0"
"35332","58629556","29673695","6.00","0","0"
"35333","30734636","29673695","3.00","0","0"
"35334","2728101","29673695","2.00","0","0"
"35335","60752863","29673695","4.00","0","0"
"35336","96738733","29673695","5.00","0","0"
"35337","49001701","29673695","3.00","0","0"
"35338","79068180","29673695","3.00","0","0"
"35339","67476479","29673695","4.00","0","0"
"35340","37304251","29673695","4.00","0","0"
"35341","97990693","29673695","4.00","0","0"
"35342","10021753","79672628","2.00","0","0"
"35343","58629556","79672628","5.00","0","0"
"35344","30734636","79672628","5.00","0","0"
"35345","2728101","79672628","3.00","0","0"
"35346","60752863","79672628","6.00","0","0"
"35347","96738733","79672628","5.00","0","0"
"35348","49001701","79672628","5.00","0","0"
"35349","79068180","79672628","4.00","0","0"
"35350","67476479","79672628","2.00","0","0"
"35351","37304251","79672628","4.00","0","0"
"35352","97990693","79672628","5.00","0","0"
"35353","10021753","38352842","6.00","0","0"
"35354","58629556","38352842","4.00","0","0"
"35355","30734636","38352842","2.00","0","0"
"35356","2728101","38352842","3.00","0","0"
"35357","60752863","38352842","3.00","0","0"
"35358","96738733","38352842","6.00","0","0"
"35359","49001701","38352842","1.00","0","0"
"35360","79068180","38352842","4.00","0","0"
"35361","67476479","38352842","6.00","0","0"
"35362","37304251","38352842","6.00","0","0"
"35363","97990693","38352842","6.00","0","0"
"35364","10021753","85832377","6.00","0","0"
"35365","58629556","85832377","3.00","0","0"
"35366","30734636","85832377","2.00","0","0"
"35367","2728101","85832377","6.00","0","0"
"35368","60752863","85832377","1.00","0","0"
"35369","96738733","85832377","6.00","0","0"
"35370","49001701","85832377","5.00","0","0"
"35371","79068180","85832377","6.00","0","0"
"35372","67476479","85832377","4.00","0","0"
"35373","37304251","85832377","6.00","0","0"
"35374","97990693","85832377","3.00","0","0"
"35375","10021753","21267167","4.00","0","0"
"35376","58629556","21267167","5.00","0","0"
"35377","30734636","21267167","4.00","0","0"
"35378","2728101","21267167","4.00","0","0"
"35379","60752863","21267167","6.00","0","0"
"35380","96738733","21267167","3.00","0","0"
"35381","49001701","21267167","2.00","0","0"
"35382","79068180","21267167","6.00","0","0"
"35383","67476479","21267167","5.00","0","0"
"35384","37304251","21267167","5.00","0","0"
"35385","97990693","21267167","5.00","0","0"
"35386","66756175","18767554","2.00","0","0"
"35387","35466641","18767554","2.00","0","0"
"35388","35115420","18767554","2.00","0","0"
"35389","66740917","18767554","1.00","0","0"
"35390","47044421","18767554","2.00","0","0"
"35391","91740166","18767554","2.00","0","0"
"35392","96942068","18767554","3.00","0","0"
"35393","29771135","18767554","2.00","0","0"
"35394","99521167","18767554","1.00","0","0"
"35395","68191915","18767554","2.00","0","0"
"35396","97912515","18767554","1.00","0","0"
"35397","66756175","77473926","3.00","0","0"
"35398","35466641","77473926","1.00","0","0"
"35399","35115420","77473926","6.00","0","0"
"35400","66740917","77473926","3.00","0","0"
"35401","47044421","77473926","1.00","0","0"
"35402","91740166","77473926","1.00","0","0"
"35403","96942068","77473926","1.00","0","0"
"35404","29771135","77473926","1.00","0","0"
"35405","99521167","77473926","1.00","0","0"
"35406","68191915","77473926","2.00","0","0"
"35407","97912515","77473926","2.00","0","0"
"35408","66756175","57461405","2.00","0","0"
"35409","35466641","57461405","2.00","0","0"
"35410","35115420","57461405","1.00","0","0"
"35411","66740917","57461405","2.00","0","0"
"35412","47044421","57461405","1.00","0","0"
"35413","91740166","57461405","1.00","0","0"
"35414","96942068","57461405","2.00","0","0"
"35415","29771135","57461405","2.00","0","0"
"35416","99521167","57461405","3.00","0","0"
"35417","68191915","57461405","5.00","0","0"
"35418","97912515","57461405","3.00","0","0"
"35419","66756175","84529515","1.00","0","0"
"35420","35466641","84529515","1.00","0","0"
"35421","35115420","84529515","3.00","0","0"
"35422","66740917","84529515","2.00","0","0"
"35423","47044421","84529515","2.00","0","0"
"35424","91740166","84529515","5.00","0","0"
"35425","96942068","84529515","4.00","0","0"
"35426","29771135","84529515","4.00","0","0"
"35427","99521167","84529515","5.00","0","0"
"35428","68191915","84529515","1.00","0","0"
"35429","97912515","84529515","5.00","0","0"
"35430","66756175","53442767","4.00","0","0"
"35431","35466641","53442767","4.00","0","0"
"35432","35115420","53442767","4.00","0","0"
"35433","66740917","53442767","3.00","0","0"
"35434","47044421","53442767","6.00","0","0"
"35435","91740166","53442767","4.00","0","0"
"35436","96942068","53442767","2.00","0","0"
"35437","29771135","53442767","4.00","0","0"
"35438","99521167","53442767","2.00","0","0"
"35439","68191915","53442767","1.00","0","0"
"35440","97912515","53442767","1.00","0","0"
"35441","66756175","41603807","5.00","0","0"
"35442","35466641","41603807","5.00","0","0"
"35443","35115420","41603807","5.00","0","0"
"35444","66740917","41603807","1.00","0","0"
"35445","47044421","41603807","5.00","0","0"
"35446","91740166","41603807","6.00","0","0"
"35447","96942068","41603807","1.00","0","0"
"35448","29771135","41603807","5.00","0","0"
"35449","99521167","41603807","4.00","0","0"
"35450","68191915","41603807","3.00","0","0"
"35451","97912515","41603807","3.00","0","0"
"35452","66756175","74363723","1.00","0","0"
"35453","35466641","74363723","5.00","0","0"
"35454","35115420","74363723","1.00","0","0"
"35455","66740917","74363723","5.00","0","0"
"35456","47044421","74363723","5.00","0","0"
"35457","91740166","74363723","4.00","0","0"
"35458","96942068","74363723","5.00","0","0"
"35459","29771135","74363723","3.00","0","0"
"35460","99521167","74363723","4.00","0","0"
"35461","68191915","74363723","5.00","0","0"
"35462","97912515","74363723","5.00","0","0"
"35463","66756175","29673695","6.00","0","0"
"35464","35466641","29673695","3.00","0","0"
"35465","35115420","29673695","5.00","0","0"
"35466","66740917","29673695","4.00","0","0"
"35467","47044421","29673695","4.00","0","0"
"35468","91740166","29673695","2.00","0","0"
"35469","96942068","29673695","5.00","0","0"
"35470","29771135","29673695","1.00","0","0"
"35471","99521167","29673695","6.00","0","0"
"35472","68191915","29673695","4.00","0","0"
"35473","97912515","29673695","4.00","0","0"
"35474","66756175","31561187","4.00","0","0"
"35475","35466641","31561187","6.00","0","0"
"35476","35115420","31561187","2.00","0","0"
"35477","66740917","31561187","5.00","0","0"
"35478","47044421","31561187","6.00","0","0"
"35479","91740166","31561187","3.00","0","0"
"35480","96942068","31561187","3.00","0","0"
"35481","29771135","31561187","3.00","0","0"
"35482","99521167","31561187","3.00","0","0"
"35483","68191915","31561187","4.00","0","0"
"35484","97912515","31561187","6.00","0","0"
"35485","66756175","79672628","5.00","0","0"
"35486","35466641","79672628","4.00","0","0"
"35487","35115420","79672628","4.00","0","0"
"35488","66740917","79672628","4.00","0","0"
"35489","47044421","79672628","4.00","0","0"
"35490","91740166","79672628","6.00","0","0"
"35491","96942068","79672628","4.00","0","0"
"35492","29771135","79672628","6.00","0","0"
"35493","99521167","79672628","2.00","0","0"
"35494","68191915","79672628","6.00","0","0"
"35495","97912515","79672628","2.00","0","0"
"35496","66756175","64830853","6.00","0","0"
"35497","35466641","64830853","3.00","0","0"
"35498","35115420","64830853","3.00","0","0"
"35499","66740917","64830853","6.00","0","0"
"35500","47044421","64830853","3.00","0","0"
"35501","91740166","64830853","5.00","0","0"
"35502","96942068","64830853","6.00","0","0"
"35503","29771135","64830853","6.00","0","0"
"35504","99521167","64830853","5.00","0","0"
"35505","68191915","64830853","3.00","0","0"
"35506","97912515","64830853","6.00","0","0"
"35507","66756175","21267167","3.00","0","0"
"35508","35466641","21267167","7.00","1","0"
"35509","35115420","21267167","6.00","0","0"
"35510","66740917","21267167","6.00","0","0"
"35511","47044421","21267167","3.00","0","0"
"35512","91740166","21267167","3.00","0","0"
"35513","96942068","21267167","6.00","0","0"
"35514","29771135","21267167","5.00","0","0"
"35515","99521167","21267167","6.00","0","0"
"35516","68191915","21267167","6.00","0","0"
"35517","97912515","21267167","4.00","0","0"
"35518","9246675","77473926","3.00","0","0"
"35519","35035490","77473926","2.00","0","0"
"35520","5941136","77473926","2.00","0","0"
"35521","4431848","77473926","1.00","0","0"
"35522","62590074","77473926","1.00","0","0"
"35523","1923615","77473926","2.00","0","0"
"35524","9246675","57461405","2.00","0","0"
"35525","35035490","57461405","1.00","0","0"
"35526","5941136","57461405","3.00","0","0"
"35527","4431848","57461405","2.00","0","0"
"35528","62590074","57461405","1.00","0","0"
"35529","1923615","57461405","4.00","0","0"
"35530","9246675","84529515","1.00","0","0"
"35531","35035490","84529515","2.00","0","0"
"35532","5941136","84529515","3.00","0","0"
"35533","4431848","84529515","4.00","0","0"
"35534","62590074","84529515","4.00","0","0"
"35535","1923615","84529515","1.00","0","0"
"35536","9246675","29673695","3.00","0","0"
"35537","35035490","29673695","4.00","0","0"
"35538","5941136","29673695","1.00","0","0"
"35539","4431848","29673695","3.00","0","0"
"35540","62590074","29673695","2.00","0","0"
"35541","1923615","29673695","3.00","0","0"
"35542","9246675","31561187","1.00","0","0"
"35543","35035490","31561187","6.00","0","0"
"35544","5941136","31561187","2.00","0","0"
"35545","4431848","31561187","1.00","0","0"
"35546","62590074","31561187","3.00","0","0"
"35547","1923615","31561187","5.00","0","0"
"35548","9246675","18767554","5.00","0","0"
"35549","35035490","18767554","3.00","0","0"
"35550","5941136","18767554","1.00","0","0"
"35551","4431848","18767554","4.00","0","0"
"35552","62590074","18767554","5.00","0","0"
"35553","1923615","18767554","3.00","0","0"
"35554","9246675","74363723","4.00","0","0"
"35555","35035490","74363723","1.00","0","0"
"35556","5941136","74363723","4.00","0","0"
"35557","4431848","74363723","7.00","1","0"
"35558","62590074","74363723","2.00","0","0"
"35559","1923615","74363723","5.00","0","0"
"35560","9246675","21267167","2.00","0","0"
"35561","35035490","21267167","5.00","0","0"
"35562","5941136","21267167","5.00","0","0"
"35563","4431848","21267167","2.00","0","0"
"35564","62590074","21267167","5.00","0","0"
"35565","1923615","21267167","4.00","0","0"
"35566","9246675","79672628","4.00","0","0"
"35567","35035490","79672628","4.00","0","0"
"35568","5941136","79672628","4.00","0","0"
"35569","4431848","79672628","6.00","0","0"
"35570","62590074","79672628","6.00","0","0"
"35571","1923615","79672628","1.00","0","0"
"35572","9246675","53442767","6.00","0","0"
"35573","35035490","53442767","5.00","0","0"
"35574","5941136","53442767","6.00","0","0"
"35575","4431848","53442767","3.00","0","0"
"35576","62590074","53442767","4.00","0","0"
"35577","1923615","53442767","2.00","0","0"
"35578","9246675","64830853","5.00","0","0"
"35579","35035490","64830853","6.00","0","0"
"35580","5941136","64830853","6.00","0","0"
"35581","4431848","64830853","5.00","0","0"
"35582","62590074","64830853","3.00","0","0"
"35583","1923615","64830853","6.00","0","0"
"35584","9246675","41603807","6.00","0","0"
"35585","35035490","41603807","3.00","0","0"
"35586","5941136","41603807","5.00","0","0"
"35587","4431848","41603807","5.00","0","0"
"35588","62590074","41603807","6.00","0","0"
"35589","1923615","41603807","6.00","0","0"
"35590","57263959","77473926","6.00","0","0"
"35591","32856669","77473926","4.00","0","0"
"35592","28414441","77473926","1.00","0","0"
"35593","18721769","77473926","1.00","0","0"
"35594","84373477","77473926","3.00","0","0"
"35595","1055209","77473926","1.00","0","0"
"35596","22440667","77473926","1.00","0","0"
"35597","39524171","77473926","2.00","0","0"
"35598","10573240","77473926","1.00","0","0"
"35599","53222645","77473926","2.00","0","0"
"35600","16288442","77473926","2.00","0","0"
"35601","57263959","84529515","3.00","0","0"
"35602","32856669","84529515","2.00","0","0"
"35603","28414441","84529515","2.00","0","0"
"35604","18721769","84529515","3.00","0","0"
"35605","84373477","84529515","1.00","0","0"
"35606","1055209","84529515","5.00","0","0"
"35607","22440667","84529515","1.00","0","0"
"35608","39524171","84529515","2.00","0","0"
"35609","10573240","84529515","2.00","0","0"
"35610","53222645","84529515","1.00","0","0"
"35611","16288442","84529515","2.00","0","0"
"35612","57263959","57461405","2.00","0","0"
"35613","32856669","57461405","1.00","0","0"
"35614","28414441","57461405","3.00","0","0"
"35615","18721769","57461405","1.00","0","0"
"35616","84373477","57461405","4.00","0","0"
"35617","1055209","57461405","4.00","0","0"
"35618","22440667","57461405","3.00","0","0"
"35619","39524171","57461405","1.00","0","0"
"35620","10573240","57461405","4.00","0","0"
"35621","53222645","57461405","4.00","0","0"
"35622","16288442","57461405","1.00","0","0"
"35623","57263959","74363723","1.00","0","0"
"35624","32856669","74363723","2.00","0","0"
"35625","28414441","74363723","3.00","0","0"
"35626","18721769","74363723","3.00","0","0"
"35627","84373477","74363723","2.00","0","0"
"35628","1055209","74363723","3.00","0","0"
"35629","22440667","74363723","5.00","0","0"
"35630","39524171","74363723","6.00","0","0"
"35631","10573240","74363723","1.00","0","0"
"35632","53222645","74363723","1.00","0","0"
"35633","16288442","74363723","3.00","0","0"
"35634","57263959","53442767","5.00","0","0"
"35635","32856669","53442767","5.00","0","0"
"35636","28414441","53442767","4.00","0","0"
"35637","18721769","53442767","5.00","0","0"
"35638","84373477","53442767","2.00","0","0"
"35639","1055209","53442767","3.00","0","0"
"35640","22440667","53442767","4.00","0","0"
"35641","39524171","53442767","1.00","0","0"
"35642","10573240","53442767","2.00","0","0"
"35643","53222645","53442767","2.00","0","0"
"35644","16288442","53442767","1.00","0","0"
"35645","57263959","29673695","5.00","0","0"
"35646","32856669","29673695","1.00","0","0"
"35647","28414441","29673695","6.00","0","0"
"35648","18721769","29673695","6.00","0","0"
"35649","84373477","29673695","1.00","0","0"
"35650","1055209","29673695","1.00","0","0"
"35651","22440667","29673695","2.00","0","0"
"35652","39524171","29673695","4.00","0","0"
"35653","10573240","29673695","3.00","0","0"
"35654","53222645","29673695","3.00","0","0"
"35655","16288442","29673695","6.00","0","0"
"35656","57263959","18767554","4.00","0","0"
"35657","32856669","18767554","3.00","0","0"
"35658","28414441","18767554","2.00","0","0"
"35659","18721769","18767554","2.00","0","0"
"35660","84373477","18767554","5.00","0","0"
"35661","1055209","18767554","2.00","0","0"
"35662","22440667","18767554","4.00","0","0"
"35663","39524171","18767554","3.00","0","0"
"35664","10573240","18767554","6.00","0","0"
"35665","53222645","18767554","3.00","0","0"
"35666","16288442","18767554","4.00","0","0"
"35667","57263959","64830853","1.00","0","0"
"35668","32856669","64830853","4.00","0","0"
"35669","28414441","64830853","5.00","0","0"
"35670","18721769","64830853","5.00","0","0"
"35671","84373477","64830853","4.00","0","0"
"35672","1055209","64830853","2.00","0","0"
"35673","22440667","64830853","5.00","0","0"
"35674","39524171","64830853","3.00","0","0"
"35675","10573240","64830853","4.00","0","0"
"35676","53222645","64830853","5.00","0","0"
"35677","16288442","64830853","4.00","0","0"
"35678","57263959","31561187","3.00","0","0"
"35679","32856669","31561187","6.00","0","0"
"35680","28414441","31561187","5.00","0","0"
"35681","18721769","31561187","4.00","0","0"
"35682","84373477","31561187","3.00","0","0"
"35683","1055209","31561187","6.00","0","0"
"35684","22440667","31561187","2.00","0","0"
"35685","39524171","31561187","5.00","0","0"
"35686","10573240","31561187","5.00","0","0"
"35687","53222645","31561187","5.00","0","0"
"35688","16288442","31561187","3.00","0","0"
"35689","57263959","21267167","4.00","0","0"
"35690","32856669","21267167","5.00","0","0"
"35691","28414441","21267167","1.00","0","0"
"35692","18721769","21267167","4.00","0","0"
"35693","84373477","21267167","5.00","0","0"
"35694","1055209","21267167","6.00","0","0"
"35695","22440667","21267167","6.00","0","0"
"35696","39524171","21267167","4.00","0","0"
"35697","10573240","21267167","3.00","0","0"
"35698","53222645","21267167","6.00","0","0"
"35699","16288442","21267167","5.00","0","0"
"35700","57263959","79672628","2.00","0","0"
"35701","32856669","79672628","3.00","0","0"
"35702","28414441","79672628","4.00","0","0"
"35703","18721769","79672628","6.00","0","0"
"35704","84373477","79672628","6.00","0","0"
"35705","1055209","79672628","5.00","0","0"
"35706","22440667","79672628","3.00","0","0"
"35707","39524171","79672628","5.00","0","0"
"35708","10573240","79672628","5.00","0","0"
"35709","53222645","79672628","6.00","0","0"
"35710","16288442","79672628","6.00","0","0"
"35711","57263959","41603807","6.00","0","0"
"35712","32856669","41603807","6.00","0","0"
"35713","28414441","41603807","6.00","0","0"
"35714","18721769","41603807","2.00","0","0"
"35715","84373477","41603807","6.00","0","0"
"35716","1055209","41603807","4.00","0","0"
"35717","22440667","41603807","6.00","0","0"
"35718","39524171","41603807","6.00","0","0"
"35719","10573240","41603807","6.00","0","0"
"35720","53222645","41603807","4.00","0","0"
"35721","16288442","41603807","5.00","0","0"
"35722","56038563","57461405","4.00","0","0"
"35723","81111105","57461405","3.00","0","0"
"35724","12117186","57461405","1.00","0","0"
"35725","42429115","57461405","1.00","0","0"
"35726","19960768","57461405","1.00","0","0"
"35727","56432696","57461405","4.00","0","0"
"35728","435321","57461405","2.00","0","0"
"35729","72383292","57461405","2.00","0","0"
"35730","84190889","57461405","4.00","0","0"
"35731","94853342","57461405","2.00","0","0"
"35732","53269955","57461405","1.00","0","0"
"35733","79027330","57461405","1.00","0","0"
"35734","56038563","84529515","2.00","0","0"
"35735","81111105","84529515","2.00","0","0"
"35736","12117186","84529515","3.00","0","0"
"35737","42429115","84529515","4.00","0","0"
"35738","19960768","84529515","4.00","0","0"
"35739","56432696","84529515","2.00","0","0"
"35740","435321","84529515","1.00","0","0"
"35741","72383292","84529515","1.00","0","0"
"35742","84190889","84529515","1.00","0","0"
"35743","94853342","84529515","4.00","0","0"
"35744","53269955","84529515","1.00","0","0"
"35745","79027330","84529515","1.00","0","0"
"35746","56038563","77473926","3.00","0","0"
"35747","81111105","77473926","2.00","0","0"
"35748","12117186","77473926","5.00","0","0"
"35749","42429115","77473926","2.00","0","0"
"35750","19960768","77473926","1.00","0","0"
"35751","56432696","77473926","1.00","0","0"
"35752","435321","77473926","2.00","0","0"
"35753","72383292","77473926","3.00","0","0"
"35754","84190889","77473926","5.00","0","0"
"35755","94853342","77473926","1.00","0","0"
"35756","53269955","77473926","3.00","0","0"
"35757","79027330","77473926","6.00","0","0"
"35758","56038563","53442767","7.00","1","0"
"35759","81111105","53442767","1.00","0","0"
"35760","12117186","53442767","5.00","0","0"
"35761","42429115","53442767","5.00","0","0"
"35762","19960768","53442767","2.00","0","0"
"35763","56432696","53442767","1.00","0","0"
"35764","435321","53442767","1.00","0","0"
"35765","72383292","53442767","1.00","0","0"
"35766","84190889","53442767","1.00","0","0"
"35767","94853342","53442767","5.00","0","0"
"35768","53269955","53442767","5.00","0","0"
"35769","79027330","53442767","2.00","0","0"
"35770","56038563","74363723","1.00","0","0"
"35771","81111105","74363723","1.00","0","0"
"35772","12117186","74363723","4.00","0","0"
"35773","42429115","74363723","3.00","0","0"
"35774","19960768","74363723","2.00","0","0"
"35775","56432696","74363723","4.00","0","0"
"35776","435321","74363723","4.00","0","0"
"35777","72383292","74363723","2.00","0","0"
"35778","84190889","74363723","3.00","0","0"
"35779","94853342","74363723","1.00","0","0"
"35780","53269955","74363723","6.00","0","0"
"35781","79027330","74363723","6.00","0","0"
"35782","56038563","64830853","1.00","0","0"
"35783","81111105","64830853","6.00","0","0"
"35784","12117186","64830853","2.00","0","0"
"35785","42429115","64830853","2.00","0","0"
"35786","19960768","64830853","3.00","0","0"
"35787","56432696","64830853","2.00","0","0"
"35788","435321","64830853","5.00","0","0"
"35789","72383292","64830853","6.00","0","0"
"35790","84190889","64830853","5.00","0","0"
"35791","94853342","64830853","5.00","0","0"
"35792","53269955","64830853","2.00","0","0"
"35793","79027330","64830853","2.00","0","0"
"35794","56038563","41603807","2.00","0","0"
"35795","81111105","41603807","4.00","0","0"
"35796","12117186","41603807","4.00","0","0"
"35797","42429115","41603807","6.00","0","0"
"35798","19960768","41603807","3.00","0","0"
"35799","56432696","41603807","3.00","0","0"
"35800","435321","41603807","4.00","0","0"
"35801","72383292","41603807","4.00","0","0"
"35802","84190889","41603807","6.00","0","0"
"35803","94853342","41603807","3.00","0","0"
"35804","53269955","41603807","2.00","0","0"
"35805","79027330","41603807","4.00","0","0"
"35806","56038563","31561187","3.00","0","0"
"35807","81111105","31561187","4.00","0","0"
"35808","12117186","31561187","3.00","0","0"
"35809","42429115","31561187","6.00","0","0"
"35810","19960768","31561187","4.00","0","0"
"35811","56432696","31561187","5.00","0","0"
"35812","435321","31561187","3.00","0","0"
"35813","72383292","31561187","3.00","0","0"
"35814","84190889","31561187","2.00","0","0"
"35815","94853342","31561187","3.00","0","0"
"35816","53269955","31561187","5.00","0","0"
"35817","79027330","31561187","5.00","0","0"
"35818","56038563","18767554","7.00","1","0"
"35819","81111105","18767554","6.00","0","0"
"35820","12117186","18767554","2.00","0","0"
"35821","42429115","18767554","4.00","0","0"
"35822","19960768","18767554","5.00","0","0"
"35823","56432696","18767554","3.00","0","0"
"35824","435321","18767554","5.00","0","0"
"35825","72383292","18767554","4.00","0","0"
"35826","84190889","18767554","2.00","0","0"
"35827","94853342","18767554","4.00","0","0"
"35828","53269955","18767554","4.00","0","0"
"35829","79027330","18767554","4.00","0","0"
"35830","56038563","29673695","5.00","0","0"
"35831","81111105","29673695","5.00","0","0"
"35832","12117186","29673695","6.00","0","0"
"35833","42429115","29673695","5.00","0","0"
"35834","19960768","29673695","5.00","0","0"
"35835","56432696","29673695","5.00","0","0"
"35836","435321","29673695","3.00","0","0"
"35837","72383292","29673695","5.00","0","0"
"35838","84190889","29673695","3.00","0","0"
"35839","94853342","29673695","2.00","0","0"
"35840","53269955","29673695","6.00","0","0"
"35841","79027330","29673695","3.00","0","0"
"35842","56038563","21267167","5.00","0","0"
"35843","81111105","21267167","3.00","0","0"
"35844","12117186","21267167","1.00","0","0"
"35845","42429115","21267167","3.00","0","0"
"35846","19960768","21267167","7.00","1","0"
"35847","56432696","21267167","6.00","0","0"
"35848","435321","21267167","6.00","0","0"
"35849","72383292","21267167","5.00","0","0"
"35850","84190889","21267167","4.00","0","0"
"35851","94853342","21267167","6.00","0","0"
"35852","53269955","21267167","4.00","0","0"
"35853","79027330","21267167","5.00","0","0"
"35854","56038563","79672628","4.00","0","0"
"35855","81111105","79672628","5.00","0","0"
"35856","12117186","79672628","6.00","0","0"
"35857","42429115","79672628","1.00","0","0"
"35858","19960768","79672628","6.00","0","0"
"35859","56432696","79672628","6.00","0","0"
"35860","435321","79672628","6.00","0","0"
"35861","72383292","79672628","6.00","0","0"
"35862","84190889","79672628","6.00","0","0"
"35863","94853342","79672628","6.00","0","0"
"35864","53269955","79672628","3.00","0","0"
"35865","79027330","79672628","3.00","0","0"
"35866","45863347","57461405","1.00","0","0"
"35867","58787436","57461405","3.00","0","0"
"35868","76772552","57461405","2.00","0","0"
"35869","71734306","57461405","1.00","0","0"
"35870","13050985","57461405","1.00","0","0"
"35871","45426403","57461405","3.00","0","0"
"35872","83451179","57461405","4.00","0","0"
"35873","87764027","57461405","2.00","0","0"
"35874","2623359","57461405","1.00","0","0"
"35875","63404461","57461405","2.00","0","0"
"35876","45863347","77473926","4.00","0","0"
"35877","58787436","77473926","10.00","1","0"
"35878","76772552","77473926","1.00","0","0"
"35879","71734306","77473926","2.00","0","0"
"35880","13050985","77473926","4.00","0","0"
"35881","45426403","77473926","1.00","0","0"
"35882","83451179","77473926","1.00","0","0"
"35883","87764027","77473926","3.00","0","0"
"35884","2623359","77473926","1.00","0","0"
"35885","63404461","77473926","3.00","0","0"
"35886","45863347","29673695","1.00","0","0"
"35887","58787436","29673695","1.00","0","0"
"35888","76772552","29673695","2.00","0","0"
"35889","71734306","29673695","4.00","0","0"
"35890","13050985","29673695","2.00","0","0"
"35891","45426403","29673695","1.00","0","0"
"35892","83451179","29673695","5.00","0","0"
"35893","87764027","29673695","6.00","0","0"
"35894","2623359","29673695","7.00","0","0"
"35895","63404461","29673695","2.00","0","0"
"35896","45863347","53442767","2.00","0","0"
"35897","58787436","53442767","1.00","0","0"
"35898","76772552","53442767","5.00","0","0"
"35899","71734306","53442767","5.00","0","0"
"35900","13050985","53442767","6.00","0","0"
"35901","45426403","53442767","5.00","0","0"
"35902","83451179","53442767","2.00","0","0"
"35903","87764027","53442767","1.00","0","0"
"35904","2623359","53442767","3.00","0","0"
"35905","63404461","53442767","1.00","0","0"
"35906","45863347","3343985","4.00","0","0"
"35907","58787436","3343985","2.00","0","0"
"35908","76772552","3343985","1.00","0","0"
"35909","71734306","3343985","3.00","0","0"
"35910","13050985","3343985","2.00","0","0"
"35911","45426403","3343985","2.00","0","0"
"35912","83451179","3343985","4.00","0","0"
"35913","87764027","3343985","4.00","0","0"
"35914","2623359","3343985","4.00","0","0"
"35915","63404461","3343985","5.00","0","0"
"35916","45863347","84529515","5.00","0","0"
"35917","58787436","84529515","4.00","0","0"
"35918","76772552","84529515","6.00","0","0"
"35919","71734306","84529515","3.00","0","0"
"35920","13050985","84529515","4.00","0","0"
"35921","45426403","84529515","3.00","0","0"
"35922","83451179","84529515","1.00","0","0"
"35923","87764027","84529515","4.00","0","0"
"35924","2623359","84529515","2.00","0","0"
"35925","63404461","84529515","4.00","0","0"
"35926","45863347","74363723","6.00","0","0"
"35927","58787436","74363723","5.00","0","0"
"35928","76772552","74363723","3.00","0","0"
"35929","71734306","74363723","2.00","0","0"
"35930","13050985","74363723","3.00","0","0"
"35931","45426403","74363723","4.00","0","0"
"35932","83451179","74363723","2.00","0","0"
"35933","87764027","74363723","7.00","0","0"
"35934","2623359","74363723","4.00","0","0"
"35935","63404461","74363723","1.00","0","0"
"35936","45863347","18767554","2.00","0","0"
"35937","58787436","18767554","2.00","0","0"
"35938","76772552","18767554","4.00","0","0"
"35939","71734306","18767554","8.00","0","0"
"35940","13050985","18767554","8.00","0","0"
"35941","45426403","18767554","2.00","0","0"
"35942","83451179","18767554","3.80","0","0"
"35943","87764027","18767554","1.00","0","0"
"35944","2623359","18767554","5.00","0","0"
"35945","63404461","18767554","7.00","0","0"
"35946","45863347","31561187","6.00","0","0"
"35947","58787436","31561187","5.00","0","0"
"35948","76772552","31561187","4.00","0","0"
"35949","71734306","31561187","1.00","0","0"
"35950","13050985","31561187","9.00","0","0"
"35951","45426403","31561187","8.00","0","0"
"35952","83451179","31561187","5.00","0","0"
"35953","87764027","31561187","2.00","0","0"
"35954","2623359","31561187","2.00","0","0"
"35955","63404461","31561187","3.00","0","0"
"35956","45863347","21267167","8.00","0","0"
"35957","58787436","21267167","4.00","0","0"
"35958","76772552","21267167","8.00","0","0"
"35959","71734306","21267167","4.00","0","0"
"35960","13050985","21267167","3.00","0","0"
"35961","45426403","21267167","5.00","0","0"
"35962","83451179","21267167","8.00","0","0"
"35963","87764027","21267167","5.00","0","0"
"35964","2623359","21267167","3.00","0","0"
"35965","63404461","21267167","6.00","0","0"
"35966","45863347","64521030","7.00","0","0"
"35967","58787436","64521030","6.00","0","0"
"35968","76772552","64521030","3.00","0","0"
"35969","71734306","64521030","5.00","0","0"
"35970","13050985","64521030","7.00","0","0"
"35971","45426403","64521030","6.00","0","0"
"35972","83451179","64521030","7.00","0","0"
"35973","87764027","64521030","6.00","0","0"
"35974","2623359","64521030","9.00","0","0"
"35975","63404461","64521030","4.00","0","0"
"35976","45863347","23628341","9.00","0","0"
"35977","58787436","23628341","9.00","0","0"
"35978","76772552","23628341","5.00","0","0"
"35979","71734306","23628341","6.00","0","0"
"35980","13050985","23628341","1.00","0","0"
"35981","45426403","23628341","9.00","0","0"
"35982","83451179","23628341","6.00","0","0"
"35983","87764027","23628341","5.00","0","0"
"35984","2623359","23628341","6.00","0","0"
"35985","63404461","23628341","5.00","0","0"
"35986","45863347","38352842","3.00","0","0"
"35987","58787436","38352842","8.00","0","0"
"35988","76772552","38352842","9.00","0","0"
"35989","71734306","38352842","7.00","0","0"
"35990","13050985","38352842","6.00","0","0"
"35991","45426403","38352842","8.00","0","0"
"35992","83451179","38352842","3.00","0","0"
"35993","87764027","38352842","3.00","0","0"
"35994","2623359","38352842","8.00","0","0"
"35995","63404461","38352842","8.00","0","0"
"35996","45863347","97519162","8.00","0","0"
"35997","58787436","97519162","7.00","0","0"
"35998","76772552","97519162","6.00","0","0"
"35999","71734306","97519162","7.00","0","0"
"36000","13050985","97519162","8.00","0","0"
"36001","45426403","97519162","4.00","0","0"
"36002","83451179","97519162","3.00","0","0"
"36003","87764027","97519162","8.00","0","0"
"36004","2623359","97519162","7.00","0","0"
"36005","63404461","97519162","9.00","0","0"
"36006","45863347","64830853","10.00","1","0"
"36007","58787436","64830853","7.00","0","0"
"36008","76772552","64830853","9.00","0","0"
"36009","71734306","64830853","6.00","0","0"
"36010","13050985","64830853","5.00","0","0"
"36011","45426403","64830853","7.00","0","0"
"36012","83451179","64830853","6.00","0","0"
"36013","87764027","64830853","10.00","1","0"
"36014","2623359","64830853","5.00","0","0"
"36015","63404461","64830853","6.00","0","0"
"36016","45863347","35887754","3.00","0","0"
"36017","58787436","35887754","3.00","0","0"
"36018","76772552","35887754","8.00","0","0"
"36019","71734306","35887754","10.00","1","0"
"36020","13050985","35887754","7.00","0","0"
"36021","45426403","35887754","7.00","0","0"
"36022","83451179","35887754","9.00","0","0"
"36023","87764027","35887754","8.00","0","0"
"36024","2623359","35887754","8.00","0","0"
"36025","63404461","35887754","9.00","0","0"
"36026","45863347","9816690","5.00","0","0"
"36027","58787436","9816690","6.00","0","0"
"36028","76772552","9816690","7.00","0","0"
"36029","71734306","9816690","8.00","0","0"
"36030","13050985","9816690","9.00","0","0"
"36031","45426403","9816690","6.00","0","0"
"36032","83451179","9816690","7.00","0","0"
"36033","87764027","9816690","9.00","0","0"
"36034","2623359","9816690","10.00","1","0"
"36035","63404461","9816690","7.00","0","0"
"36036","45863347","20708529","7.00","0","0"
"36037","58787436","20708529","8.00","0","0"
"36038","76772552","20708529","7.00","0","0"
"36039","71734306","20708529","9.00","0","0"
"36040","13050985","20708529","5.00","0","0"
"36041","45426403","20708529","9.00","0","0"
"36042","83451179","20708529","8.00","0","0"
"36043","87764027","20708529","7.00","0","0"
"36044","2623359","20708529","6.00","0","0"
"36045","63404461","20708529","8.00","0","0"
"36046","23846983","29673695","6.00","0","0"
"36047","39095089","29673695","2.00","0","0"
"36048","13280477","29673695","1.00","0","0"
"36049","99809963","29673695","1.00","0","0"
"36050","91122220","29673695","5.00","0","0"
"36051","94290355","29673695","1.00","0","0"
"36052","55096754","29673695","1.00","0","0"
"36053","37704924","29673695","3.00","0","0"
"36054","96377437","29673695","3.00","0","0"
"36055","99155830","29673695","1.00","0","0"
"36056","28856080","29673695","5.00","0","0"
"36057","25083360","29673695","3.00","0","0"
"36058","65494525","29673695","3.00","0","0"
"36059","23846983","57461405","7.00","0","0"
"36060","39095089","57461405","1.00","0","0"
"36061","13280477","57461405","2.00","0","0"
"36062","99809963","57461405","6.00","0","0"
"36063","91122220","57461405","3.00","0","0"
"36064","94290355","57461405","10.00","1","0"
"36065","55096754","57461405","1.00","0","0"
"36066","37704924","57461405","2.00","0","0"
"36067","96377437","57461405","5.00","0","0"
"36068","99155830","57461405","3.00","0","0"
"36069","28856080","57461405","3.00","0","0"
"36070","25083360","57461405","2.00","0","0"
"36071","65494525","57461405","3.00","0","0"
"36072","23846983","31561187","5.00","0","0"
"36073","39095089","31561187","3.00","0","0"
"36074","13280477","31561187","1.00","0","0"
"36075","99809963","31561187","5.00","0","0"
"36076","91122220","31561187","4.00","0","0"
"36077","94290355","31561187","1.00","0","0"
"36078","55096754","31561187","4.00","0","0"
"36079","37704924","31561187","1.00","0","0"
"36080","96377437","31561187","7.00","0","0"
"36081","99155830","31561187","5.00","0","0"
"36082","28856080","31561187","4.00","0","0"
"36083","25083360","31561187","3.00","0","0"
"36084","65494525","31561187","1.00","0","0"
"36085","23846983","77473926","2.00","0","0"
"36086","39095089","77473926","1.00","0","0"
"36087","13280477","77473926","3.00","0","0"
"36088","99809963","77473926","6.00","0","0"
"36089","91122220","77473926","2.00","0","0"
"36090","94290355","77473926","7.00","0","0"
"36091","55096754","77473926","3.00","0","0"
"36092","37704924","77473926","5.00","0","0"
"36093","96377437","77473926","1.00","0","0"
"36094","99155830","77473926","2.00","0","0"
"36095","28856080","77473926","1.00","0","0"
"36096","25083360","77473926","5.00","0","0"
"36097","65494525","77473926","7.00","0","0"
"36098","23846983","18767554","1.00","0","0"
"36099","39095089","18767554","2.00","0","0"
"36100","13280477","18767554","5.00","0","0"
"36101","99809963","18767554","2.00","0","0"
"36102","91122220","18767554","6.00","0","0"
"36103","94290355","18767554","4.00","0","0"
"36104","55096754","18767554","7.00","0","0"
"36105","37704924","18767554","3.00","0","0"
"36106","96377437","18767554","2.00","0","0"
"36107","99155830","18767554","6.00","0","0"
"36108","28856080","18767554","3.00","0","0"
"36109","25083360","18767554","7.00","0","0"
"36110","65494525","18767554","2.00","0","0"
"36111","23846983","97519162","3.00","0","0"
"36112","39095089","97519162","7.00","0","0"
"36113","13280477","97519162","8.00","0","0"
"36114","99809963","97519162","3.00","0","0"
"36115","91122220","97519162","7.00","0","0"
"36116","94290355","97519162","3.00","0","0"
"36117","55096754","97519162","6.00","0","0"
"36118","37704924","97519162","4.00","0","0"
"36119","96377437","97519162","1.00","0","0"
"36120","99155830","97519162","1.00","0","0"
"36121","28856080","97519162","1.00","0","0"
"36122","25083360","97519162","2.00","0","0"
"36123","65494525","97519162","5.00","0","0"
"36124","23846983","84529515","3.00","0","0"
"36125","39095089","84529515","3.00","0","0"
"36126","13280477","84529515","6.00","0","0"
"36127","99809963","84529515","3.00","0","0"
"36128","91122220","84529515","1.00","0","0"
"36129","94290355","84529515","5.00","0","0"
"36130","55096754","84529515","5.00","0","0"
"36131","37704924","84529515","2.00","0","0"
"36132","96377437","84529515","5.00","0","0"
"36133","99155830","84529515","2.00","0","0"
"36134","28856080","84529515","8.00","0","0"
"36135","25083360","84529515","5.00","0","0"
"36136","65494525","84529515","5.00","0","0"
"36137","23846983","53442767","8.00","0","0"
"36138","39095089","53442767","8.00","0","0"
"36139","13280477","53442767","4.00","0","0"
"36140","99809963","53442767","8.00","0","0"
"36141","91122220","53442767","2.00","0","0"
"36142","94290355","53442767","2.00","0","0"
"36143","55096754","53442767","4.00","0","0"
"36144","37704924","53442767","1.00","0","0"
"36145","96377437","53442767","4.00","0","0"
"36146","99155830","53442767","4.00","0","0"
"36147","28856080","53442767","5.00","0","0"
"36148","25083360","53442767","1.00","0","0"
"36149","65494525","53442767","4.00","0","0"
"36150","23846983","3343985","9.00","0","0"
"36151","39095089","3343985","7.00","0","0"
"36152","13280477","3343985","5.00","0","0"
"36153","99809963","3343985","2.00","0","0"
"36154","91122220","3343985","6.00","0","0"
"36155","94290355","3343985","2.00","0","0"
"36156","55096754","3343985","2.00","0","0"
"36157","37704924","3343985","4.00","0","0"
"36158","96377437","3343985","9.00","0","0"
"36159","99155830","3343985","9.00","0","0"
"36160","28856080","3343985","2.00","0","0"
"36161","25083360","3343985","1.00","0","0"
"36162","65494525","3343985","1.00","0","0"
"36163","23846983","21267167","1.00","0","0"
"36164","39095089","21267167","4.00","0","0"
"36165","13280477","21267167","6.00","0","0"
"36166","99809963","21267167","4.00","0","0"
"36167","91122220","21267167","1.00","0","0"
"36168","94290355","21267167","7.00","0","0"
"36169","55096754","21267167","2.00","0","0"
"36170","37704924","21267167","8.00","0","0"
"36171","96377437","21267167","3.00","0","0"
"36172","99155830","21267167","6.00","0","0"
"36173","28856080","21267167","6.00","0","0"
"36174","25083360","21267167","8.00","0","0"
"36175","65494525","21267167","4.00","0","0"
"36176","23846983","35887754","2.00","0","0"
"36177","39095089","35887754","5.00","0","0"
"36178","13280477","35887754","2.00","0","0"
"36179","99809963","35887754","1.00","0","0"
"36180","91122220","35887754","10.00","1","0"
"36181","94290355","35887754","8.00","0","0"
"36182","55096754","35887754","6.00","0","0"
"36183","37704924","35887754","8.00","0","0"
"36184","96377437","35887754","8.00","0","0"
"36185","99155830","35887754","4.00","0","0"
"36186","28856080","35887754","2.00","0","0"
"36187","25083360","35887754","6.00","0","0"
"36188","65494525","35887754","2.00","0","0"
"36189","23846983","74363723","4.00","0","0"
"36190","39095089","74363723","6.00","0","0"
"36191","13280477","74363723","4.00","0","0"
"36192","99809963","74363723","4.00","0","0"
"36193","91122220","74363723","4.00","0","0"
"36194","94290355","74363723","6.00","0","0"
"36195","55096754","74363723","3.00","0","0"
"36196","37704924","74363723","9.00","0","0"
"36197","96377437","74363723","2.00","0","0"
"36198","99155830","74363723","8.00","0","0"
"36199","28856080","74363723","7.00","0","0"
"36200","25083360","74363723","7.00","0","0"
"36201","65494525","74363723","6.00","0","0"
"36202","23846983","9816690","5.00","0","0"
"36203","39095089","9816690","6.00","0","0"
"36204","13280477","9816690","3.00","0","0"
"36205","99809963","9816690","9.00","0","0"
"36206","91122220","9816690","5.00","0","0"
"36207","94290355","9816690","5.00","0","0"
"36208","55096754","9816690","8.00","0","0"
"36209","37704924","9816690","6.00","0","0"
"36210","96377437","9816690","6.00","0","0"
"36211","99155830","9816690","7.00","0","0"
"36212","28856080","9816690","4.00","0","0"
"36213","25083360","9816690","6.00","0","0"
"36214","65494525","9816690","8.00","0","0"
"36215","23846983","38352842","4.00","0","0"
"36216","39095089","38352842","4.00","0","0"
"36217","13280477","38352842","9.00","0","0"
"36218","99809963","38352842","5.00","0","0"
"36219","91122220","38352842","3.00","0","0"
"36220","94290355","38352842","8.00","0","0"
"36221","55096754","38352842","9.00","0","0"
"36222","37704924","38352842","5.00","0","0"
"36223","96377437","38352842","9.00","0","0"
"36224","99155830","38352842","3.00","0","0"
"36225","28856080","38352842","6.00","0","0"
"36226","25083360","38352842","9.00","0","0"
"36227","65494525","38352842","9.00","0","0"
"36228","23846983","64521030","8.00","0","0"
"36229","39095089","64521030","5.00","0","0"
"36230","13280477","64521030","7.00","0","0"
"36231","99809963","64521030","9.00","0","0"
"36232","91122220","64521030","8.00","0","0"
"36233","94290355","64521030","10.00","1","0"
"36234","55096754","64521030","5.00","0","0"
"36235","37704924","64521030","7.00","0","0"
"36236","96377437","64521030","7.00","0","0"
"36237","99155830","64521030","5.00","0","0"
"36238","28856080","64521030","7.00","0","0"
"36239","25083360","64521030","4.00","0","0"
"36240","65494525","64521030","9.00","0","0"
"36241","23846983","64830853","7.00","0","0"
"36242","39095089","64830853","9.00","0","0"
"36243","13280477","64830853","9.00","0","0"
"36244","99809963","64830853","7.00","0","0"
"36245","91122220","64830853","8.00","0","0"
"36246","94290355","64830853","6.00","0","0"
"36247","55096754","64830853","7.00","0","0"
"36248","37704924","64830853","6.00","0","0"
"36249","96377437","64830853","8.00","0","0"
"36250","99155830","64830853","8.00","0","0"
"36251","28856080","64830853","8.00","0","0"
"36252","25083360","64830853","4.00","0","0"
"36253","65494525","64830853","7.00","0","0"
"36254","23846983","20708529","6.00","0","0"
"36255","39095089","20708529","8.00","0","0"
"36256","13280477","20708529","7.00","0","0"
"36257","99809963","20708529","7.00","0","0"
"36258","91122220","20708529","7.00","0","0"
"36259","94290355","20708529","10.00","1","0"
"36260","55096754","20708529","9.00","0","0"
"36261","37704924","20708529","7.00","0","0"
"36262","96377437","20708529","6.00","0","0"
"36263","99155830","20708529","7.00","0","0"
"36264","28856080","20708529","9.00","0","0"
"36265","25083360","20708529","10.00","1","0"
"36266","65494525","20708529","6.00","0","0"
"36267","23846983","23628341","9.00","0","0"
"36268","39095089","23628341","9.00","0","0"
"36269","13280477","23628341","8.00","0","0"
"36270","99809963","23628341","8.00","0","0"
"36271","91122220","23628341","9.00","0","0"
"36272","94290355","23628341","4.00","0","0"
"36273","55096754","23628341","8.00","0","0"
"36274","37704924","23628341","9.00","0","0"
"36275","96377437","23628341","4.00","0","0"
"36276","99155830","23628341","9.00","0","0"
"36277","28856080","23628341","9.00","0","0"
"36278","25083360","23628341","8.00","0","0"
"36279","65494525","23628341","8.00","0","0"
"36280","55359242","77473926","1.00","0","0"
"36281","74285217","77473926","4.00","0","0"
"36282","94153857","77473926","1.00","0","0"
"36283","91977953","77473926","1.00","0","0"
"36284","79874853","77473926","1.00","0","0"
"36285","13710943","77473926","3.00","0","0"
"36286","68487873","77473926","5.00","0","0"
"36287","97675480","77473926","4.00","0","0"
"36288","31660026","77473926","3.00","0","0"
"36289","50603783","77473926","1.00","0","0"
"36290","70358065","77473926","2.00","0","0"
"36291","64902026","77473926","1.00","0","0"
"36292","4048836","77473926","2.00","0","0"
"36293","66696486","77473926","1.00","0","0"
"36294","55359242","57461405","1.00","0","0"
"36295","74285217","57461405","3.00","0","0"
"36296","94153857","57461405","2.00","0","0"
"36297","91977953","57461405","5.00","0","0"
"36298","79874853","57461405","4.00","0","0"
"36299","13710943","57461405","6.00","0","0"
"36300","68487873","57461405","3.00","0","0"
"36301","97675480","57461405","1.00","0","0"
"36302","31660026","57461405","1.00","0","0"
"36303","50603783","57461405","1.00","0","0"
"36304","70358065","57461405","1.00","0","0"
"36305","64902026","57461405","2.00","0","0"
"36306","4048836","57461405","1.00","0","0"
"36307","66696486","57461405","1.00","0","0"
"36308","55359242","31561187","7.00","0","0"
"36309","74285217","31561187","1.00","0","0"
"36310","94153857","31561187","4.00","0","0"
"36311","91977953","31561187","2.00","0","0"
"36312","79874853","31561187","5.00","0","0"
"36313","13710943","31561187","3.00","0","0"
"36314","68487873","31561187","6.00","0","0"
"36315","97675480","31561187","1.00","0","0"
"36316","31660026","31561187","6.00","0","0"
"36317","50603783","31561187","3.00","0","0"
"36318","70358065","31561187","1.00","0","0"
"36319","64902026","31561187","5.00","0","0"
"36320","4048836","31561187","6.00","0","0"
"36321","66696486","31561187","4.00","0","0"
"36322","55359242","53442767","2.00","0","0"
"36323","74285217","53442767","2.00","0","0"
"36324","94153857","53442767","9.00","0","0"
"36325","91977953","53442767","1.00","0","0"
"36326","79874853","53442767","6.00","0","0"
"36327","13710943","53442767","5.00","0","0"
"36328","68487873","53442767","5.00","0","0"
"36329","97675480","53442767","5.00","0","0"
"36330","31660026","53442767","8.00","0","0"
"36331","50603783","53442767","4.00","0","0"
"36332","70358065","53442767","4.00","0","0"
"36333","64902026","53442767","2.00","0","0"
"36334","4048836","53442767","2.00","0","0"
"36335","66696486","53442767","2.00","0","0"
"36336","55359242","29673695","5.00","0","0"
"36337","74285217","29673695","7.00","0","0"
"36338","94153857","29673695","3.00","0","0"
"36339","91977953","29673695","4.00","0","0"
"36340","79874853","29673695","5.00","0","0"
"36341","13710943","29673695","1.00","0","0"
"36342","68487873","29673695","4.00","0","0"
"36343","97675480","29673695","4.00","0","0"
"36344","31660026","29673695","5.00","0","0"
"36345","50603783","29673695","10.00","1","0"
"36346","70358065","29673695","6.00","0","0"
"36347","64902026","29673695","1.00","0","0"
"36348","4048836","29673695","1.00","0","0"
"36349","66696486","29673695","2.00","0","0"
"36350","55359242","74363723","6.00","0","0"
"36351","74285217","74363723","6.00","0","0"
"36352","94153857","74363723","5.00","0","0"
"36353","91977953","74363723","3.00","0","0"
"36354","79874853","74363723","8.00","0","0"
"36355","13710943","74363723","5.00","0","0"
"36356","68487873","74363723","3.00","0","0"
"36357","97675480","74363723","3.00","0","0"
"36358","31660026","74363723","1.00","0","0"
"36359","50603783","74363723","2.00","0","0"
"36360","70358065","74363723","3.00","0","0"
"36361","64902026","74363723","3.00","0","0"
"36362","4048836","74363723","6.00","0","0"
"36363","66696486","74363723","4.00","0","0"
"36364","55359242","18767554","3.00","0","0"
"36365","74285217","18767554","2.00","0","0"
"36366","94153857","18767554","7.00","0","0"
"36367","91977953","18767554","4.00","0","0"
"36368","79874853","18767554","1.00","0","0"
"36369","13710943","18767554","1.00","0","0"
"36370","68487873","18767554","4.00","0","0"
"36371","97675480","18767554","2.00","0","0"
"36372","31660026","18767554","4.00","0","0"
"36373","50603783","18767554","6.00","0","0"
"36374","70358065","18767554","7.00","0","0"
"36375","64902026","18767554","3.00","0","0"
"36376","4048836","18767554","7.00","0","0"
"36377","66696486","18767554","10.00","1","0"
"36378","55359242","3343985","8.00","0","0"
"36379","74285217","3343985","1.00","0","0"
"36380","94153857","3343985","4.00","0","0"
"36381","91977953","3343985","8.00","0","0"
"36382","79874853","3343985","2.00","0","0"
"36383","13710943","3343985","2.00","0","0"
"36384","68487873","3343985","2.00","0","0"
"36385","97675480","3343985","2.00","0","0"
"36386","31660026","3343985","3.00","0","0"
"36387","50603783","3343985","2.00","0","0"
"36388","70358065","3343985","3.00","0","0"
"36389","64902026","3343985","10.00","1","0"
"36390","4048836","3343985","8.00","0","0"
"36391","66696486","3343985","7.00","0","0"
"36392","55359242","23628341","7.00","0","0"
"36393","74285217","23628341","3.00","0","0"
"36394","94153857","23628341","2.00","0","0"
"36395","91977953","23628341","6.00","0","0"
"36396","79874853","23628341","3.00","0","0"
"36397","13710943","23628341","7.00","0","0"
"36398","68487873","23628341","1.00","0","0"
"36399","97675480","23628341","8.00","0","0"
"36400","31660026","23628341","2.00","0","0"
"36401","50603783","23628341","8.00","0","0"
"36402","70358065","23628341","4.00","0","0"
"36403","64902026","23628341","8.00","0","0"
"36404","4048836","23628341","5.00","0","0"
"36405","66696486","23628341","3.00","0","0"
"36406","55359242","21267167","9.00","0","0"
"36407","74285217","21267167","5.00","0","0"
"36408","94153857","21267167","6.00","0","0"
"36409","91977953","21267167","8.00","0","0"
"36410","79874853","21267167","2.00","0","0"
"36411","13710943","21267167","7.00","0","0"
"36412","68487873","21267167","2.00","0","0"
"36413","97675480","21267167","3.00","0","0"
"36414","31660026","21267167","6.00","0","0"
"36415","50603783","21267167","6.00","0","0"
"36416","70358065","21267167","8.00","0","0"
"36417","64902026","21267167","4.00","0","0"
"36418","4048836","21267167","4.00","0","0"
"36419","66696486","21267167","5.00","0","0"
"36420","55359242","38352842","6.00","0","0"
"36421","74285217","38352842","5.00","0","0"
"36422","94153857","38352842","1.00","0","0"
"36423","91977953","38352842","2.00","0","0"
"36424","79874853","38352842","9.00","0","0"
"36425","13710943","38352842","10.00","1","0"
"36426","68487873","38352842","9.00","0","0"
"36427","97675480","38352842","4.00","0","0"
"36428","31660026","38352842","5.00","0","0"
"36429","50603783","38352842","7.00","0","0"
"36430","70358065","38352842","5.00","0","0"
"36431","64902026","38352842","4.00","0","0"
"36432","4048836","38352842","5.00","0","0"
"36433","66696486","38352842","8.00","0","0"
"36434","55359242","35887754","2.00","0","0"
"36435","74285217","35887754","6.00","0","0"
"36436","94153857","35887754","3.00","0","0"
"36437","91977953","35887754","7.00","0","0"
"36438","79874853","35887754","3.00","0","0"
"36439","13710943","35887754","8.00","0","0"
"36440","68487873","35887754","10.00","1","0"
"36441","97675480","35887754","8.00","0","0"
"36442","31660026","35887754","2.00","0","0"
"36443","50603783","35887754","9.00","0","0"
"36444","70358065","35887754","5.00","0","0"
"36445","64902026","35887754","6.00","0","0"
"36446","4048836","35887754","3.00","0","0"
"36447","66696486","35887754","8.00","0","0"
"36448","55359242","9816690","4.00","0","0"
"36449","74285217","9816690","9.00","0","0"
"36450","94153857","9816690","6.00","0","0"
"36451","91977953","9816690","6.00","0","0"
"36452","79874853","9816690","4.00","0","0"
"36453","13710943","9816690","4.00","0","0"
"36454","68487873","9816690","8.00","0","0"
"36455","97675480","9816690","7.00","0","0"
"36456","31660026","9816690","7.00","0","0"
"36457","50603783","9816690","5.00","0","0"
"36458","70358065","9816690","6.00","0","0"
"36459","64902026","9816690","6.00","0","0"
"36460","4048836","9816690","3.00","0","0"
"36461","66696486","9816690","5.00","0","0"
"36462","55359242","20708529","3.00","0","0"
"36463","74285217","20708529","4.00","0","0"
"36464","94153857","20708529","7.00","0","0"
"36465","91977953","20708529","9.00","0","0"
"36466","79874853","20708529","8.00","0","0"
"36467","13710943","20708529","2.00","0","0"
"36468","68487873","20708529","7.00","0","0"
"36469","97675480","20708529","7.00","0","0"
"36470","31660026","20708529","4.00","0","0"
"36471","50603783","20708529","7.00","0","0"
"36472","70358065","20708529","2.00","0","0"
"36473","64902026","20708529","9.00","0","0"
"36474","4048836","20708529","8.00","0","0"
"36475","66696486","20708529","7.00","0","0"
"36476","55359242","97519162","4.00","0","0"
"36477","74285217","97519162","10.00","1","0"
"36478","94153857","97519162","8.00","0","0"
"36479","91977953","97519162","5.00","0","0"
"36480","79874853","97519162","7.00","0","0"
"36481","13710943","97519162","4.00","0","0"
"36482","68487873","97519162","1.00","0","0"
"36483","97675480","97519162","6.00","0","0"
"36484","31660026","97519162","8.00","0","0"
"36485","50603783","97519162","5.00","0","0"
"36486","70358065","97519162","9.00","0","0"
"36487","64902026","97519162","7.00","0","0"
"36488","4048836","97519162","9.00","0","0"
"36489","66696486","97519162","3.00","0","0"
"36490","55359242","64830853","8.00","0","0"
"36491","74285217","64830853","8.00","0","0"
"36492","94153857","64830853","8.00","0","0"
"36493","91977953","64830853","3.00","0","0"
"36494","79874853","64830853","6.00","0","0"
"36495","13710943","64830853","6.00","0","0"
"36496","68487873","64830853","6.00","0","0"
"36497","97675480","64830853","5.00","0","0"
"36498","31660026","64830853","9.00","0","0"
"36499","50603783","64830853","4.00","0","0"
"36500","70358065","64830853","7.00","0","0"
"36501","64902026","64830853","5.00","0","0"
"36502","4048836","64830853","7.00","0","0"
"36503","66696486","64830853","6.00","0","0"
"36504","55359242","64521030","5.00","0","0"
"36505","74285217","64521030","7.00","0","0"
"36506","94153857","64521030","5.00","0","0"
"36507","91977953","64521030","7.00","0","0"
"36508","79874853","64521030","7.00","0","0"
"36509","13710943","64521030","8.00","0","0"
"36510","68487873","64521030","7.00","0","0"
"36511","97675480","64521030","9.00","0","0"
"36512","31660026","64521030","7.00","0","0"
"36513","50603783","64521030","3.00","0","0"
"36514","70358065","64521030","8.00","0","0"
"36515","64902026","64521030","7.00","0","0"
"36516","4048836","64521030","4.00","0","0"
"36517","66696486","64521030","6.00","0","0"
"36518","55359242","84529515","10.00","1","0"
"36519","74285217","84529515","10.00","1","0"
"36520","94153857","84529515","10.00","1","0"
"36521","91977953","84529515","10.00","1","0"
"36522","79874853","84529515","10.00","1","0"
"36523","13710943","84529515","10.00","1","0"
"36524","68487873","84529515","10.00","1","0"
"36525","97675480","84529515","10.00","1","0"
"36526","31660026","84529515","10.00","1","0"
"36527","50603783","84529515","10.00","1","0"
"36528","70358065","84529515","10.00","1","0"
"36529","64902026","84529515","10.00","1","0"
"36530","4048836","84529515","10.00","1","0"
"36531","66696486","84529515","10.00","1","0"
"36532","58228814","77473926","3.00","0","0"
"36533","2840417","77473926","1.00","0","0"
"36534","49107214","77473926","1.00","0","0"
"36535","92470224","77473926","3.00","0","0"
"36536","11574814","77473926","4.00","0","0"
"36537","14237237","77473926","4.00","0","0"
"36538","74910072","77473926","1.00","0","0"
"36539","92509040","77473926","7.00","0","0"
"36540","50246740","77473926","6.00","0","0"
"36541","96295495","77473926","3.00","0","0"
"36542","13624905","77473926","1.00","0","0"
"36543","72486635","77473926","2.00","0","0"
"36544","64731294","77473926","3.00","0","0"
"36545","1341423","77473926","4.00","0","0"
"36546","23700310","77473926","4.00","0","0"
"36547","58228814","31561187","5.00","0","0"
"36548","2840417","31561187","2.00","0","0"
"36549","49107214","31561187","3.00","0","0"
"36550","92470224","31561187","4.00","0","0"
"36551","11574814","31561187","1.00","0","0"
"36552","14237237","31561187","6.00","0","0"
"36553","74910072","31561187","3.00","0","0"
"36554","92509040","31561187","1.00","0","0"
"36555","50246740","31561187","3.00","0","0"
"36556","96295495","31561187","2.00","0","0"
"36557","13624905","31561187","3.00","0","0"
"36558","72486635","31561187","3.00","0","0"
"36559","64731294","31561187","2.00","0","0"
"36560","1341423","31561187","5.00","0","0"
"36561","23700310","31561187","5.00","0","0"
"36562","58228814","23628341","3.00","0","0"
"36563","2840417","23628341","3.00","0","0"
"36564","49107214","23628341","5.00","0","0"
"36565","92470224","23628341","3.00","0","0"
"36566","11574814","23628341","6.00","0","0"
"36567","14237237","23628341","2.00","0","0"
"36568","74910072","23628341","1.00","0","0"
"36569","92509040","23628341","4.00","0","0"
"36570","50246740","23628341","1.00","0","0"
"36571","96295495","23628341","1.00","0","0"
"36572","13624905","23628341","4.00","0","0"
"36573","72486635","23628341","8.00","0","0"
"36574","64731294","23628341","5.00","0","0"
"36575","1341423","23628341","1.00","0","0"
"36576","23700310","23628341","2.00","0","0"
"36577","58228814","57461405","2.00","0","0"
"36578","2840417","57461405","5.00","0","0"
"36579","49107214","57461405","1.00","0","0"
"36580","92470224","57461405","1.00","0","0"
"36581","11574814","57461405","1.00","0","0"
"36582","14237237","57461405","2.00","0","0"
"36583","74910072","57461405","2.00","0","0"
"36584","92509040","57461405","2.00","0","0"
"36585","50246740","57461405","1.00","0","0"
"36586","96295495","57461405","7.00","0","0"
"36587","13624905","57461405","7.00","0","0"
"36588","72486635","57461405","1.00","0","0"
"36589","64731294","57461405","1.00","0","0"
"36590","1341423","57461405","8.00","0","0"
"36591","23700310","57461405","10.00","1","0"
"36592","58228814","74363723","4.00","0","0"
"36593","2840417","74363723","4.00","0","0"
"36594","49107214","74363723","2.00","0","0"
"36595","92470224","74363723","4.00","0","0"
"36596","11574814","74363723","2.00","0","0"
"36597","14237237","74363723","6.00","0","0"
"36598","74910072","74363723","6.00","0","0"
"36599","92509040","74363723","5.00","0","0"
"36600","50246740","74363723","2.00","0","0"
"36601","96295495","74363723","1.00","0","0"
"36602","13624905","74363723","1.00","0","0"
"36603","72486635","74363723","1.00","0","0"
"36604","64731294","74363723","7.00","0","0"
"36605","1341423","74363723","4.00","0","0"
"36606","23700310","74363723","7.00","0","0"
"36607","58228814","35887754","7.00","0","0"
"36608","2840417","35887754","1.00","0","0"
"36609","49107214","35887754","7.00","0","0"
"36610","92470224","35887754","1.00","0","0"
"36611","11574814","35887754","3.00","0","0"
"36612","14237237","35887754","5.00","0","0"
"36613","74910072","35887754","2.00","0","0"
"36614","92509040","35887754","2.00","0","0"
"36615","50246740","35887754","2.00","0","0"
"36616","96295495","35887754","6.00","0","0"
"36617","13624905","35887754","2.00","0","0"
"36618","72486635","35887754","9.00","0","0"
"36619","64731294","35887754","4.00","0","0"
"36620","1341423","35887754","5.00","0","0"
"36621","23700310","35887754","1.00","0","0"
"36622","58228814","84529515","1.00","0","0"
"36623","2840417","84529515","3.00","0","0"
"36624","49107214","84529515","2.00","0","0"
"36625","92470224","84529515","2.00","0","0"
"36626","11574814","84529515","5.00","0","0"
"36627","14237237","84529515","7.00","0","0"
"36628","74910072","84529515","9.00","0","0"
"36629","92509040","84529515","3.00","0","0"
"36630","50246740","84529515","6.00","0","0"
"36631","96295495","84529515","7.00","0","0"
"36632","13624905","84529515","5.00","0","0"
"36633","72486635","84529515","6.00","0","0"
"36634","64731294","84529515","2.00","0","0"
"36635","1341423","84529515","3.00","0","0"
"36636","23700310","84529515","4.00","0","0"
"36637","58228814","3343985","9.00","0","0"
"36638","2840417","3343985","6.00","0","0"
"36639","49107214","3343985","9.00","0","0"
"36640","92470224","3343985","7.00","0","0"
"36641","11574814","3343985","4.00","0","0"
"36642","14237237","3343985","1.00","0","0"
"36643","74910072","3343985","5.00","0","0"
"36644","92509040","3343985","4.00","0","0"
"36645","50246740","3343985","3.00","0","0"
"36646","96295495","3343985","2.00","0","0"
"36647","13624905","3343985","4.00","0","0"
"36648","72486635","3343985","5.00","0","0"
"36649","64731294","3343985","3.00","0","0"
"36650","1341423","3343985","2.00","0","0"
"36651","23700310","3343985","3.00","0","0"
"36652","58228814","53442767","1.00","0","0"
"36653","2840417","53442767","5.00","0","0"
"36654","49107214","53442767","6.00","0","0"
"36655","92470224","53442767","6.00","0","0"
"36656","11574814","53442767","3.00","0","0"
"36657","14237237","53442767","8.00","0","0"
"36658","74910072","53442767","4.00","0","0"
"36659","92509040","53442767","8.00","0","0"
"36660","50246740","53442767","4.00","0","0"
"36661","96295495","53442767","4.00","0","0"
"36662","13624905","53442767","8.00","0","0"
"36663","72486635","53442767","2.00","0","0"
"36664","64731294","53442767","1.00","0","0"
"36665","1341423","53442767","9.00","0","0"
"36666","23700310","53442767","1.00","0","0"
"36667","58228814","18767554","8.00","0","0"
"36668","2840417","18767554","4.00","0","0"
"36669","49107214","18767554","3.00","0","0"
"36670","92470224","18767554","7.00","0","0"
"36671","11574814","18767554","7.00","0","0"
"36672","14237237","18767554","1.00","0","0"
"36673","74910072","18767554","7.00","0","0"
"36674","92509040","18767554","6.00","0","0"
"36675","50246740","18767554","4.00","0","0"
"36676","96295495","18767554","3.00","0","0"
"36677","13624905","18767554","2.00","0","0"
"36678","72486635","18767554","4.00","0","0"
"36679","64731294","18767554","9.00","0","0"
"36680","1341423","18767554","3.00","0","0"
"36681","23700310","18767554","2.00","0","0"
"36682","58228814","29673695","7.00","0","0"
"36683","2840417","29673695","7.00","0","0"
"36684","49107214","29673695","5.00","0","0"
"36685","92470224","29673695","5.00","0","0"
"36686","11574814","29673695","5.00","0","0"
"36687","14237237","29673695","4.00","0","0"
"36688","74910072","29673695","10.00","1","0"
"36689","92509040","29673695","3.00","0","0"
"36690","50246740","29673695","5.00","0","0"
"36691","96295495","29673695","4.00","0","0"
"36692","13624905","29673695","3.00","0","0"
"36693","72486635","29673695","3.00","0","0"
"36694","64731294","29673695","4.00","0","0"
"36695","1341423","29673695","1.00","0","0"
"36696","23700310","29673695","10.00","1","0"
"36697","58228814","38352842","9.00","0","0"
"36698","2840417","38352842","9.00","0","0"
"36699","49107214","38352842","4.00","0","0"
"36700","92470224","38352842","5.00","0","0"
"36701","11574814","38352842","2.00","0","0"
"36702","14237237","38352842","3.00","0","0"
"36703","74910072","38352842","3.00","0","0"
"36704","92509040","38352842","1.00","0","0"
"36705","50246740","38352842","9.00","0","0"
"36706","96295495","38352842","5.00","0","0"
"36707","13624905","38352842","9.00","0","0"
"36708","72486635","38352842","7.00","0","0"
"36709","64731294","38352842","8.00","0","0"
"36710","1341423","38352842","6.00","0","0"
"36711","23700310","38352842","3.00","0","0"
"36712","58228814","97519162","5.00","0","0"
"36713","2840417","97519162","2.00","0","0"
"36714","49107214","97519162","6.00","0","0"
"36715","92470224","97519162","2.00","0","0"
"36716","11574814","97519162","8.00","0","0"
"36717","14237237","97519162","7.00","0","0"
"36718","74910072","97519162","8.00","0","0"
"36719","92509040","97519162","7.00","0","0"
"36720","50246740","97519162","5.00","0","0"
"36721","96295495","97519162","5.00","0","0"
"36722","13624905","97519162","6.00","0","0"
"36723","72486635","97519162","4.00","0","0"
"36724","64731294","97519162","8.00","0","0"
"36725","1341423","97519162","7.00","0","0"
"36726","23700310","97519162","5.00","0","0"
"36727","58228814","20708529","2.00","0","0"
"36728","2840417","20708529","7.00","0","0"
"36729","49107214","20708529","4.00","0","0"
"36730","92470224","20708529","8.00","0","0"
"36731","11574814","20708529","8.00","0","0"
"36732","14237237","20708529","8.00","0","0"
"36733","74910072","20708529","4.00","0","0"
"36734","92509040","20708529","6.00","0","0"
"36735","50246740","20708529","8.00","0","0"
"36736","96295495","20708529","8.00","0","0"
"36737","13624905","20708529","9.00","0","0"
"36738","72486635","20708529","7.00","0","0"
"36739","64731294","20708529","5.00","0","0"
"36740","1341423","20708529","9.00","0","0"
"36741","23700310","20708529","7.00","0","0"
"36742","58228814","64521030","6.00","0","0"
"36743","2840417","64521030","9.00","0","0"
"36744","49107214","64521030","7.00","0","0"
"36745","92470224","64521030","9.00","0","0"
"36746","11574814","64521030","10.00","1","0"
"36747","14237237","64521030","5.00","0","0"
"36748","74910072","64521030","5.00","0","0"
"36749","92509040","64521030","5.00","0","0"
"36750","50246740","64521030","7.00","0","0"
"36751","96295495","64521030","8.00","0","0"
"36752","13624905","64521030","6.00","0","0"
"36753","72486635","64521030","8.00","0","0"
"36754","64731294","64521030","6.00","0","0"
"36755","1341423","64521030","6.00","0","0"
"36756","23700310","64521030","8.00","0","0"
"36757","58228814","64830853","4.00","0","0"
"36758","2840417","64830853","8.00","0","0"
"36759","49107214","64830853","8.00","0","0"
"36760","92470224","64830853","6.00","0","0"
"36761","11574814","64830853","7.00","0","0"
"36762","14237237","64830853","9.00","0","0"
"36763","74910072","64830853","6.00","0","0"
"36764","92509040","64830853","9.00","0","0"
"36765","50246740","64830853","9.00","0","0"
"36766","96295495","64830853","9.00","0","0"
"36767","13624905","64830853","8.00","0","0"
"36768","72486635","64830853","9.00","0","0"
"36769","64731294","64830853","6.00","0","0"
"36770","1341423","64830853","2.00","0","0"
"36771","23700310","64830853","6.00","0","0"
"36772","58228814","9816690","8.00","0","0"
"36773","2840417","9816690","8.00","0","0"
"36774","49107214","9816690","9.00","0","0"
"36775","92470224","9816690","8.00","0","0"
"36776","11574814","9816690","9.00","0","0"
"36777","14237237","9816690","3.00","0","0"
"36778","74910072","9816690","8.00","0","0"
"36779","92509040","9816690","8.00","0","0"
"36780","50246740","9816690","7.00","0","0"
"36781","96295495","9816690","6.00","0","0"
"36782","13624905","9816690","5.00","0","0"
"36783","72486635","9816690","5.00","0","0"
"36784","64731294","9816690","7.00","0","0"
"36785","1341423","9816690","8.00","0","0"
"36786","23700310","9816690","9.00","0","0"
"36787","58228814","21267167","6.00","0","0"
"36788","2840417","21267167","6.00","0","0"
"36789","49107214","21267167","8.00","0","0"
"36790","92470224","21267167","9.00","0","0"
"36791","11574814","21267167","6.00","0","0"
"36792","14237237","21267167","9.00","0","0"
"36793","74910072","21267167","7.00","0","0"
"36794","92509040","21267167","9.00","0","0"
"36795","50246740","21267167","8.00","0","0"
"36796","96295495","21267167","10.00","1","0"
"36797","13624905","21267167","7.00","0","0"
"36798","72486635","21267167","6.00","0","0"
"36799","64731294","21267167","10.00","1","0"
"36800","1341423","21267167","7.00","0","0"
"36801","23700310","21267167","6.00","0","0"
"36802","451822","70916580","2.00","0","0"
"36803","1957833","70916580","4.00","0","0"
"36804","22868740","70916580","6.00","0","0"
"36805","363983","70916580","1.00","0","0"
"36806","59666396","70916580","4.00","0","0"
"36807","95029954","70916580","3.00","0","0"
"36808","91639352","70916580","2.00","0","0"
"36809","33430804","70916580","1.00","0","0"
"36810","37015272","70916580","7.00","0","0"
"36811","37213777","70916580","1.00","0","0"
"36812","74789582","70916580","1.00","0","0"
"36813","451822","49746069","3.00","0","0"
"36814","1957833","49746069","2.00","0","0"
"36815","22868740","49746069","5.00","0","0"
"36816","363983","49746069","3.00","0","0"
"36817","59666396","49746069","2.00","0","0"
"36818","95029954","49746069","4.00","0","0"
"36819","91639352","49746069","1.00","0","0"
"36820","33430804","49746069","4.00","0","0"
"36821","37015272","49746069","1.00","0","0"
"36822","37213777","49746069","5.00","0","0"
"36823","74789582","49746069","4.00","0","0"
"36824","451822","31561187","3.00","0","0"
"36825","1957833","31561187","7.00","0","0"
"36826","22868740","31561187","3.00","0","0"
"36827","363983","31561187","4.00","0","0"
"36828","59666396","31561187","1.00","0","0"
"36829","95029954","31561187","1.00","0","0"
"36830","91639352","31561187","3.00","0","0"
"36831","33430804","31561187","9.00","0","0"
"36832","37015272","31561187","2.00","0","0"
"36833","37213777","31561187","2.00","0","0"
"36834","74789582","31561187","4.00","0","0"
"36835","451822","97015711","1.00","0","0"
"36836","1957833","97015711","6.00","0","0"
"36837","22868740","97015711","4.00","0","0"
"36838","363983","97015711","1.00","0","0"
"36839","59666396","97015711","1.00","0","0"
"36840","95029954","97015711","2.00","0","0"
"36841","91639352","97015711","4.00","0","0"
"36842","33430804","97015711","1.00","0","0"
"36843","37015272","97015711","8.00","0","0"
"36844","37213777","97015711","7.00","0","0"
"36845","74789582","97015711","6.00","0","0"
"36846","451822","832153","1.00","0","0"
"36847","1957833","832153","8.00","0","0"
"36848","22868740","832153","2.00","0","0"
"36849","363983","832153","4.00","0","0"
"36850","59666396","832153","9.00","0","0"
"36851","95029954","832153","2.00","0","0"
"36852","91639352","832153","8.00","0","0"
"36853","33430804","832153","4.00","0","0"
"36854","37015272","832153","3.00","0","0"
"36855","37213777","832153","3.00","0","0"
"36856","74789582","832153","3.00","0","0"
"36857","451822","95701656","7.00","0","0"
"36858","1957833","95701656","1.00","0","0"
"36859","22868740","95701656","5.00","0","0"
"36860","363983","95701656","7.00","0","0"
"36861","59666396","95701656","3.00","0","0"
"36862","95029954","95701656","6.00","0","0"
"36863","91639352","95701656","6.00","0","0"
"36864","33430804","95701656","3.00","0","0"
"36865","37015272","95701656","6.00","0","0"
"36866","37213777","95701656","4.00","0","0"
"36867","74789582","95701656","2.00","0","0"
"36868","451822","75141924","6.00","0","0"
"36869","1957833","75141924","9.00","0","0"
"36870","22868740","75141924","1.00","0","0"
"36871","363983","75141924","5.00","0","0"
"36872","59666396","75141924","8.00","0","0"
"36873","95029954","75141924","1.00","0","0"
"36874","91639352","75141924","5.00","0","0"
"36875","33430804","75141924","7.00","0","0"
"36876","37015272","75141924","3.00","0","0"
"36877","37213777","75141924","1.00","0","0"
"36878","74789582","75141924","5.00","0","0"
"36879","451822","96175326","5.00","0","0"
"36880","1957833","96175326","3.00","0","0"
"36881","22868740","96175326","7.00","0","0"
"36882","363983","96175326","6.00","0","0"
"36883","59666396","96175326","6.00","0","0"
"36884","95029954","96175326","7.00","0","0"
"36885","91639352","96175326","1.00","0","0"
"36886","33430804","96175326","10.00","1","0"
"36887","37015272","96175326","4.00","0","0"
"36888","37213777","96175326","2.00","0","0"
"36889","74789582","96175326","1.00","0","0"
"36890","451822","5060785","2.00","0","0"
"36891","1957833","5060785","1.00","0","0"
"36892","22868740","5060785","7.00","0","0"
"36893","363983","5060785","5.00","0","0"
"36894","59666396","5060785","5.00","0","0"
"36895","95029954","5060785","9.00","0","0"
"36896","91639352","5060785","3.00","0","0"
"36897","33430804","5060785","2.00","0","0"
"36898","37015272","5060785","5.00","0","0"
"36899","37213777","5060785","5.00","0","0"
"36900","74789582","5060785","8.00","0","0"
"36901","451822","18767554","4.00","0","0"
"36902","1957833","18767554","9.00","0","0"
"36903","22868740","18767554","1.00","0","0"
"36904","363983","18767554","2.00","0","0"
"36905","59666396","18767554","7.00","0","0"
"36906","95029954","18767554","4.00","0","0"
"36907","91639352","18767554","2.00","0","0"
"36908","33430804","18767554","7.00","0","0"
"36909","37015272","18767554","5.00","0","0"
"36910","37213777","18767554","6.00","0","0"
"36911","74789582","18767554","7.00","0","0"
"36912","451822","74363723","6.00","0","0"
"36913","1957833","74363723","6.00","0","0"
"36914","22868740","74363723","3.00","0","0"
"36915","363983","74363723","3.00","0","0"
"36916","59666396","74363723","9.00","0","0"
"36917","95029954","74363723","8.00","0","0"
"36918","91639352","74363723","4.00","0","0"
"36919","33430804","74363723","5.00","0","0"
"36920","37015272","74363723","2.00","0","0"
"36921","37213777","74363723","4.00","0","0"
"36922","74789582","74363723","5.00","0","0"
"36923","451822","21267167","4.00","0","0"
"36924","1957833","21267167","3.00","0","0"
"36925","22868740","21267167","4.00","0","0"
"36926","363983","21267167","9.00","0","0"
"36927","59666396","21267167","8.00","0","0"
"36928","95029954","21267167","7.00","0","0"
"36929","91639352","21267167","9.00","0","0"
"36930","33430804","21267167","10.00","1","0"
"36931","37015272","21267167","1.00","0","0"
"36932","37213777","21267167","3.00","0","0"
"36933","74789582","21267167","2.00","0","0"
"36934","451822","20173236","9.00","0","0"
"36935","1957833","20173236","5.00","0","0"
"36936","22868740","20173236","6.00","0","0"
"36937","363983","20173236","2.00","0","0"
"36938","59666396","20173236","6.00","0","0"
"36939","95029954","20173236","3.00","0","0"
"36940","91639352","20173236","5.00","0","0"
"36941","33430804","20173236","3.00","0","0"
"36942","37015272","20173236","6.00","0","0"
"36943","37213777","20173236","9.00","0","0"
"36944","74789582","20173236","8.00","0","0"
"36945","451822","35887754","8.00","0","0"
"36946","1957833","35887754","2.00","0","0"
"36947","22868740","35887754","2.00","0","0"
"36948","363983","35887754","8.00","0","0"
"36949","59666396","35887754","3.00","0","0"
"36950","95029954","35887754","6.00","0","0"
"36951","91639352","35887754","6.00","0","0"
"36952","33430804","35887754","6.00","0","0"
"36953","37015272","35887754","9.00","0","0"
"36954","37213777","35887754","7.00","0","0"
"36955","74789582","35887754","6.00","0","0"
"36956","451822","5178638","7.00","0","0"
"36957","1957833","5178638","4.00","0","0"
"36958","22868740","5178638","9.00","0","0"
"36959","363983","5178638","8.00","0","0"
"36960","59666396","5178638","4.00","0","0"
"36961","95029954","5178638","9.00","0","0"
"36962","91639352","5178638","9.00","0","0"
"36963","33430804","5178638","6.00","0","0"
"36964","37015272","5178638","4.00","0","0"
"36965","37213777","5178638","6.00","0","0"
"36966","74789582","5178638","3.00","0","0"
"36967","451822","37537849","5.00","0","0"
"36968","1957833","37537849","7.00","0","0"
"36969","22868740","37537849","9.00","0","0"
"36970","363983","37537849","6.00","0","0"
"36971","59666396","37537849","2.00","0","0"
"36972","95029954","37537849","8.00","0","0"
"36973","91639352","37537849","7.00","0","0"
"36974","33430804","37537849","2.00","0","0"
"36975","37015272","37537849","8.00","0","0"
"36976","37213777","37537849","8.00","0","0"
"36977","74789582","37537849","9.00","0","0"
"36978","451822","3343985","8.00","0","0"
"36979","1957833","3343985","5.00","0","0"
"36980","22868740","3343985","8.00","0","0"
"36981","363983","3343985","7.00","0","0"
"36982","59666396","3343985","5.00","0","0"
"36983","95029954","3343985","5.00","0","0"
"36984","91639352","3343985","8.00","0","0"
"36985","33430804","3343985","8.00","0","0"
"36986","37015272","3343985","9.00","0","0"
"36987","37213777","3343985","9.00","0","0"
"36988","74789582","3343985","7.00","0","0"
"36989","451822","38352842","7.00","0","0"
"36990","1957833","38352842","8.00","0","0"
"36991","22868740","38352842","8.00","0","0"
"36992","363983","38352842","9.00","0","0"
"36993","59666396","38352842","7.00","0","0"
"36994","95029954","38352842","5.00","0","0"
"36995","91639352","38352842","7.00","0","0"
"36996","33430804","38352842","5.00","0","0"
"36997","37015272","38352842","7.00","0","0"
"36998","37213777","38352842","8.00","0","0"
"36999","74789582","38352842","9.00","0","0"
"37000","73443773","70916580","2.00","0","0"
"37001","52182520","70916580","6.00","0","0"
"37002","60474151","70916580","5.00","0","0"
"37003","79269286","70916580","3.00","0","0"
"37004","56772858","70916580","4.00","0","0"
"37005","59313212","70916580","2.00","0","0"
"37006","91795919","70916580","2.00","0","0"
"37007","68876440","70916580","1.00","0","0"
"37008","72974714","70916580","5.00","0","0"
"37009","94778690","70916580","1.00","0","0"
"37010","25825041","70916580","2.00","0","0"
"37011","61199283","70916580","6.00","0","0"
"37012","10348593","70916580","2.00","0","0"
"37013","8043252","70916580","2.00","0","0"
"37014","73443773","31561187","9.00","0","0"
"37015","52182520","31561187","6.00","0","0"
"37016","60474151","31561187","3.00","0","0"
"37017","79269286","31561187","4.00","0","0"
"37018","56772858","31561187","1.00","0","0"
"37019","59313212","31561187","1.00","0","0"
"37020","91795919","31561187","2.00","0","0"
"37021","68876440","31561187","10.00","1","0"
"37022","72974714","31561187","3.00","0","0"
"37023","94778690","31561187","5.00","0","0"
"37024","25825041","31561187","4.00","0","0"
"37025","61199283","31561187","3.00","0","0"
"37026","10348593","31561187","4.00","0","0"
"37027","8043252","31561187","1.00","0","0"
"37028","73443773","5060785","8.00","0","0"
"37029","52182520","5060785","3.00","0","0"
"37030","60474151","5060785","8.00","0","0"
"37031","79269286","5060785","6.00","0","0"
"37032","56772858","5060785","1.00","0","0"
"37033","59313212","5060785","2.00","0","0"
"37034","91795919","5060785","1.00","0","0"
"37035","68876440","5060785","3.00","0","0"
"37036","72974714","5060785","4.00","0","0"
"37037","94778690","5060785","3.00","0","0"
"37038","25825041","5060785","3.00","0","0"
"37039","61199283","5060785","2.00","0","0"
"37040","10348593","5060785","7.00","0","0"
"37041","8043252","5060785","6.00","0","0"
"37042","73443773","3343985","6.00","0","0"
"37043","52182520","3343985","5.00","0","0"
"37044","60474151","3343985","7.00","0","0"
"37045","79269286","3343985","4.00","0","0"
"37046","56772858","3343985","4.00","0","0"
"37047","59313212","3343985","5.00","0","0"
"37048","91795919","3343985","1.00","0","0"
"37049","68876440","3343985","5.00","0","0"
"37050","72974714","3343985","2.00","0","0"
"37051","94778690","3343985","4.00","0","0"
"37052","25825041","3343985","5.00","0","0"
"37053","61199283","3343985","1.00","0","0"
"37054","10348593","3343985","8.00","0","0"
"37055","8043252","3343985","3.00","0","0"
"37056","73443773","49746069","5.00","0","0"
"37057","52182520","49746069","1.00","0","0"
"37058","60474151","49746069","1.00","0","0"
"37059","79269286","49746069","3.00","0","0"
"37060","56772858","49746069","3.00","0","0"
"37061","59313212","49746069","4.00","0","0"
"37062","91795919","49746069","3.00","0","0"
"37063","68876440","49746069","8.00","0","0"
"37064","72974714","49746069","7.00","0","0"
"37065","94778690","49746069","6.00","0","0"
"37066","25825041","49746069","3.00","0","0"
"37067","61199283","49746069","7.00","0","0"
"37068","10348593","49746069","10.00","1","0"
"37069","8043252","49746069","1.00","0","0"
"37070","73443773","97015711","6.00","0","0"
"37071","52182520","97015711","7.00","0","0"
"37072","60474151","97015711","3.00","0","0"
"37073","79269286","97015711","8.00","0","0"
"37074","56772858","97015711","5.00","0","0"
"37075","59313212","97015711","3.00","0","0"
"37076","91795919","97015711","6.00","0","0"
"37077","68876440","97015711","2.00","0","0"
"37078","72974714","97015711","6.00","0","0"
"37079","94778690","97015711","2.00","0","0"
"37080","25825041","97015711","2.00","0","0"
"37081","61199283","97015711","5.00","0","0"
"37082","10348593","97015711","3.00","0","0"
"37083","8043252","97015711","4.00","0","0"
"37084","73443773","832153","7.00","0","0"
"37085","52182520","832153","4.00","0","0"
"37086","60474151","832153","2.00","0","0"
"37087","79269286","832153","2.00","0","0"
"37088","56772858","832153","2.00","0","0"
"37089","59313212","832153","1.00","0","0"
"37090","91795919","832153","5.00","0","0"
"37091","68876440","832153","5.00","0","0"
"37092","72974714","832153","3.00","0","0"
"37093","94778690","832153","8.00","0","0"
"37094","25825041","832153","1.00","0","0"
"37095","61199283","832153","8.00","0","0"
"37096","10348593","832153","7.00","0","0"
"37097","8043252","832153","8.00","0","0"
"37098","73443773","75141924","1.00","0","0"
"37099","52182520","75141924","3.00","0","0"
"37100","60474151","75141924","2.00","0","0"
"37101","79269286","75141924","5.00","0","0"
"37102","56772858","75141924","2.00","0","0"
"37103","59313212","75141924","7.00","0","0"
"37104","91795919","75141924","8.00","0","0"
"37105","68876440","75141924","4.00","0","0"
"37106","72974714","75141924","7.00","0","0"
"37107","94778690","75141924","3.00","0","0"
"37108","25825041","75141924","8.00","0","0"
"37109","61199283","75141924","8.00","0","0"
"37110","10348593","75141924","3.00","0","0"
"37111","8043252","75141924","2.00","0","0"
"37112","73443773","18767554","5.00","0","0"
"37113","52182520","18767554","4.00","0","0"
"37114","60474151","18767554","9.00","0","0"
"37115","79269286","18767554","5.00","0","0"
"37116","56772858","18767554","7.00","0","0"
"37117","59313212","18767554","6.00","0","0"
"37118","91795919","18767554","6.00","0","0"
"37119","68876440","18767554","1.00","0","0"
"37120","72974714","18767554","2.00","0","0"
"37121","94778690","18767554","5.00","0","0"
"37122","25825041","18767554","4.00","0","0"
"37123","61199283","18767554","1.00","0","0"
"37124","10348593","18767554","6.00","0","0"
"37125","8043252","18767554","6.00","0","0"
"37126","73443773","74363723","3.00","0","0"
"37127","52182520","74363723","8.00","0","0"
"37128","60474151","74363723","5.00","0","0"
"37129","79269286","74363723","9.00","0","0"
"37130","56772858","74363723","6.00","0","0"
"37131","59313212","74363723","6.00","0","0"
"37132","91795919","74363723","3.00","0","0"
"37133","68876440","74363723","2.00","0","0"
"37134","72974714","74363723","1.00","0","0"
"37135","94778690","74363723","7.00","0","0"
"37136","25825041","74363723","7.00","0","0"
"37137","61199283","74363723","5.00","0","0"
"37138","10348593","74363723","1.00","0","0"
"37139","8043252","74363723","5.00","0","0"
"37140","73443773","35887754","7.00","0","0"
"37141","52182520","35887754","2.00","0","0"
"37142","60474151","35887754","4.00","0","0"
"37143","79269286","35887754","1.00","0","0"
"37144","56772858","35887754","8.00","0","0"
"37145","59313212","35887754","9.00","0","0"
"37146","91795919","35887754","9.00","0","0"
"37147","68876440","35887754","6.00","0","0"
"37148","72974714","35887754","1.00","0","0"
"37149","94778690","35887754","6.00","0","0"
"37150","25825041","35887754","8.00","0","0"
"37151","61199283","35887754","4.00","0","0"
"37152","10348593","35887754","1.00","0","0"
"37153","8043252","35887754","3.00","0","0"
"37154","73443773","20173236","1.00","0","0"
"37155","52182520","20173236","2.00","0","0"
"37156","60474151","20173236","4.00","0","0"
"37157","79269286","20173236","8.00","0","0"
"37158","56772858","20173236","3.00","0","0"
"37159","59313212","20173236","7.00","0","0"
"37160","91795919","20173236","5.00","0","0"
"37161","68876440","20173236","7.00","0","0"
"37162","72974714","20173236","8.00","0","0"
"37163","94778690","20173236","7.00","0","0"
"37164","25825041","20173236","1.00","0","0"
"37165","61199283","20173236","2.00","0","0"
"37166","10348593","20173236","8.00","0","0"
"37167","8043252","20173236","7.00","0","0"
"37168","73443773","95701656","3.00","0","0"
"37169","52182520","95701656","5.00","0","0"
"37170","60474151","95701656","6.00","0","0"
"37171","79269286","95701656","6.00","0","0"
"37172","56772858","95701656","5.00","0","0"
"37173","59313212","95701656","3.00","0","0"
"37174","91795919","95701656","4.00","0","0"
"37175","68876440","95701656","6.00","0","0"
"37176","72974714","95701656","6.00","0","0"
"37177","94778690","95701656","1.00","0","0"
"37178","25825041","95701656","9.00","0","0"
"37179","61199283","95701656","3.00","0","0"
"37180","10348593","95701656","9.00","0","0"
"37181","8043252","95701656","5.00","0","0"
"37182","73443773","96175326","4.00","0","0"
"37183","52182520","96175326","1.00","0","0"
"37184","60474151","96175326","6.00","0","0"
"37185","79269286","96175326","1.00","0","0"
"37186","56772858","96175326","10.00","1","0"
"37187","59313212","96175326","8.00","0","0"
"37188","91795919","96175326","7.00","0","0"
"37189","68876440","96175326","7.00","0","0"
"37190","72974714","96175326","4.00","0","0"
"37191","94778690","96175326","2.00","0","0"
"37192","25825041","96175326","7.00","0","0"
"37193","61199283","96175326","4.00","0","0"
"37194","10348593","96175326","6.00","0","0"
"37195","8043252","96175326","8.00","0","0"
"37196","73443773","37537849","9.00","0","0"
"37197","52182520","37537849","7.00","0","0"
"37198","60474151","37537849","1.00","0","0"
"37199","79269286","37537849","2.00","0","0"
"37200","56772858","37537849","8.00","0","0"
"37201","59313212","37537849","9.00","0","0"
"37202","91795919","37537849","7.00","0","0"
"37203","68876440","37537849","4.00","0","0"
"37204","72974714","37537849","5.00","0","0"
"37205","94778690","37537849","4.00","0","0"
"37206","25825041","37537849","6.00","0","0"
"37207","61199283","37537849","6.00","0","0"
"37208","10348593","37537849","4.00","0","0"
"37209","8043252","37537849","9.00","0","0"
"37210","73443773","21267167","2.00","0","0"
"37211","52182520","21267167","9.00","0","0"
"37212","60474151","21267167","7.00","0","0"
"37213","79269286","21267167","7.00","0","0"
"37214","56772858","21267167","6.00","0","0"
"37215","59313212","21267167","8.00","0","0"
"37216","91795919","21267167","8.00","0","0"
"37217","68876440","21267167","3.00","0","0"
"37218","72974714","21267167","8.00","0","0"
"37219","94778690","21267167","8.00","0","0"
"37220","25825041","21267167","6.00","0","0"
"37221","61199283","21267167","9.00","0","0"
"37222","10348593","21267167","2.00","0","0"
"37223","8043252","21267167","7.00","0","0"
"37224","73443773","38352842","4.00","0","0"
"37225","52182520","38352842","9.00","0","0"
"37226","60474151","38352842","8.00","0","0"
"37227","79269286","38352842","9.00","0","0"
"37228","56772858","38352842","9.00","0","0"
"37229","59313212","38352842","4.00","0","0"
"37230","91795919","38352842","9.00","0","0"
"37231","68876440","38352842","8.00","0","0"
"37232","72974714","38352842","9.00","0","0"
"37233","94778690","38352842","9.00","0","0"
"37234","25825041","38352842","5.00","0","0"
"37235","61199283","38352842","7.00","0","0"
"37236","10348593","38352842","5.00","0","0"
"37237","8043252","38352842","4.00","0","0"
"37238","73443773","5178638","8.00","0","0"
"37239","52182520","5178638","8.00","0","0"
"37240","60474151","5178638","9.00","0","0"
"37241","79269286","5178638","7.00","0","0"
"37242","56772858","5178638","7.00","0","0"
"37243","59313212","5178638","5.00","0","0"
"37244","91795919","5178638","4.00","0","0"
"37245","68876440","5178638","9.00","0","0"
"37246","72974714","5178638","9.00","0","0"
"37247","94778690","5178638","9.00","0","0"
"37248","25825041","5178638","9.00","0","0"
"37249","61199283","5178638","9.00","0","0"
"37250","10348593","5178638","5.00","0","0"
"37251","8043252","5178638","9.00","0","0"
"37252","90364365","70916580","4.00","0","0"
"37253","52630165","70916580","5.00","0","0"
"37254","82745908","70916580","2.00","0","0"
"37255","19393127","70916580","2.00","0","0"
"37256","91285072","70916580","3.00","0","0"
"37257","14999474","70916580","1.00","0","0"
"37258","10804640","70916580","1.00","0","0"
"37259","34282873","70916580","12.00","1","0"
"37260","77992043","70916580","4.50","0","0"
"37261","95665201","70916580","1.00","0","0"
"37262","70577302","70916580","6.00","0","0"
"37263","33129539","70916580","1.00","0","0"
"37264","90364365","96175326","1.00","0","0"
"37265","52630165","96175326","5.00","0","0"
"37266","82745908","96175326","1.00","0","0"
"37267","19393127","96175326","7.00","0","0"
"37268","91285072","96175326","3.00","0","0"
"37269","14999474","96175326","1.00","0","0"
"37270","10804640","96175326","1.00","0","0"
"37271","34282873","96175326","1.00","0","0"
"37272","77992043","96175326","2.00","0","0"
"37273","95665201","96175326","4.00","0","0"
"37274","70577302","96175326","8.00","0","0"
"37275","33129539","96175326","3.00","0","0"
"37276","90364365","49746069","2.00","0","0"
"37277","52630165","49746069","3.00","0","0"
"37278","82745908","49746069","2.00","0","0"
"37279","19393127","49746069","3.00","0","0"
"37280","91285072","49746069","4.00","0","0"
"37281","14999474","49746069","7.00","0","0"
"37282","10804640","49746069","5.00","0","0"
"37283","34282873","49746069","1.00","0","0"
"37284","77992043","49746069","5.00","0","0"
"37285","95665201","49746069","3.00","0","0"
"37286","70577302","49746069","3.00","0","0"
"37287","33129539","49746069","4.00","0","0"
"37288","90364365","21267167","1.00","0","0"
"37289","52630165","21267167","3.00","0","0"
"37290","82745908","21267167","4.00","0","0"
"37291","19393127","21267167","2.00","0","0"
"37292","91285072","21267167","8.00","0","0"
"37293","14999474","21267167","5.00","0","0"
"37294","10804640","21267167","2.00","0","0"
"37295","34282873","21267167","3.00","0","0"
"37296","77992043","21267167","9.00","0","0"
"37297","95665201","21267167","2.00","0","0"
"37298","70577302","21267167","2.00","0","0"
"37299","33129539","21267167","8.00","0","0"
"37300","90364365","75141924","5.00","0","0"
"37301","52630165","75141924","1.00","0","0"
"37302","82745908","75141924","5.00","0","0"
"37303","19393127","75141924","1.00","0","0"
"37304","91285072","75141924","9.00","0","0"
"37305","14999474","75141924","5.00","0","0"
"37306","10804640","75141924","7.00","0","0"
"37307","34282873","75141924","2.00","0","0"
"37308","77992043","75141924","6.00","0","0"
"37309","95665201","75141924","5.00","0","0"
"37310","70577302","75141924","2.00","0","0"
"37311","33129539","75141924","4.00","0","0"
"37312","90364365","5060785","7.00","0","0"
"37313","52630165","5060785","2.00","0","0"
"37314","82745908","5060785","5.00","0","0"
"37315","19393127","5060785","8.00","0","0"
"37316","91285072","5060785","6.00","0","0"
"37317","14999474","5060785","2.00","0","0"
"37318","10804640","5060785","3.00","0","0"
"37319","34282873","5060785","2.00","0","0"
"37320","77992043","5060785","4.00","0","0"
"37321","95665201","5060785","3.00","0","0"
"37322","70577302","5060785","3.00","0","0"
"37323","33129539","5060785","7.00","0","0"
"37324","90364365","37537849","2.00","0","0"
"37325","52630165","37537849","4.00","0","0"
"37326","82745908","37537849","3.00","0","0"
"37327","19393127","37537849","3.00","0","0"
"37328","91285072","37537849","4.00","0","0"
"37329","14999474","37537849","8.00","0","0"
"37330","10804640","37537849","6.00","0","0"
"37331","34282873","37537849","3.00","0","0"
"37332","77992043","37537849","4.00","0","0"
"37333","95665201","37537849","5.00","0","0"
"37334","70577302","37537849","8.00","0","0"
"37335","33129539","37537849","2.00","0","0"
"37336","90364365","95701656","9.00","0","0"
"37337","52630165","95701656","9.00","0","0"
"37338","82745908","95701656","8.00","0","0"
"37339","19393127","95701656","5.00","0","0"
"37340","91285072","95701656","1.00","0","0"
"37341","14999474","95701656","4.00","0","0"
"37342","10804640","95701656","2.00","0","0"
"37343","34282873","95701656","9.00","0","0"
"37344","77992043","95701656","4.50","0","0"
"37345","95665201","95701656","4.00","0","0"
"37346","70577302","95701656","1.00","0","0"
"37347","33129539","95701656","1.00","0","0"
"37348","90364365","18767554","4.00","0","0"
"37349","52630165","18767554","1.00","0","0"
"37350","82745908","18767554","7.00","0","0"
"37351","19393127","18767554","6.00","0","0"
"37352","91285072","18767554","2.00","0","0"
"37353","14999474","18767554","7.00","0","0"
"37354","10804640","18767554","7.00","0","0"
"37355","34282873","18767554","5.00","0","0"
"37356","77992043","18767554","3.00","0","0"
"37357","95665201","18767554","8.00","0","0"
"37358","70577302","18767554","5.00","0","0"
"37359","33129539","18767554","2.00","0","0"
"37360","90364365","31561187","6.00","0","0"
"37361","52630165","31561187","4.00","0","0"
"37362","82745908","31561187","7.00","0","0"
"37363","19393127","31561187","1.00","0","0"
"37364","91285072","31561187","5.00","0","0"
"37365","14999474","31561187","9.00","0","0"
"37366","10804640","31561187","5.00","0","0"
"37367","34282873","31561187","6.00","0","0"
"37368","77992043","31561187","1.00","0","0"
"37369","95665201","31561187","1.00","0","0"
"37370","70577302","31561187","7.00","0","0"
"37371","33129539","31561187","6.00","0","0"
"37372","90364365","97015711","3.00","0","0"
"37373","52630165","97015711","8.00","0","0"
"37374","82745908","97015711","6.00","0","0"
"37375","19393127","97015711","5.00","0","0"
"37376","91285072","97015711","1.00","0","0"
"37377","14999474","97015711","4.00","0","0"
"37378","10804640","97015711","3.00","0","0"
"37379","34282873","97015711","7.00","0","0"
"37380","77992043","97015711","8.00","0","0"
"37381","95665201","97015711","6.00","0","0"
"37382","70577302","97015711","5.00","0","0"
"37383","33129539","97015711","5.00","0","0"
"37384","90364365","3343985","8.00","0","0"
"37385","52630165","3343985","7.00","0","0"
"37386","82745908","3343985","8.00","0","0"
"37387","19393127","3343985","4.00","0","0"
"37388","91285072","3343985","6.00","0","0"
"37389","14999474","3343985","3.00","0","0"
"37390","10804640","3343985","4.00","0","0"
"37391","34282873","3343985","8.00","0","0"
"37392","77992043","3343985","5.00","0","0"
"37393","95665201","3343985","2.00","0","0"
"37394","70577302","3343985","1.00","0","0"
"37395","33129539","3343985","9.00","0","0"
"37396","90364365","832153","6.00","0","0"
"37397","52630165","832153","6.00","0","0"
"37398","82745908","832153","3.00","0","0"
"37399","19393127","832153","4.00","0","0"
"37400","91285072","832153","8.00","0","0"
"37401","14999474","832153","3.00","0","0"
"37402","10804640","832153","6.00","0","0"
"37403","34282873","832153","4.00","0","0"
"37404","77992043","832153","7.00","0","0"
"37405","95665201","832153","12.00","1","0"
"37406","70577302","832153","4.00","0","0"
"37407","33129539","832153","5.00","0","0"
"37408","90364365","5178638","5.00","0","0"
"37409","52630165","5178638","7.00","0","0"
"37410","82745908","5178638","1.00","0","0"
"37411","19393127","5178638","7.00","0","0"
"37412","91285072","5178638","7.00","0","0"
"37413","14999474","5178638","2.00","0","0"
"37414","10804640","5178638","12.00","1","0"
"37415","34282873","5178638","4.00","0","0"
"37416","77992043","5178638","6.00","0","0"
"37417","95665201","5178638","6.00","0","0"
"37418","70577302","5178638","6.00","0","0"
"37419","33129539","5178638","6.00","0","0"
"37420","90364365","74363723","3.00","0","0"
"37421","52630165","74363723","6.00","0","0"
"37422","82745908","74363723","6.00","0","0"
"37423","19393127","74363723","9.00","0","0"
"37424","91285072","74363723","2.00","0","0"
"37425","14999474","74363723","9.00","0","0"
"37426","10804640","74363723","8.00","0","0"
"37427","34282873","74363723","7.00","0","0"
"37428","77992043","74363723","1.00","0","0"
"37429","95665201","74363723","9.00","0","0"
"37430","70577302","74363723","7.00","0","0"
"37431","33129539","74363723","7.00","0","0"
"37432","90364365","35887754","8.00","0","0"
"37433","52630165","35887754","2.00","0","0"
"37434","82745908","35887754","4.00","0","0"
"37435","19393127","35887754","8.00","0","0"
"37436","91285072","35887754","7.00","0","0"
"37437","14999474","35887754","8.00","0","0"
"37438","10804640","35887754","4.00","0","0"
"37439","34282873","35887754","8.00","0","0"
"37440","77992043","35887754","9.00","0","0"
"37441","95665201","35887754","7.00","0","0"
"37442","70577302","35887754","4.00","0","0"
"37443","33129539","35887754","8.00","0","0"
"37444","90364365","20173236","7.00","0","0"
"37445","52630165","20173236","9.00","0","0"
"37446","82745908","20173236","9.00","0","0"
"37447","19393127","20173236","6.00","0","0"
"37448","91285072","20173236","5.00","0","0"
"37449","14999474","20173236","6.00","0","0"
"37450","10804640","20173236","9.00","0","0"
"37451","34282873","20173236","5.00","0","0"
"37452","77992043","20173236","7.00","0","0"
"37453","95665201","20173236","8.00","0","0"
"37454","70577302","20173236","9.00","0","0"
"37455","33129539","20173236","3.00","0","0"
"37456","90364365","38352842","9.00","0","0"
"37457","52630165","38352842","8.00","0","0"
"37458","82745908","38352842","9.00","0","0"
"37459","19393127","38352842","9.00","0","0"
"37460","91285072","38352842","9.00","0","0"
"37461","14999474","38352842","6.00","0","0"
"37462","10804640","38352842","8.00","0","0"
"37463","34282873","38352842","9.00","0","0"
"37464","77992043","38352842","8.00","0","0"
"37465","95665201","38352842","7.00","0","0"
"37466","70577302","38352842","9.00","0","0"
"37467","33129539","38352842","9.00","0","0"
"37468","73289288","73113253","3.00","0","0"
"37469","21473039","73113253","4.00","0","0"
"37470","43058086","73113253","4.00","0","0"
"37471","99956542","73113253","1.00","0","0"
"37472","78106925","73113253","2.00","0","0"
"37473","75310759","73113253","2.00","0","0"
"37474","34387659","73113253","1.00","0","0"
"37475","85495777","73113253","1.00","0","0"
"37476","66775996","73113253","2.00","0","0"
"37477","73289288","49746069","4.00","0","0"
"37478","21473039","49746069","3.00","0","0"
"37479","43058086","49746069","5.00","0","0"
"37480","99956542","49746069","4.00","0","0"
"37481","78106925","49746069","2.00","0","0"
"37482","75310759","49746069","2.00","0","0"
"37483","34387659","49746069","1.00","0","0"
"37484","85495777","49746069","7.00","0","0"
"37485","66775996","49746069","1.00","0","0"
"37486","73289288","9704316","6.00","0","0"
"37487","21473039","9704316","1.00","0","0"
"37488","43058086","9704316","6.00","0","0"
"37489","99956542","9704316","3.00","0","0"
"37490","78106925","9704316","1.00","0","0"
"37491","75310759","9704316","5.00","0","0"
"37492","34387659","9704316","2.00","0","0"
"37493","85495777","9704316","6.00","0","0"
"37494","66775996","9704316","4.00","0","0"
"37495","73289288","21267167","4.00","0","0"
"37496","21473039","21267167","5.00","0","0"
"37497","43058086","21267167","7.00","0","0"
"37498","99956542","21267167","1.00","0","0"
"37499","78106925","21267167","6.00","0","0"
"37500","75310759","21267167","3.00","0","0"
"37501","34387659","21267167","3.00","0","0"
"37502","85495777","21267167","4.00","0","0"
"37503","66775996","21267167","2.00","0","0"
"37504","73289288","90735668","5.00","0","0"
"37505","21473039","90735668","4.00","0","0"
"37506","43058086","90735668","1.00","0","0"
"37507","99956542","90735668","5.00","0","0"
"37508","78106925","90735668","1.00","0","0"
"37509","75310759","90735668","4.00","0","0"
"37510","34387659","90735668","8.00","0","0"
"37511","85495777","90735668","3.00","0","0"
"37512","66775996","90735668","8.00","0","0"
"37513","73289288","12403011","10.00","1","0"
"37514","21473039","12403011","6.00","0","0"
"37515","43058086","12403011","4.00","0","0"
"37516","99956542","12403011","2.00","0","0"
"37517","78106925","12403011","3.00","0","0"
"37518","75310759","12403011","1.00","0","0"
"37519","34387659","12403011","6.00","0","0"
"37520","85495777","12403011","4.00","0","0"
"37521","66775996","12403011","3.00","0","0"
"37522","73289288","832153","1.00","0","0"
"37523","21473039","832153","7.00","0","0"
"37524","43058086","832153","2.00","0","0"
"37525","99956542","832153","3.00","0","0"
"37526","78106925","832153","3.00","0","0"
"37527","75310759","832153","8.00","0","0"
"37528","34387659","832153","4.00","0","0"
"37529","85495777","832153","5.00","0","0"
"37530","66775996","832153","6.00","0","0"
"37531","73289288","31561187","3.00","0","0"
"37532","21473039","31561187","8.00","0","0"
"37533","43058086","31561187","1.00","0","0"
"37534","99956542","31561187","4.00","0","0"
"37535","78106925","31561187","8.00","0","0"
"37536","75310759","31561187","6.50","0","0"
"37537","34387659","31561187","6.00","0","0"
"37538","85495777","31561187","6.00","0","0"
"37539","66775996","31561187","1.00","0","0"
"37540","73289288","75141924","5.00","0","0"
"37541","21473039","75141924","10.00","1","0"
"37542","43058086","75141924","2.00","0","0"
"37543","99956542","75141924","5.00","0","0"
"37544","78106925","75141924","4.00","0","0"
"37545","75310759","75141924","1.00","0","0"
"37546","34387659","75141924","7.00","0","0"
"37547","85495777","75141924","5.00","0","0"
"37548","66775996","75141924","5.00","0","0"
"37549","73289288","89761386","6.00","0","0"
"37550","21473039","89761386","6.00","0","0"
"37551","43058086","89761386","3.00","0","0"
"37552","99956542","89761386","10.00","1","0"
"37553","78106925","89761386","5.00","0","0"
"37554","75310759","89761386","6.50","0","0"
"37555","34387659","89761386","5.00","0","0"
"37556","85495777","89761386","2.00","0","0"
"37557","66775996","89761386","3.00","0","0"
"37558","73289288","5060785","1.00","0","0"
"37559","21473039","5060785","2.00","0","0"
"37560","43058086","5060785","5.00","0","0"
"37561","99956542","5060785","7.00","0","0"
"37562","78106925","5060785","9.00","0","0"
"37563","75310759","5060785","4.00","0","0"
"37564","34387659","5060785","8.00","0","0"
"37565","85495777","5060785","2.00","0","0"
"37566","66775996","5060785","9.00","0","0"
"37567","73289288","91072341","2.00","0","0"
"37568","21473039","91072341","3.00","0","0"
"37569","43058086","91072341","3.00","0","0"
"37570","99956542","91072341","6.00","0","0"
"37571","78106925","91072341","6.00","0","0"
"37572","75310759","91072341","5.00","0","0"
"37573","34387659","91072341","7.00","0","0"
"37574","85495777","91072341","9.00","0","0"
"37575","66775996","91072341","6.00","0","0"
"37576","73289288","18767554","8.00","0","0"
"37577","21473039","18767554","2.00","0","0"
"37578","43058086","18767554","8.00","0","0"
"37579","99956542","18767554","2.00","0","0"
"37580","78106925","18767554","7.00","0","0"
"37581","75310759","18767554","6.00","0","0"
"37582","34387659","18767554","5.00","0","0"
"37583","85495777","18767554","1.00","0","0"
"37584","66775996","18767554","9.00","0","0"
"37585","73289288","95701656","2.00","0","0"
"37586","21473039","95701656","1.00","0","0"
"37587","43058086","95701656","8.00","0","0"
"37588","99956542","95701656","6.00","0","0"
"37589","78106925","95701656","9.00","0","0"
"37590","75310759","95701656","9.00","0","0"
"37591","34387659","95701656","3.00","0","0"
"37592","85495777","95701656","8.00","0","0"
"37593","66775996","95701656","7.00","0","0"
"37594","73289288","3343985","8.00","0","0"
"37595","21473039","3343985","7.00","0","0"
"37596","43058086","3343985","7.00","0","0"
"37597","99956542","3343985","8.00","0","0"
"37598","78106925","3343985","7.00","0","0"
"37599","75310759","3343985","3.00","0","0"
"37600","34387659","3343985","2.00","0","0"
"37601","85495777","3343985","7.00","0","0"
"37602","66775996","3343985","4.00","0","0"
"37603","73289288","97015711","7.00","0","0"
"37604","21473039","97015711","5.00","0","0"
"37605","43058086","97015711","6.00","0","0"
"37606","99956542","97015711","7.00","0","0"
"37607","78106925","97015711","4.00","0","0"
"37608","75310759","97015711","9.00","0","0"
"37609","34387659","97015711","9.00","0","0"
"37610","85495777","97015711","8.00","0","0"
"37611","66775996","97015711","8.00","0","0"
"37612","73289288","27044513","7.00","0","0"
"37613","21473039","27044513","9.00","0","0"
"37614","43058086","27044513","9.00","0","0"
"37615","99956542","27044513","9.00","0","0"
"37616","78106925","27044513","5.00","0","0"
"37617","75310759","27044513","7.00","0","0"
"37618","34387659","27044513","4.00","0","0"
"37619","85495777","27044513","9.00","0","0"
"37620","66775996","27044513","5.00","0","0"
"37621","73289288","29673695","9.00","0","0"
"37622","21473039","29673695","8.00","0","0"
"37623","43058086","29673695","9.00","0","0"
"37624","99956542","29673695","8.00","0","0"
"37625","78106925","29673695","8.00","0","0"
"37626","75310759","29673695","8.00","0","0"
"37627","34387659","29673695","9.00","0","0"
"37628","85495777","29673695","3.00","0","0"
"37629","66775996","29673695","7.00","0","0"
"37630","51967681","5060785","3.00","0","0"
"37631","8412702","5060785","5.00","0","0"
"37632","62660038","5060785","3.00","0","0"
"37633","21921716","5060785","1.00","0","0"
"37634","22870687","5060785","2.00","0","0"
"37635","37683669","5060785","2.00","0","0"
"37636","19410682","5060785","1.00","0","0"
"37637","69070239","5060785","6.00","0","0"
"37638","29530002","5060785","3.00","0","0"
"37639","9723435","5060785","1.00","0","0"
"37640","13703977","5060785","4.00","0","0"
"37641","27216135","5060785","6.00","0","0"
"37642","51967681","832153","8.00","0","0"
"37643","8412702","832153","3.00","0","0"
"37644","62660038","832153","7.00","0","0"
"37645","21921716","832153","4.00","0","0"
"37646","22870687","832153","6.00","0","0"
"37647","37683669","832153","3.00","0","0"
"37648","19410682","832153","1.00","0","0"
"37649","69070239","832153","3.00","0","0"
"37650","29530002","832153","1.00","0","0"
"37651","9723435","832153","3.00","0","0"
"37652","13703977","832153","3.00","0","0"
"37653","27216135","832153","2.00","0","0"
"37654","51967681","12403011","1.00","0","0"
"37655","8412702","12403011","2.00","0","0"
"37656","62660038","12403011","4.00","0","0"
"37657","21921716","12403011","3.00","0","0"
"37658","22870687","12403011","3.00","0","0"
"37659","37683669","12403011","4.00","0","0"
"37660","19410682","12403011","8.00","0","0"
"37661","69070239","12403011","6.00","0","0"
"37662","29530002","12403011","2.00","0","0"
"37663","9723435","12403011","1.00","0","0"
"37664","13703977","12403011","7.00","0","0"
"37665","27216135","12403011","8.00","0","0"
"37666","51967681","49746069","7.00","0","0"
"37667","8412702","49746069","1.00","0","0"
"37668","62660038","49746069","1.00","0","0"
"37669","21921716","49746069","5.00","0","0"
"37670","22870687","49746069","7.00","0","0"
"37671","37683669","49746069","6.00","0","0"
"37672","19410682","49746069","2.00","0","0"
"37673","69070239","49746069","2.00","0","0"
"37674","29530002","49746069","1.00","0","0"
"37675","9723435","49746069","2.00","0","0"
"37676","13703977","49746069","6.00","0","0"
"37677","27216135","49746069","10.00","1","0"
"37678","51967681","89761386","6.00","0","0"
"37679","8412702","89761386","1.00","0","0"
"37680","62660038","89761386","9.00","0","0"
"37681","21921716","89761386","7.00","0","0"
"37682","22870687","89761386","4.00","0","0"
"37683","37683669","89761386","2.00","0","0"
"37684","19410682","89761386","4.00","0","0"
"37685","69070239","89761386","1.00","0","0"
"37686","29530002","89761386","6.00","0","0"
"37687","9723435","89761386","4.00","0","0"
"37688","13703977","89761386","6.00","0","0"
"37689","27216135","89761386","2.00","0","0"
"37690","51967681","21267167","4.00","0","0"
"37691","8412702","21267167","2.00","0","0"
"37692","62660038","21267167","4.00","0","0"
"37693","21921716","21267167","1.00","0","0"
"37694","22870687","21267167","5.00","0","0"
"37695","37683669","21267167","9.00","0","0"
"37696","19410682","21267167","2.00","0","0"
"37697","69070239","21267167","7.00","0","0"
"37698","29530002","21267167","5.00","0","0"
"37699","9723435","21267167","4.00","0","0"
"37700","13703977","21267167","5.00","0","0"
"37701","27216135","21267167","4.00","0","0"
"37702","51967681","31561187","4.00","0","0"
"37703","8412702","31561187","10.00","1","0"
"37704","62660038","31561187","2.00","0","0"
"37705","21921716","31561187","3.00","0","0"
"37706","22870687","31561187","2.00","0","0"
"37707","37683669","31561187","7.00","0","0"
"37708","19410682","31561187","7.00","0","0"
"37709","69070239","31561187","4.00","0","0"
"37710","29530002","31561187","2.00","0","0"
"37711","9723435","31561187","7.00","0","0"
"37712","13703977","31561187","5.00","0","0"
"37713","27216135","31561187","3.00","0","0"
"37714","51967681","75141924","2.00","0","0"
"37715","8412702","75141924","10.00","1","0"
"37716","62660038","75141924","2.00","0","0"
"37717","21921716","75141924","2.00","0","0"
"37718","22870687","75141924","1.00","0","0"
"37719","37683669","75141924","1.00","0","0"
"37720","19410682","75141924","4.00","0","0"
"37721","69070239","75141924","8.00","0","0"
"37722","29530002","75141924","7.00","0","0"
"37723","9723435","75141924","9.00","0","0"
"37724","13703977","75141924","1.00","0","0"
"37725","27216135","75141924","7.00","0","0"
"37726","51967681","91072341","3.00","0","0"
"37727","8412702","91072341","7.00","0","0"
"37728","62660038","91072341","7.00","0","0"
"37729","21921716","91072341","6.00","0","0"
"37730","22870687","91072341","1.00","0","0"
"37731","37683669","91072341","9.00","0","0"
"37732","19410682","91072341","3.00","0","0"
"37733","69070239","91072341","8.00","0","0"
"37734","29530002","91072341","7.00","0","0"
"37735","9723435","91072341","5.00","0","0"
"37736","13703977","91072341","2.00","0","0"
"37737","27216135","91072341","1.00","0","0"
"37738","51967681","9704316","1.00","0","0"
"37739","8412702","9704316","8.00","0","0"
"37740","62660038","9704316","1.00","0","0"
"37741","21921716","9704316","5.00","0","0"
"37742","22870687","9704316","3.00","0","0"
"37743","37683669","9704316","10.00","1","0"
"37744","19410682","9704316","8.00","0","0"
"37745","69070239","9704316","5.00","0","0"
"37746","29530002","9704316","9.00","0","0"
"37747","9723435","9704316","5.00","0","0"
"37748","13703977","9704316","8.00","0","0"
"37749","27216135","9704316","1.00","0","0"
"37750","51967681","73113253","5.00","0","0"
"37751","8412702","73113253","6.00","0","0"
"37752","62660038","73113253","3.00","0","0"
"37753","21921716","73113253","7.00","0","0"
"37754","22870687","73113253","8.00","0","0"
"37755","37683669","73113253","8.00","0","0"
"37756","19410682","73113253","5.00","0","0"
"37757","69070239","73113253","2.00","0","0"
"37758","29530002","73113253","3.00","0","0"
"37759","9723435","73113253","2.00","0","0"
"37760","13703977","73113253","7.00","0","0"
"37761","27216135","73113253","4.00","0","0"
"37762","51967681","95701656","5.00","0","0"
"37763","8412702","95701656","6.00","0","0"
"37764","62660038","95701656","6.00","0","0"
"37765","21921716","95701656","4.00","0","0"
"37766","22870687","95701656","6.00","0","0"
"37767","37683669","95701656","1.00","0","0"
"37768","19410682","95701656","6.00","0","0"
"37769","69070239","95701656","9.00","0","0"
"37770","29530002","95701656","4.00","0","0"
"37771","9723435","95701656","8.00","0","0"
"37772","13703977","95701656","1.00","0","0"
"37773","27216135","95701656","7.00","0","0"
"37774","51967681","97015711","9.00","0","0"
"37775","8412702","97015711","4.00","0","0"
"37776","62660038","97015711","5.00","0","0"
"37777","21921716","97015711","6.00","0","0"
"37778","22870687","97015711","7.00","0","0"
"37779","37683669","97015711","5.00","0","0"
"37780","19410682","97015711","5.00","0","0"
"37781","69070239","97015711","1.00","0","0"
"37782","29530002","97015711","5.00","0","0"
"37783","9723435","97015711","7.00","0","0"
"37784","13703977","97015711","4.00","0","0"
"37785","27216135","97015711","5.00","0","0"
"37786","51967681","3343985","8.00","0","0"
"37787","8412702","3343985","3.00","0","0"
"37788","62660038","3343985","8.00","0","0"
"37789","21921716","3343985","2.00","0","0"
"37790","22870687","3343985","9.00","0","0"
"37791","37683669","3343985","6.00","0","0"
"37792","19410682","3343985","7.00","0","0"
"37793","69070239","3343985","5.00","0","0"
"37794","29530002","3343985","4.00","0","0"
"37795","9723435","3343985","9.00","0","0"
"37796","13703977","3343985","2.00","0","0"
"37797","27216135","3343985","3.00","0","0"
"37798","51967681","90735668","2.00","0","0"
"37799","8412702","90735668","8.00","0","0"
"37800","62660038","90735668","9.00","0","0"
"37801","21921716","90735668","8.00","0","0"
"37802","22870687","90735668","8.00","0","0"
"37803","37683669","90735668","4.00","0","0"
"37804","19410682","90735668","9.00","0","0"
"37805","69070239","90735668","3.00","0","0"
"37806","29530002","90735668","8.00","0","0"
"37807","9723435","90735668","6.00","0","0"
"37808","13703977","90735668","9.00","0","0"
"37809","27216135","90735668","5.00","0","0"
"37810","51967681","27044513","10.00","1","0"
"37811","8412702","27044513","4.00","0","0"
"37812","62660038","27044513","5.00","0","0"
"37813","21921716","27044513","9.00","0","0"
"37814","22870687","27044513","10.00","1","0"
"37815","37683669","27044513","5.00","0","0"
"37816","19410682","27044513","9.00","0","0"
"37817","69070239","27044513","10.00","1","0"
"37818","29530002","27044513","8.00","0","0"
"37819","9723435","27044513","3.00","0","0"
"37820","13703977","27044513","3.00","0","0"
"37821","27216135","27044513","6.00","0","0"
"37822","51967681","29673695","6.00","0","0"
"37823","8412702","29673695","9.00","0","0"
"37824","62660038","29673695","8.00","0","0"
"37825","21921716","29673695","9.00","0","0"
"37826","22870687","29673695","4.00","0","0"
"37827","37683669","29673695","7.00","0","0"
"37828","19410682","29673695","3.00","0","0"
"37829","69070239","29673695","7.00","0","0"
"37830","29530002","29673695","6.00","0","0"
"37831","9723435","29673695","8.00","0","0"
"37832","13703977","29673695","9.00","0","0"
"37833","27216135","29673695","9.00","0","0"
"37834","51967681","18767554","9.00","0","0"
"37835","8412702","18767554","7.00","0","0"
"37836","62660038","18767554","6.00","0","0"
"37837","21921716","18767554","8.00","0","0"
"37838","22870687","18767554","5.00","0","0"
"37839","37683669","18767554","8.00","0","0"
"37840","19410682","18767554","6.00","0","0"
"37841","69070239","18767554","4.00","0","0"
"37842","29530002","18767554","9.00","0","0"
"37843","9723435","18767554","6.00","0","0"
"37844","13703977","18767554","8.00","0","0"
"37845","27216135","18767554","10.00","1","0"
"37846","66579669","95701656","1.00","0","0"
"37847","45087055","95701656","2.00","0","0"
"37848","3412673","95701656","6.00","0","0"
"37849","85388625","95701656","2.00","0","0"
"37850","64457604","95701656","6.00","0","0"
"37851","2771213","95701656","2.00","0","0"
"37852","24794105","95701656","3.00","0","0"
"37853","66579669","9704316","3.00","0","0"
"37854","45087055","9704316","5.00","0","0"
"37855","3412673","9704316","2.00","0","0"
"37856","85388625","9704316","2.00","0","0"
"37857","64457604","9704316","5.00","0","0"
"37858","2771213","9704316","5.00","0","0"
"37859","24794105","9704316","1.00","0","0"
"37860","66579669","49746069","2.00","0","0"
"37861","45087055","49746069","6.00","0","0"
"37862","3412673","49746069","4.00","0","0"
"37863","85388625","49746069","1.00","0","0"
"37864","64457604","49746069","1.00","0","0"
"37865","2771213","49746069","5.00","0","0"
"37866","24794105","49746069","7.00","0","0"
"37867","66579669","75141924","6.00","0","0"
"37868","45087055","75141924","1.00","0","0"
"37869","3412673","75141924","10.00","1","0"
"37870","85388625","75141924","3.00","0","0"
"37871","64457604","75141924","3.00","0","0"
"37872","2771213","75141924","2.00","0","0"
"37873","24794105","75141924","3.00","0","0"
"37874","66579669","31561187","1.00","0","0"
"37875","45087055","31561187","3.00","0","0"
"37876","3412673","31561187","5.00","0","0"
"37877","85388625","31561187","5.00","0","0"
"37878","64457604","31561187","5.00","0","0"
"37879","2771213","31561187","4.00","0","0"
"37880","24794105","31561187","5.00","0","0"
"37881","66579669","5060785","7.00","0","0"
"37882","45087055","5060785","4.00","0","0"
"37883","3412673","5060785","1.00","0","0"
"37884","85388625","5060785","8.00","0","0"
"37885","64457604","5060785","7.00","0","0"
"37886","2771213","5060785","1.00","0","0"
"37887","24794105","5060785","2.00","0","0"
"37888","66579669","832153","7.00","0","0"
"37889","45087055","832153","1.00","0","0"
"37890","3412673","832153","6.00","0","0"
"37891","85388625","832153","6.00","0","0"
"37892","64457604","832153","2.00","0","0"
"37893","2771213","832153","3.00","0","0"
"37894","24794105","832153","8.00","0","0"
"37895","66579669","89761386","3.00","0","0"
"37896","45087055","89761386","7.00","0","0"
"37897","3412673","89761386","2.00","0","0"
"37898","85388625","89761386","1.00","0","0"
"37899","64457604","89761386","7.00","0","0"
"37900","2771213","89761386","7.00","0","0"
"37901","24794105","89761386","6.00","0","0"
"37902","66579669","97015711","4.00","0","0"
"37903","45087055","97015711","3.00","0","0"
"37904","3412673","97015711","3.00","0","0"
"37905","85388625","97015711","8.00","0","0"
"37906","64457604","97015711","4.00","0","0"
"37907","2771213","97015711","10.00","1","0"
"37908","24794105","97015711","1.00","0","0"
"37909","66579669","21267167","10.00","1","0"
"37910","45087055","21267167","2.00","0","0"
"37911","3412673","21267167","4.00","0","0"
"37912","85388625","21267167","3.00","0","0"
"37913","64457604","21267167","4.00","0","0"
"37914","2771213","21267167","4.00","0","0"
"37915","24794105","21267167","8.00","0","0"
"37916","66579669","18767554","5.00","0","0"
"37917","45087055","18767554","4.00","0","0"
"37918","3412673","18767554","8.00","0","0"
"37919","85388625","18767554","9.00","0","0"
"37920","64457604","18767554","3.00","0","0"
"37921","2771213","18767554","6.00","0","0"
"37922","24794105","18767554","2.00","0","0"
"37923","66579669","3343985","4.00","0","0"
"37924","45087055","3343985","7.00","0","0"
"37925","3412673","3343985","9.00","0","0"
"37926","85388625","3343985","7.00","0","0"
"37927","64457604","3343985","2.00","0","0"
"37928","2771213","3343985","6.00","0","0"
"37929","24794105","3343985","4.00","0","0"
"37930","66579669","29673695","2.00","0","0"
"37931","45087055","29673695","8.00","0","0"
"37932","3412673","29673695","8.00","0","0"
"37933","85388625","29673695","4.00","0","0"
"37934","64457604","29673695","5.50","0","0"
"37935","2771213","29673695","5.50","0","0"
"37936","24794105","29673695","7.00","0","0"
"37937","66579669","27044513","5.00","0","0"
"37938","45087055","27044513","8.00","0","0"
"37939","3412673","27044513","3.00","0","0"
"37940","85388625","27044513","4.00","0","0"
"37941","64457604","27044513","9.00","0","0"
"37942","2771213","27044513","7.00","0","0"
"37943","24794105","27044513","4.00","0","0"
"37944","66579669","12403011","9.00","0","0"
"37945","45087055","12403011","9.00","0","0"
"37946","3412673","12403011","9.00","0","0"
"37947","85388625","12403011","7.00","0","0"
"37948","64457604","12403011","1.00","0","0"
"37949","2771213","12403011","3.00","0","0"
"37950","24794105","12403011","5.00","0","0"
"37951","66579669","90735668","6.00","0","0"
"37952","45087055","90735668","9.00","0","0"
"37953","3412673","90735668","1.00","0","0"
"37954","85388625","90735668","9.00","0","0"
"37955","64457604","90735668","6.00","0","0"
"37956","2771213","90735668","8.00","0","0"
"37957","24794105","90735668","6.00","0","0"
"37958","66579669","91072341","8.00","0","0"
"37959","45087055","91072341","5.00","0","0"
"37960","3412673","91072341","7.00","0","0"
"37961","85388625","91072341","5.00","0","0"
"37962","64457604","91072341","10.00","1","0"
"37963","2771213","91072341","1.00","0","0"
"37964","24794105","91072341","10.00","1","0"
"37965","66579669","73113253","8.00","0","0"
"37966","45087055","73113253","6.00","0","0"
"37967","3412673","73113253","5.00","0","0"
"37968","85388625","73113253","6.00","0","0"
"37969","64457604","73113253","8.00","0","0"
"37970","2771213","73113253","8.00","0","0"
"37971","24794105","73113253","10.00","1","0"
"37972","47862193","3343985","1.00","0","0"
"37973","80996142","3343985","2.00","0","0"
"37974","42495553","3343985","3.00","0","0"
"37975","56273425","3343985","4.00","0","0"
"37976","38815461","3343985","1.00","0","0"
"37977","87411177","3343985","2.00","0","0"
"37978","77105727","3343985","7.00","0","0"
"37979","71353465","3343985","1.00","0","0"
"37980","74280776","3343985","4.00","0","0"
"37981","47862193","95701656","2.00","0","0"
"37982","80996142","95701656","4.00","0","0"
"37983","42495553","95701656","5.00","0","0"
"37984","56273425","95701656","2.00","0","0"
"37985","38815461","95701656","2.00","0","0"
"37986","87411177","95701656","4.00","0","0"
"37987","77105727","95701656","1.00","0","0"
"37988","71353465","95701656","8.00","0","0"
"37989","74280776","95701656","2.00","0","0"
"37990","47862193","21267167","1.00","0","0"
"37991","80996142","21267167","1.00","0","0"
"37992","42495553","21267167","6.00","0","0"
"37993","56273425","21267167","7.00","0","0"
"37994","38815461","21267167","3.00","0","0"
"37995","87411177","21267167","3.00","0","0"
"37996","77105727","21267167","4.00","0","0"
"37997","71353465","21267167","5.00","0","0"
"37998","74280776","21267167","5.00","0","0"
"37999","47862193","97015711","7.00","0","0"
"38000","80996142","97015711","8.00","0","0"
"38001","42495553","97015711","1.00","0","0"
"38002","56273425","97015711","5.00","0","0"
"38003","38815461","97015711","3.00","0","0"
"38004","87411177","97015711","8.00","0","0"
"38005","77105727","97015711","4.00","0","0"
"38006","71353465","97015711","2.00","0","0"
"38007","74280776","97015711","1.00","0","0"
"38008","47862193","5060785","2.00","0","0"
"38009","80996142","5060785","7.00","0","0"
"38010","42495553","5060785","6.00","0","0"
"38011","56273425","5060785","6.00","0","0"
"38012","38815461","5060785","9.00","0","0"
"38013","87411177","5060785","2.00","0","0"
"38014","77105727","5060785","3.00","0","0"
"38015","71353465","5060785","3.00","0","0"
"38016","74280776","5060785","1.00","0","0"
"38017","47862193","91072341","10.00","1","0"
"38018","80996142","91072341","2.00","0","0"
"38019","42495553","91072341","4.00","0","0"
"38020","56273425","91072341","2.00","0","0"
"38021","38815461","91072341","8.00","0","0"
"38022","87411177","91072341","1.00","0","0"
"38023","77105727","91072341","3.00","0","0"
"38024","71353465","91072341","3.00","0","0"
"38025","74280776","91072341","8.00","0","0"
"38026","47862193","75141924","5.00","0","0"
"38027","80996142","75141924","9.00","0","0"
"38028","42495553","75141924","7.00","0","0"
"38029","56273425","75141924","1.00","0","0"
"38030","38815461","75141924","8.00","0","0"
"38031","87411177","75141924","4.00","0","0"
"38032","77105727","75141924","1.00","0","0"
"38033","71353465","75141924","1.00","0","0"
"38034","74280776","75141924","7.00","0","0"
"38035","47862193","832153","6.00","0","0"
"38036","80996142","832153","6.00","0","0"
"38037","42495553","832153","2.00","0","0"
"38038","56273425","832153","3.00","0","0"
"38039","38815461","832153","1.00","0","0"
"38040","87411177","832153","7.00","0","0"
"38041","77105727","832153","8.00","0","0"
"38042","71353465","832153","7.00","0","0"
"38043","74280776","832153","3.00","0","0"
"38044","47862193","18767554","8.00","0","0"
"38045","80996142","18767554","3.00","0","0"
"38046","42495553","18767554","2.00","0","0"
"38047","56273425","18767554","3.00","0","0"
"38048","38815461","18767554","9.00","0","0"
"38049","87411177","18767554","5.00","0","0"
"38050","77105727","18767554","5.00","0","0"
"38051","71353465","18767554","7.00","0","0"
"38052","74280776","18767554","2.00","0","0"
"38053","47862193","89761386","4.00","0","0"
"38054","80996142","89761386","5.00","0","0"
"38055","42495553","89761386","4.00","0","0"
"38056","56273425","89761386","6.00","0","0"
"38057","38815461","89761386","5.00","0","0"
"38058","87411177","89761386","8.00","0","0"
"38059","77105727","89761386","2.00","0","0"
"38060","71353465","89761386","4.00","0","0"
"38061","74280776","89761386","6.00","0","0"
"38062","47862193","12403011","9.00","0","0"
"38063","80996142","12403011","3.00","0","0"
"38064","42495553","12403011","8.00","0","0"
"38065","56273425","12403011","1.00","0","0"
"38066","38815461","12403011","6.00","0","0"
"38067","87411177","12403011","1.00","0","0"
"38068","77105727","12403011","2.00","0","0"
"38069","71353465","12403011","9.00","0","0"
"38070","74280776","12403011","7.00","0","0"
"38071","47862193","9704316","8.00","0","0"
"38072","80996142","9704316","1.00","0","0"
"38073","42495553","9704316","8.00","0","0"
"38074","56273425","9704316","8.00","0","0"
"38075","38815461","9704316","5.00","0","0"
"38076","87411177","9704316","3.00","0","0"
"38077","77105727","9704316","6.00","0","0"
"38078","71353465","9704316","2.00","0","0"
"38079","74280776","9704316","6.00","0","0"
"38080","47862193","49746069","7.00","0","0"
"38081","80996142","49746069","8.00","0","0"
"38082","42495553","49746069","1.00","0","0"
"38083","56273425","49746069","4.00","0","0"
"38084","38815461","49746069","2.00","0","0"
"38085","87411177","49746069","4.80","0","0"
"38086","77105727","49746069","7.00","0","0"
"38087","71353465","49746069","6.00","0","0"
"38088","74280776","49746069","9.00","0","0"
"38089","47862193","73113253","3.00","0","0"
"38090","80996142","73113253","5.00","0","0"
"38091","42495553","73113253","3.00","0","0"
"38092","56273425","73113253","9.00","0","0"
"38093","38815461","73113253","7.00","0","0"
"38094","87411177","73113253","6.00","0","0"
"38095","77105727","73113253","5.00","0","0"
"38096","71353465","73113253","5.00","0","0"
"38097","74280776","73113253","9.00","0","0"
"38098","47862193","90735668","5.00","0","0"
"38099","80996142","90735668","6.00","0","0"
"38100","42495553","90735668","9.00","0","0"
"38101","56273425","90735668","5.00","0","0"
"38102","38815461","90735668","7.00","0","0"
"38103","87411177","90735668","6.00","0","0"
"38104","77105727","90735668","8.00","0","0"
"38105","71353465","90735668","4.00","0","0"
"38106","74280776","90735668","5.00","0","0"
"38107","47862193","29673695","6.00","0","0"
"38108","80996142","29673695","4.00","0","0"
"38109","42495553","29673695","5.00","0","0"
"38110","56273425","29673695","8.00","0","0"
"38111","38815461","29673695","4.00","0","0"
"38112","87411177","29673695","9.00","0","0"
"38113","77105727","29673695","6.80","0","0"
"38114","71353465","29673695","9.00","0","0"
"38115","74280776","29673695","4.00","0","0"
"38116","47862193","31561187","3.00","0","0"
"38117","80996142","31561187","9.00","0","0"
"38118","42495553","31561187","7.00","0","0"
"38119","56273425","31561187","9.00","0","0"
"38120","38815461","31561187","4.00","0","0"
"38121","87411177","31561187","7.00","0","0"
"38122","77105727","31561187","6.30","0","0"
"38123","71353465","31561187","8.00","0","0"
"38124","74280776","31561187","3.00","0","0"
"38125","47862193","27044513","4.00","0","0"
"38126","80996142","27044513","7.00","0","0"
"38127","42495553","27044513","9.00","0","0"
"38128","56273425","27044513","7.00","0","0"
"38129","38815461","27044513","6.00","0","0"
"38130","87411177","27044513","5.00","0","0"
"38131","77105727","27044513","6.00","0","0"
"38132","71353465","27044513","6.00","0","0"
"38133","74280776","27044513","8.00","0","0"
"38134","65955599","21267167","4.00","0","0"
"38135","81522764","21267167","5.00","0","0"
"38136","63030885","21267167","1.00","0","0"
"38137","66689074","21267167","4.00","0","0"
"38138","51521870","21267167","1.00","0","0"
"38139","13412843","21267167","2.00","0","0"
"38140","83846951","21267167","1.00","0","0"
"38141","24524736","21267167","5.00","0","0"
"38142","65955599","832153","1.00","0","0"
"38143","81522764","832153","1.00","0","0"
"38144","63030885","832153","4.00","0","0"
"38145","66689074","832153","2.00","0","0"
"38146","51521870","832153","6.00","0","0"
"38147","13412843","832153","1.00","0","0"
"38148","83846951","832153","8.00","0","0"
"38149","24524736","832153","1.00","0","0"
"38150","65955599","12403011","1.00","0","0"
"38151","81522764","12403011","3.00","0","0"
"38152","63030885","12403011","4.00","0","0"
"38153","66689074","12403011","3.00","0","0"
"38154","51521870","12403011","7.00","0","0"
"38155","13412843","12403011","2.00","0","0"
"38156","83846951","12403011","5.00","0","0"
"38157","24524736","12403011","6.00","0","0"
"38158","65955599","35887754","3.00","0","0"
"38159","81522764","35887754","2.00","0","0"
"38160","63030885","35887754","3.00","0","0"
"38161","66689074","35887754","7.00","0","0"
"38162","51521870","35887754","2.00","0","0"
"38163","13412843","35887754","1.00","0","0"
"38164","83846951","35887754","8.00","0","0"
"38165","24524736","35887754","7.00","0","0"
"38166","65955599","5060785","7.00","0","0"
"38167","81522764","5060785","7.00","0","0"
"38168","63030885","5060785","2.00","0","0"
"38169","66689074","5060785","2.00","0","0"
"38170","51521870","5060785","5.00","0","0"
"38171","13412843","5060785","5.00","0","0"
"38172","83846951","5060785","2.00","0","0"
"38173","24524736","5060785","3.00","0","0"
"38174","65955599","89761386","2.00","0","0"
"38175","81522764","89761386","2.00","0","0"
"38176","63030885","89761386","3.00","0","0"
"38177","66689074","89761386","6.00","0","0"
"38178","51521870","89761386","3.00","0","0"
"38179","13412843","89761386","8.00","0","0"
"38180","83846951","89761386","1.00","0","0"
"38181","24524736","89761386","9.00","0","0"
"38182","65955599","73113253","3.00","0","0"
"38183","81522764","73113253","6.00","0","0"
"38184","63030885","73113253","7.00","0","0"
"38185","66689074","73113253","5.00","0","0"
"38186","51521870","73113253","4.00","0","0"
"38187","13412843","73113253","3.00","0","0"
"38188","83846951","73113253","4.00","0","0"
"38189","24524736","73113253","2.00","0","0"
"38190","65955599","49746069","6.00","0","0"
"38191","81522764","49746069","10.00","1","0"
"38192","63030885","49746069","5.00","0","0"
"38193","66689074","49746069","4.00","0","0"
"38194","51521870","49746069","1.00","0","0"
"38195","13412843","49746069","7.00","0","0"
"38196","83846951","49746069","2.00","0","0"
"38197","24524736","49746069","4.00","0","0"
"38198","65955599","75141924","7.00","0","0"
"38199","81522764","75141924","1.00","0","0"
"38200","63030885","75141924","1.00","0","0"
"38201","66689074","75141924","8.00","0","0"
"38202","51521870","75141924","6.00","0","0"
"38203","13412843","75141924","3.00","0","0"
"38204","83846951","75141924","6.00","0","0"
"38205","24524736","75141924","8.00","0","0"
"38206","65955599","91072341","4.00","0","0"
"38207","81522764","91072341","8.00","0","0"
"38208","63030885","91072341","6.00","0","0"
"38209","66689074","91072341","1.00","0","0"
"38210","51521870","91072341","3.00","0","0"
"38211","13412843","91072341","7.00","0","0"
"38212","83846951","91072341","6.00","0","0"
"38213","24524736","91072341","10.00","0","0"
"38214","65955599","9704316","10.00","1","0"
"38215","81522764","9704316","4.00","0","0"
"38216","63030885","9704316","2.00","0","0"
"38217","66689074","9704316","5.00","0","0"
"38218","51521870","9704316","7.00","0","0"
"38219","13412843","9704316","4.00","0","0"
"38220","83846951","9704316","3.00","0","0"
"38221","24524736","9704316","10.00","0","0"
"38222","65955599","31561187","8.00","0","0"
"38223","81522764","31561187","9.00","0","0"
"38224","63030885","31561187","6.00","0","0"
"38225","66689074","31561187","1.00","0","0"
"38226","51521870","31561187","2.00","0","0"
"38227","13412843","31561187","5.00","0","0"
"38228","83846951","31561187","7.00","0","0"
"38229","24524736","31561187","10.00","0","0"
"38230","65955599","95701656","2.00","0","0"
"38231","81522764","95701656","6.00","0","0"
"38232","63030885","95701656","8.00","0","0"
"38233","66689074","95701656","6.00","0","0"
"38234","51521870","95701656","8.00","0","0"
"38235","13412843","95701656","6.00","0","0"
"38236","83846951","95701656","4.00","0","0"
"38237","24524736","95701656","10.00","0","0"
"38238","65955599","64830853","6.00","0","0"
"38239","81522764","64830853","7.00","0","0"
"38240","63030885","64830853","7.00","0","0"
"38241","66689074","64830853","3.00","0","0"
"38242","51521870","64830853","8.00","0","0"
"38243","13412843","64830853","8.00","0","0"
"38244","83846951","64830853","3.00","0","0"
"38245","24524736","64830853","10.00","0","0"
"38246","65955599","97015711","5.00","0","0"
"38247","81522764","97015711","5.00","0","0"
"38248","63030885","97015711","5.00","0","0"
"38249","66689074","97015711","8.00","0","0"
"38250","51521870","97015711","9.00","0","0"
"38251","13412843","97015711","6.00","0","0"
"38252","83846951","97015711","7.00","0","0"
"38253","24524736","97015711","10.00","0","0"
"38254","65955599","23474192","5.00","0","0"
"38255","81522764","23474192","8.00","0","0"
"38256","63030885","23474192","9.00","0","0"
"38257","66689074","23474192","7.00","0","0"
"38258","51521870","23474192","4.00","0","0"
"38259","13412843","23474192","4.00","0","0"
"38260","83846951","23474192","9.00","0","0"
"38261","24524736","23474192","10.00","0","0"
"38262","65955599","10576990","9.00","0","0"
"38263","81522764","10576990","3.00","0","0"
"38264","63030885","10576990","9.00","0","0"
"38265","66689074","10576990","9.00","0","0"
"38266","51521870","10576990","5.00","0","0"
"38267","13412843","10576990","9.00","0","0"
"38268","83846951","10576990","5.00","0","0"
"38269","24524736","10576990","10.00","0","0"
"38270","65955599","3343985","8.00","0","0"
"38271","81522764","3343985","4.00","0","0"
"38272","63030885","3343985","8.00","0","0"
"38273","66689074","3343985","9.00","0","0"
"38274","51521870","3343985","10.00","1","0"
"38275","13412843","3343985","10.00","1","0"
"38276","83846951","3343985","9.00","0","0"
"38277","24524736","3343985","10.00","0","0"
"38278","80979587","5060785","3.00","0","0"
"38279","6979461","5060785","1.00","0","0"
"38280","55244558","5060785","5.00","0","0"
"38281","22087416","5060785","4.00","0","0"
"38282","84156063","5060785","4.00","0","0"
"38283","96867060","5060785","3.00","0","0"
"38284","98968651","5060785","3.00","0","0"
"38285","97117451","5060785","5.00","0","0"
"38286","26357905","5060785","3.00","0","0"
"38287","80979587","9704316","5.00","0","0"
"38288","6979461","9704316","6.00","0","0"
"38289","55244558","9704316","3.00","0","0"
"38290","22087416","9704316","2.00","0","0"
"38291","84156063","9704316","2.00","0","0"
"38292","96867060","9704316","1.00","0","0"
"38293","98968651","9704316","6.00","0","0"
"38294","97117451","9704316","2.00","0","0"
"38295","26357905","9704316","6.00","0","0"
"38296","80979587","12403011","2.00","0","0"
"38297","6979461","12403011","2.00","0","0"
"38298","55244558","12403011","4.00","0","0"
"38299","22087416","12403011","6.00","0","0"
"38300","84156063","12403011","8.00","0","0"
"38301","96867060","12403011","2.00","0","0"
"38302","98968651","12403011","1.00","0","0"
"38303","97117451","12403011","1.00","0","0"
"38304","26357905","12403011","8.00","0","0"
"38305","80979587","49746069","2.00","0","0"
"38306","6979461","49746069","4.00","0","0"
"38307","55244558","49746069","7.00","0","0"
"38308","22087416","49746069","1.00","0","0"
"38309","84156063","49746069","1.00","0","0"
"38310","96867060","49746069","5.00","0","0"
"38311","98968651","49746069","4.00","0","0"
"38312","97117451","49746069","4.00","0","0"
"38313","26357905","49746069","7.00","0","0"
"38314","80979587","31561187","5.00","0","0"
"38315","6979461","31561187","3.00","0","0"
"38316","55244558","31561187","5.00","0","0"
"38317","22087416","31561187","4.00","0","0"
"38318","84156063","31561187","5.00","0","0"
"38319","96867060","31561187","3.00","0","0"
"38320","98968651","31561187","2.00","0","0"
"38321","97117451","31561187","7.00","0","0"
"38322","26357905","31561187","2.00","0","0"
"38323","80979587","832153","6.00","0","0"
"38324","6979461","832153","5.00","0","0"
"38325","55244558","832153","1.00","0","0"
"38326","22087416","832153","2.00","0","0"
"38327","84156063","832153","7.00","0","0"
"38328","96867060","832153","7.00","0","0"
"38329","98968651","832153","5.00","0","0"
"38330","97117451","832153","3.00","0","0"
"38331","26357905","832153","1.00","0","0"
"38332","80979587","21267167","1.00","0","0"
"38333","6979461","21267167","7.00","0","0"
"38334","55244558","21267167","8.00","0","0"
"38335","22087416","21267167","1.00","0","0"
"38336","84156063","21267167","6.00","0","0"
"38337","96867060","21267167","2.00","0","0"
"38338","98968651","21267167","8.00","0","0"
"38339","97117451","21267167","2.00","0","0"
"38340","26357905","21267167","4.00","0","0"
"38341","80979587","89761386","4.00","0","0"
"38342","6979461","89761386","1.00","0","0"
"38343","55244558","89761386","2.00","0","0"
"38344","22087416","89761386","3.00","0","0"
"38345","84156063","89761386","4.00","0","0"
"38346","96867060","89761386","6.00","0","0"
"38347","98968651","89761386","9.00","0","0"
"38348","97117451","89761386","8.00","0","0"
"38349","26357905","89761386","5.00","0","0"
"38350","80979587","91072341","4.00","0","0"
"38351","6979461","91072341","8.00","0","0"
"38352","55244558","91072341","3.00","0","0"
"38353","22087416","91072341","5.00","0","0"
"38354","84156063","91072341","2.00","0","0"
"38355","96867060","91072341","6.00","0","0"
"38356","98968651","91072341","7.00","0","0"
"38357","97117451","91072341","1.00","0","0"
"38358","26357905","91072341","9.00","0","0"
"38359","80979587","75141924","3.00","0","0"
"38360","6979461","75141924","2.00","0","0"
"38361","55244558","75141924","1.00","0","0"
"38362","22087416","75141924","5.00","0","0"
"38363","84156063","75141924","8.00","0","0"
"38364","96867060","75141924","8.00","0","0"
"38365","98968651","75141924","2.00","0","0"
"38366","97117451","75141924","9.00","0","0"
"38367","26357905","75141924","10.00","0","0"
"38368","80979587","10576990","1.00","0","0"
"38369","6979461","10576990","5.00","0","0"
"38370","55244558","10576990","10.00","1","0"
"38371","22087416","10576990","6.00","0","0"
"38372","84156063","10576990","7.00","0","0"
"38373","96867060","10576990","4.00","0","0"
"38374","98968651","10576990","6.00","0","0"
"38375","97117451","10576990","3.00","0","0"
"38376","26357905","10576990","10.00","0","0"
"38377","80979587","97015711","7.00","0","0"
"38378","6979461","97015711","6.00","0","0"
"38379","55244558","97015711","2.00","0","0"
"38380","22087416","97015711","3.00","0","0"
"38381","84156063","97015711","3.00","0","0"
"38382","96867060","97015711","9.00","0","0"
"38383","98968651","97015711","9.00","0","0"
"38384","97117451","97015711","4.00","0","0"
"38385","26357905","97015711","10.00","0","0"
"38386","80979587","73113253","8.00","0","0"
"38387","6979461","73113253","9.00","0","0"
"38388","55244558","73113253","4.00","0","0"
"38389","22087416","73113253","9.00","0","0"
"38390","84156063","73113253","6.00","0","0"
"38391","96867060","73113253","1.00","0","0"
"38392","98968651","73113253","3.00","0","0"
"38393","97117451","73113253","5.00","0","0"
"38394","26357905","73113253","10.00","0","0"
"38395","80979587","64830853","6.00","0","0"
"38396","6979461","64830853","8.00","0","0"
"38397","55244558","64830853","6.00","0","0"
"38398","22087416","64830853","7.00","0","0"
"38399","84156063","64830853","3.00","0","0"
"38400","96867060","64830853","4.00","0","0"
"38401","98968651","64830853","7.00","0","0"
"38402","97117451","64830853","6.00","0","0"
"38403","26357905","64830853","10.00","0","0"
"38404","80979587","95701656","8.00","0","0"
"38405","6979461","95701656","4.00","0","0"
"38406","55244558","95701656","9.00","0","0"
"38407","22087416","95701656","8.00","0","0"
"38408","84156063","95701656","5.00","0","0"
"38409","96867060","95701656","8.00","0","0"
"38410","98968651","95701656","1.00","0","0"
"38411","97117451","95701656","7.00","0","0"
"38412","26357905","95701656","10.00","0","0"
"38413","80979587","35887754","7.00","0","0"
"38414","6979461","35887754","7.00","0","0"
"38415","55244558","35887754","7.00","0","0"
"38416","22087416","35887754","9.00","0","0"
"38417","84156063","35887754","1.00","0","0"
"38418","96867060","35887754","5.00","0","0"
"38419","98968651","35887754","8.00","0","0"
"38420","97117451","35887754","6.00","0","0"
"38421","26357905","35887754","10.00","0","0"
"38422","80979587","3343985","9.00","0","0"
"38423","6979461","3343985","9.00","0","0"
"38424","55244558","3343985","6.00","0","0"
"38425","22087416","3343985","7.00","0","0"
"38426","84156063","3343985","9.00","0","0"
"38427","96867060","3343985","7.00","0","0"
"38428","98968651","3343985","4.00","0","0"
"38429","97117451","3343985","8.00","0","0"
"38430","26357905","3343985","10.00","0","0"
"38431","80979587","23474192","9.00","0","0"
"38432","6979461","23474192","3.00","0","0"
"38433","55244558","23474192","10.00","1","0"
"38434","22087416","23474192","8.00","0","0"
"38435","84156063","23474192","9.00","0","0"
"38436","96867060","23474192","9.00","0","0"
"38437","98968651","23474192","5.00","0","0"
"38438","97117451","23474192","9.00","0","0"
"38439","26357905","23474192","10.00","0","0"
"38440","30219184","89761386","1.00","0","0"
"38441","42185389","89761386","1.00","0","0"
"38442","45767302","89761386","3.00","0","0"
"38443","16012510","89761386","6.00","0","0"
"38444","99960190","89761386","7.00","0","0"
"38445","85968893","89761386","3.00","0","0"
"38446","40141179","89761386","2.00","0","0"
"38447","61407212","89761386","1.00","0","0"
"38448","24655306","89761386","4.00","0","0"
"38449","90283816","89761386","2.00","0","0"
"38450","80452458","89761386","1.00","0","0"
"38451","30219184","95701656","1.00","0","0"
"38452","42185389","95701656","7.00","0","0"
"38453","45767302","95701656","5.00","0","0"
"38454","16012510","95701656","2.00","0","0"
"38455","99960190","95701656","5.00","0","0"
"38456","85968893","95701656","8.00","0","0"
"38457","40141179","95701656","1.00","0","0"
"38458","61407212","95701656","3.00","0","0"
"38459","24655306","95701656","2.00","0","0"
"38460","90283816","95701656","5.00","0","0"
"38461","80452458","95701656","2.00","0","0"
"38462","30219184","75141924","3.00","0","0"
"38463","42185389","75141924","2.00","0","0"
"38464","45767302","75141924","6.00","0","0"
"38465","16012510","75141924","4.00","0","0"
"38466","99960190","75141924","6.00","0","0"
"38467","85968893","75141924","9.00","0","0"
"38468","40141179","75141924","6.00","0","0"
"38469","61407212","75141924","2.00","0","0"
"38470","24655306","75141924","1.00","0","0"
"38471","90283816","75141924","1.00","0","0"
"38472","80452458","75141924","4.00","0","0"
"38473","30219184","9704316","5.00","0","0"
"38474","42185389","9704316","5.00","0","0"
"38475","45767302","9704316","4.00","0","0"
"38476","16012510","9704316","3.00","0","0"
"38477","99960190","9704316","1.00","0","0"
"38478","85968893","9704316","5.00","0","0"
"38479","40141179","9704316","9.00","0","0"
"38480","61407212","9704316","2.00","0","0"
"38481","24655306","9704316","7.00","0","0"
"38482","90283816","9704316","4.00","0","0"
"38483","80452458","9704316","3.00","0","0"
"38484","30219184","21267167","5.00","0","0"
"38485","42185389","21267167","5.00","0","0"
"38486","45767302","21267167","1.00","0","0"
"38487","16012510","21267167","7.00","0","0"
"38488","99960190","21267167","3.00","0","0"
"38489","85968893","21267167","2.00","0","0"
"38490","40141179","21267167","3.00","0","0"
"38491","61407212","21267167","3.00","0","0"
"38492","24655306","21267167","6.00","0","0"
"38493","90283816","21267167","4.00","0","0"
"38494","80452458","21267167","9.00","0","0"
"38495","30219184","97015711","6.00","0","0"
"38496","42185389","97015711","8.00","0","0"
"38497","45767302","97015711","1.00","0","0"
"38498","16012510","97015711","3.00","0","0"
"38499","99960190","97015711","8.00","0","0"
"38500","85968893","97015711","1.00","0","0"
"38501","40141179","97015711","4.00","0","0"
"38502","61407212","97015711","7.00","0","0"
"38503","24655306","97015711","5.00","0","0"
"38504","90283816","97015711","5.00","0","0"
"38505","80452458","97015711","5.00","0","0"
"38506","30219184","49746069","7.00","0","0"
"38507","42185389","49746069","2.00","0","0"
"38508","45767302","49746069","9.00","1","0"
"38509","16012510","49746069","5.00","0","0"
"38510","99960190","49746069","1.00","0","0"
"38511","85968893","49746069","8.00","0","0"
"38512","40141179","49746069","1.50","0","0"
"38513","61407212","49746069","1.00","0","0"
"38514","24655306","49746069","7.00","0","0"
"38515","90283816","49746069","9.00","0","0"
"38516","80452458","49746069","8.00","0","0"
"38517","30219184","35887754","2.00","0","0"
"38518","42185389","35887754","6.00","0","0"
"38519","45767302","35887754","8.00","0","0"
"38520","16012510","35887754","1.00","0","0"
"38521","99960190","35887754","2.00","0","0"
"38522","85968893","35887754","4.00","0","0"
"38523","40141179","35887754","5.00","0","0"
"38524","61407212","35887754","5.00","0","0"
"38525","24655306","35887754","8.00","0","0"
"38526","90283816","35887754","8.00","0","0"
"38527","80452458","35887754","6.00","0","0"
"38528","30219184","91072341","2.00","0","0"
"38529","42185389","91072341","1.00","0","0"
"38530","45767302","91072341","9.00","0","0"
"38531","16012510","91072341","2.00","0","0"
"38532","99960190","91072341","6.00","0","0"
"38533","85968893","91072341","6.00","0","0"
"38534","40141179","91072341","7.00","0","0"
"38535","61407212","91072341","5.00","0","0"
"38536","24655306","91072341","4.00","0","0"
"38537","90283816","91072341","7.00","0","0"
"38538","80452458","91072341","7.00","0","0"
"38539","30219184","64830853","4.00","0","0"
"38540","42185389","64830853","4.00","0","0"
"38541","45767302","64830853","2.00","0","0"
"38542","16012510","64830853","1.00","0","0"
"38543","99960190","64830853","3.00","0","0"
"38544","85968893","64830853","7.00","0","0"
"38545","40141179","64830853","8.00","0","0"
"38546","61407212","64830853","7.00","0","0"
"38547","24655306","64830853","5.00","0","0"
"38548","90283816","64830853","8.00","0","0"
"38549","80452458","64830853","9.00","0","0"
"38550","30219184","31561187","6.00","0","0"
"38551","42185389","31561187","3.00","0","0"
"38552","45767302","31561187","6.00","0","0"
"38553","16012510","31561187","7.00","0","0"
"38554","99960190","31561187","7.00","0","0"
"38555","85968893","31561187","4.00","0","0"
"38556","40141179","31561187","3.00","0","0"
"38557","61407212","31561187","8.00","0","0"
"38558","24655306","31561187","2.00","0","0"
"38559","90283816","31561187","3.00","0","0"
"38560","80452458","31561187","9.00","0","0"
"38561","30219184","5060785","9.00","0","0"
"38562","42185389","5060785","3.00","0","0"
"38563","45767302","5060785","5.00","0","0"
"38564","16012510","5060785","5.00","0","0"
"38565","99960190","5060785","8.00","0","0"
"38566","85968893","5060785","9.00","0","0"
"38567","40141179","5060785","8.00","0","0"
"38568","61407212","5060785","4.00","0","0"
"38569","24655306","5060785","1.00","0","0"
"38570","90283816","5060785","1.00","0","0"
"38571","80452458","5060785","9.00","0","0"
"38572","30219184","12403011","3.00","0","0"
"38573","42185389","12403011","6.00","0","0"
"38574","45767302","12403011","9.00","1","0"
"38575","16012510","12403011","9.00","0","0"
"38576","99960190","12403011","9.00","0","0"
"38577","85968893","12403011","3.00","0","0"
"38578","40141179","12403011","4.00","0","0"
"38579","61407212","12403011","6.00","0","0"
"38580","24655306","12403011","3.00","0","0"
"38581","90283816","12403011","2.00","0","0"
"38582","80452458","12403011","9.00","0","0"
"38583","30219184","23474192","4.00","0","0"
"38584","42185389","23474192","7.00","0","0"
"38585","45767302","23474192","7.00","0","0"
"38586","16012510","23474192","4.00","0","0"
"38587","99960190","23474192","2.00","0","0"
"38588","85968893","23474192","5.00","0","0"
"38589","40141179","23474192","7.00","0","0"
"38590","61407212","23474192","6.00","0","0"
"38591","24655306","23474192","9.00","0","0"
"38592","90283816","23474192","7.00","0","0"
"38593","80452458","23474192","9.00","0","0"
"38594","30219184","73113253","8.00","0","0"
"38595","42185389","73113253","8.00","0","0"
"38596","45767302","73113253","8.00","0","0"
"38597","16012510","73113253","6.00","0","0"
"38598","99960190","73113253","5.00","0","0"
"38599","85968893","73113253","2.00","0","0"
"38600","40141179","73113253","9.00","0","0"
"38601","61407212","73113253","4.00","0","0"
"38602","24655306","73113253","3.00","0","0"
"38603","90283816","73113253","6.00","0","0"
"38604","80452458","73113253","9.00","0","0"
"38605","30219184","832153","9.00","0","0"
"38606","42185389","832153","4.00","0","0"
"38607","45767302","832153","4.00","0","0"
"38608","16012510","832153","8.00","0","0"
"38609","99960190","832153","4.00","0","0"
"38610","85968893","832153","6.00","0","0"
"38611","40141179","832153","5.00","0","0"
"38612","61407212","832153","8.00","0","0"
"38613","24655306","832153","8.00","0","0"
"38614","90283816","832153","6.00","0","0"
"38615","80452458","832153","9.00","0","0"
"38616","30219184","10576990","8.00","0","0"
"38617","42185389","10576990","9.00","0","0"
"38618","45767302","10576990","2.00","0","0"
"38619","16012510","10576990","9.00","0","0"
"38620","99960190","10576990","4.00","0","0"
"38621","85968893","10576990","7.00","0","0"
"38622","40141179","10576990","6.00","0","0"
"38623","61407212","10576990","9.00","0","0"
"38624","24655306","10576990","6.00","0","0"
"38625","90283816","10576990","3.00","0","0"
"38626","80452458","10576990","9.00","0","0"
"38627","30219184","3343985","7.00","0","0"
"38628","42185389","3343985","9.00","0","0"
"38629","45767302","3343985","9.00","0","0"
"38630","16012510","3343985","8.00","0","0"
"38631","99960190","3343985","9.00","0","0"
"38632","85968893","3343985","1.00","0","0"
"38633","40141179","3343985","1.50","0","0"
"38634","61407212","3343985","9.00","0","0"
"38635","24655306","3343985","9.00","0","0"
"38636","90283816","3343985","9.00","0","0"
"38637","80452458","3343985","9.00","0","0"
"38638","73318121","49746069","2.00","0","0"
"38639","48835044","49746069","4.00","0","0"
"38640","69597306","49746069","1.00","0","0"
"38641","39172226","49746069","1.00","0","0"
"38642","36700170","49746069","1.00","0","0"
"38643","82294366","49746069","5.00","0","0"
"38644","67044170","49746069","6.00","0","0"
"38645","34637062","49746069","5.00","0","0"
"38646","65215015","49746069","1.00","0","0"
"38647","27898788","49746069","1.00","0","0"
"38648","5950772","49746069","2.00","0","0"
"38649","85963872","49746069","1.00","0","0"
"38650","75779663","49746069","1.00","0","0"
"38651","94715680","49746069","8.00","0","0"
"38652","56647307","49746069","9.00","0","0"
"38653","73318121","21267167","4.00","0","0"
"38654","48835044","21267167","1.00","0","0"
"38655","69597306","21267167","8.00","0","0"
"38656","39172226","21267167","2.00","0","0"
"38657","36700170","21267167","7.00","0","0"
"38658","82294366","21267167","3.50","0","0"
"38659","67044170","21267167","1.00","0","0"
"38660","34637062","21267167","3.00","0","0"
"38661","65215015","21267167","2.00","0","0"
"38662","27898788","21267167","1.00","0","0"
"38663","5950772","21267167","6.00","0","0"
"38664","85963872","21267167","4.00","0","0"
"38665","75779663","21267167","2.00","0","0"
"38666","94715680","21267167","6.00","0","0"
"38667","56647307","21267167","1.00","0","0"
"38668","73318121","89761386","1.00","0","0"
"38669","48835044","89761386","7.00","0","0"
"38670","69597306","89761386","1.00","0","0"
"38671","39172226","89761386","3.00","0","0"
"38672","36700170","89761386","5.00","0","0"
"38673","82294366","89761386","2.00","0","0"
"38674","67044170","89761386","3.00","0","0"
"38675","34637062","89761386","1.00","0","0"
"38676","65215015","89761386","3.00","0","0"
"38677","27898788","89761386","6.00","0","0"
"38678","5950772","89761386","8.00","0","0"
"38679","85963872","89761386","1.00","0","0"
"38680","75779663","89761386","3.00","0","0"
"38681","94715680","89761386","6.00","0","0"
"38682","56647307","89761386","2.00","0","0"
"38683","73318121","73113253","1.00","0","0"
"38684","48835044","73113253","2.00","0","0"
"38685","69597306","73113253","2.00","0","0"
"38686","39172226","73113253","4.00","0","0"
"38687","36700170","73113253","2.00","0","0"
"38688","82294366","73113253","9.00","0","0"
"38689","67044170","73113253","5.00","0","0"
"38690","34637062","73113253","4.00","0","0"
"38691","65215015","73113253","5.00","0","0"
"38692","27898788","73113253","8.00","0","0"
"38693","5950772","73113253","3.00","0","0"
"38694","85963872","73113253","3.00","0","0"
"38695","75779663","73113253","3.00","0","0"
"38696","94715680","73113253","1.00","0","0"
"38697","56647307","73113253","4.00","0","0"
"38698","73318121","5060785","5.00","0","0"
"38699","48835044","5060785","3.00","0","0"
"38700","69597306","5060785","6.00","0","0"
"38701","39172226","5060785","6.00","0","0"
"38702","36700170","5060785","3.00","0","0"
"38703","82294366","5060785","4.00","0","0"
"38704","67044170","5060785","7.00","0","0"
"38705","34637062","5060785","6.00","0","0"
"38706","65215015","5060785","3.00","0","0"
"38707","27898788","5060785","2.00","0","0"
"38708","5950772","5060785","1.00","0","0"
"38709","85963872","5060785","3.00","0","0"
"38710","75779663","5060785","6.00","0","0"
"38711","94715680","5060785","3.00","0","0"
"38712","56647307","5060785","3.00","0","0"
"38713","73318121","3343985","9.00","0","0"
"38714","48835044","3343985","6.00","0","0"
"38715","69597306","3343985","2.00","0","0"
"38716","39172226","3343985","5.00","0","0"
"38717","36700170","3343985","2.00","0","0"
"38718","82294366","3343985","2.00","0","0"
"38719","67044170","3343985","2.00","0","0"
"38720","34637062","3343985","3.00","0","0"
"38721","65215015","3343985","7.00","0","0"
"38722","27898788","3343985","4.00","0","0"
"38723","5950772","3343985","7.00","0","0"
"38724","85963872","3343985","5.00","0","0"
"38725","75779663","3343985","5.00","0","0"
"38726","94715680","3343985","4.00","0","0"
"38727","56647307","3343985","5.00","0","0"
"38728","73318121","35887754","7.00","0","0"
"38729","48835044","35887754","2.00","0","0"
"38730","69597306","35887754","4.00","0","0"
"38731","39172226","35887754","3.00","0","0"
"38732","36700170","35887754","6.00","0","0"
"38733","82294366","35887754","6.00","0","0"
"38734","67044170","35887754","4.00","0","0"
"38735","34637062","35887754","8.00","0","0"
"38736","65215015","35887754","1.00","0","0"
"38737","27898788","35887754","4.00","0","0"
"38738","5950772","35887754","4.00","0","0"
"38739","85963872","35887754","4.00","0","0"
"38740","75779663","35887754","4.00","0","0"
"38741","94715680","35887754","5.00","0","0"
"38742","56647307","35887754","6.00","0","0"
"38743","73318121","91072341","5.00","0","0"
"38744","48835044","91072341","5.00","0","0"
"38745","69597306","91072341","3.00","0","0"
"38746","39172226","91072341","2.00","0","0"
"38747","36700170","91072341","9.00","0","0"
"38748","82294366","91072341","3.50","0","0"
"38749","67044170","91072341","2.00","0","0"
"38750","34637062","91072341","2.00","0","0"
"38751","65215015","91072341","7.00","0","0"
"38752","27898788","91072341","3.00","0","0"
"38753","5950772","91072341","2.00","0","0"
"38754","85963872","91072341","9.00","0","0"
"38755","75779663","91072341","2.00","0","0"
"38756","94715680","91072341","9.00","0","0"
"38757","56647307","91072341","7.00","0","0"
"38758","73318121","97015711","2.00","0","0"
"38759","48835044","97015711","9.00","0","0"
"38760","69597306","97015711","9.00","0","0"
"38761","39172226","97015711","4.00","0","0"
"38762","36700170","97015711","4.00","0","0"
"38763","82294366","97015711","3.00","0","0"
"38764","67044170","97015711","3.00","0","0"
"38765","34637062","97015711","2.00","0","0"
"38766","65215015","97015711","6.00","0","0"
"38767","27898788","97015711","6.00","0","0"
"38768","5950772","97015711","5.00","0","0"
"38769","85963872","97015711","2.00","0","0"
"38770","75779663","97015711","7.00","0","0"
"38771","94715680","97015711","2.00","0","0"
"38772","56647307","97015711","8.00","0","0"
"38773","73318121","12403011","3.00","0","0"
"38774","48835044","12403011","9.00","0","0"
"38775","69597306","12403011","5.00","0","0"
"38776","39172226","12403011","1.00","0","0"
"38777","36700170","12403011","6.00","0","0"
"38778","82294366","12403011","9.00","0","0"
"38779","67044170","12403011","1.00","0","0"
"38780","34637062","12403011","6.00","0","0"
"38781","65215015","12403011","8.00","0","0"
"38782","27898788","12403011","9.00","0","0"
"38783","5950772","12403011","3.00","0","0"
"38784","85963872","12403011","2.00","0","0"
"38785","75779663","12403011","4.00","0","0"
"38786","94715680","12403011","1.00","0","0"
"38787","56647307","12403011","2.00","0","0"
"38788","73318121","75091219","3.00","0","0"
"38789","48835044","75091219","3.00","0","0"
"38790","69597306","75091219","8.00","0","0"
"38791","39172226","75091219","7.00","0","0"
"38792","36700170","75091219","4.00","0","0"
"38793","82294366","75091219","1.00","0","0"
"38794","67044170","75091219","9.00","0","0"
"38795","34637062","75091219","7.00","0","0"
"38796","65215015","75091219","8.00","0","0"
"38797","27898788","75091219","5.00","0","0"
"38798","5950772","75091219","4.00","0","0"
"38799","85963872","75091219","8.00","0","0"
"38800","75779663","75091219","1.00","0","0"
"38801","94715680","75091219","3.00","0","0"
"38802","56647307","75091219","3.00","0","0"
"38803","73318121","31561187","4.00","0","0"
"38804","48835044","31561187","4.00","0","0"
"38805","69597306","31561187","3.00","0","0"
"38806","39172226","31561187","6.00","0","0"
"38807","36700170","31561187","3.00","0","0"
"38808","82294366","31561187","7.00","0","0"
"38809","67044170","31561187","8.00","0","0"
"38810","34637062","31561187","1.00","0","0"
"38811","65215015","31561187","2.00","0","0"
"38812","27898788","31561187","7.00","0","0"
"38813","5950772","31561187","8.00","0","0"
"38814","85963872","31561187","5.00","0","0"
"38815","75779663","31561187","6.00","0","0"
"38816","94715680","31561187","7.00","0","0"
"38817","56647307","31561187","7.00","0","0"
"38818","73318121","10576990","7.00","0","0"
"38819","48835044","10576990","5.00","0","0"
"38820","69597306","10576990","4.00","0","0"
"38821","39172226","10576990","5.00","0","0"
"38822","36700170","10576990","9.00","0","0"
"38823","82294366","10576990","5.00","0","0"
"38824","67044170","10576990","5.00","0","0"
"38825","34637062","10576990","5.00","0","0"
"38826","65215015","10576990","6.00","0","0"
"38827","27898788","10576990","5.00","0","0"
"38828","5950772","10576990","1.00","0","0"
"38829","85963872","10576990","6.00","0","0"
"38830","75779663","10576990","5.00","0","0"
"38831","94715680","10576990","8.00","0","0"
"38832","56647307","10576990","6.00","0","0"
"38833","73318121","75141924","6.00","0","0"
"38834","48835044","75141924","7.00","0","0"
"38835","69597306","75141924","6.00","0","0"
"38836","39172226","75141924","7.00","0","0"
"38837","36700170","75141924","8.00","0","0"
"38838","82294366","75141924","1.00","0","0"
"38839","67044170","75141924","4.00","0","0"
"38840","34637062","75141924","8.00","0","0"
"38841","65215015","75141924","4.00","0","0"
"38842","27898788","75141924","3.00","0","0"
"38843","5950772","75141924","5.00","0","0"
"38844","85963872","75141924","7.00","0","0"
"38845","75779663","75141924","8.00","0","0"
"38846","94715680","75141924","5.00","0","0"
"38847","56647307","75141924","5.00","0","0"
"38848","73318121","832153","8.00","0","0"
"38849","48835044","832153","6.00","0","0"
"38850","69597306","832153","7.00","0","0"
"38851","39172226","832153","8.00","0","0"
"38852","36700170","832153","5.00","0","0"
"38853","82294366","832153","6.00","0","0"
"38854","67044170","832153","6.00","0","0"
"38855","34637062","832153","10.00","1","0"
"38856","65215015","832153","4.00","0","0"
"38857","27898788","832153","7.00","0","0"
"38858","5950772","832153","6.00","0","0"
"38859","85963872","832153","6.00","0","0"
"38860","75779663","832153","7.00","0","0"
"38861","94715680","832153","2.00","0","0"
"38862","56647307","832153","1.00","0","0"
"38863","73318121","64830853","8.00","0","0"
"38864","48835044","64830853","1.00","0","0"
"38865","69597306","64830853","5.00","0","0"
"38866","39172226","64830853","8.00","0","0"
"38867","36700170","64830853","1.00","0","0"
"38868","82294366","64830853","8.00","0","0"
"38869","67044170","64830853","9.00","0","0"
"38870","34637062","64830853","4.00","0","0"
"38871","65215015","64830853","9.00","0","0"
"38872","27898788","64830853","2.00","0","0"
"38873","5950772","64830853","9.00","0","0"
"38874","85963872","64830853","8.00","0","0"
"38875","75779663","64830853","9.00","0","0"
"38876","94715680","64830853","4.00","0","0"
"38877","56647307","64830853","8.00","0","0"
"38878","73318121","9704316","9.00","0","0"
"38879","48835044","9704316","8.00","0","0"
"38880","69597306","9704316","7.00","0","0"
"38881","39172226","9704316","9.00","0","0"
"38882","36700170","9704316","8.00","0","0"
"38883","82294366","9704316","7.00","0","0"
"38884","67044170","9704316","7.00","0","0"
"38885","34637062","9704316","7.00","0","0"
"38886","65215015","9704316","5.00","0","0"
"38887","27898788","9704316","10.00","1","0"
"38888","5950772","9704316","9.00","0","0"
"38889","85963872","9704316","7.00","0","0"
"38890","75779663","9704316","9.00","0","0"
"38891","94715680","9704316","9.00","0","0"
"38892","56647307","9704316","4.00","0","0"
"38893","73318121","23474192","6.00","0","0"
"38894","48835044","23474192","8.00","0","0"
"38895","69597306","23474192","9.00","0","0"
"38896","39172226","23474192","9.00","0","0"
"38897","36700170","23474192","7.00","0","0"
"38898","82294366","23474192","8.00","0","0"
"38899","67044170","23474192","8.00","0","0"
"38900","34637062","23474192","9.00","0","0"
"38901","65215015","23474192","9.00","0","0"
"38902","27898788","23474192","8.00","0","0"
"38903","5950772","23474192","7.00","0","0"
"38904","85963872","23474192","9.00","0","0"
"38905","75779663","23474192","8.00","0","0"
"38906","94715680","23474192","7.00","0","0"
"38907","56647307","23474192","9.00","0","0"
"38908","94361887","91072341","3.00","0","0"
"38909","83096630","91072341","1.00","0","0"
"38910","49985922","91072341","5.00","0","0"
"38911","78437239","91072341","1.00","0","0"
"38912","84743424","91072341","1.00","0","0"
"38913","60294976","91072341","2.00","0","0"
"38914","46229115","91072341","6.00","0","0"
"38915","76103606","91072341","2.00","0","0"
"38916","66719065","91072341","3.00","0","0"
"38917","59370556","91072341","4.00","0","0"
"38918","94361887","12403011","2.00","0","0"
"38919","83096630","12403011","1.00","0","0"
"38920","49985922","12403011","1.00","0","0"
"38921","78437239","12403011","6.00","0","0"
"38922","84743424","12403011","3.00","0","0"
"38923","60294976","12403011","6.00","0","0"
"38924","46229115","12403011","2.00","0","0"
"38925","76103606","12403011","3.00","0","0"
"38926","66719065","12403011","1.00","0","0"
"38927","59370556","12403011","8.00","0","0"
"38928","94361887","49746069","4.00","0","0"
"38929","83096630","49746069","2.00","0","0"
"38930","49985922","49746069","1.00","0","0"
"38931","78437239","49746069","7.00","0","0"
"38932","84743424","49746069","1.00","0","0"
"38933","60294976","49746069","2.00","0","0"
"38934","46229115","49746069","5.00","0","0"
"38935","76103606","49746069","4.00","0","0"
"38936","66719065","49746069","2.00","0","0"
"38937","59370556","49746069","9.00","0","0"
"38938","94361887","9704316","1.00","0","0"
"38939","83096630","9704316","5.00","0","0"
"38940","49985922","9704316","2.00","0","0"
"38941","78437239","9704316","3.00","0","0"
"38942","84743424","9704316","2.00","0","0"
"38943","60294976","9704316","7.00","0","0"
"38944","46229115","9704316","5.00","0","0"
"38945","76103606","9704316","1.00","0","0"
"38946","66719065","9704316","4.00","0","0"
"38947","59370556","9704316","3.00","0","0"
"38948","94361887","53442767","4.00","0","0"
"38949","83096630","53442767","3.00","0","0"
"38950","49985922","53442767","4.00","0","0"
"38951","78437239","53442767","8.00","0","0"
"38952","84743424","53442767","4.00","0","0"
"38953","60294976","53442767","1.00","0","0"
"38954","46229115","53442767","4.00","0","0"
"38955","76103606","53442767","5.00","0","0"
"38956","66719065","53442767","4.00","0","0"
"38957","59370556","53442767","5.00","0","0"
"38958","94361887","59287240","1.00","0","0"
"38959","83096630","59287240","4.00","0","0"
"38960","49985922","59287240","5.00","0","0"
"38961","78437239","59287240","3.00","0","0"
"38962","84743424","59287240","8.00","0","0"
"38963","60294976","59287240","8.00","0","0"
"38964","46229115","59287240","1.00","0","0"
"38965","76103606","59287240","8.00","0","0"
"38966","66719065","59287240","7.00","0","0"
"38967","59370556","59287240","4.00","0","0"
"38968","94361887","21267167","2.00","0","0"
"38969","83096630","21267167","7.00","0","0"
"38970","49985922","21267167","3.00","0","0"
"38971","78437239","21267167","4.00","0","0"
"38972","84743424","21267167","2.00","0","0"
"38973","60294976","21267167","3.00","0","0"
"38974","46229115","21267167","3.00","0","0"
"38975","76103606","21267167","9.00","0","0"
"38976","66719065","21267167","3.00","0","0"
"38977","59370556","21267167","7.00","0","0"
"38978","94361887","97015711","5.00","0","0"
"38979","83096630","97015711","9.00","0","0"
"38980","49985922","97015711","3.00","0","0"
"38981","78437239","97015711","4.00","0","0"
"38982","84743424","97015711","7.00","0","0"
"38983","60294976","97015711","9.00","0","0"
"38984","46229115","97015711","1.00","0","0"
"38985","76103606","97015711","6.00","0","0"
"38986","66719065","97015711","6.00","0","0"
"38987","59370556","97015711","2.00","0","0"
"38988","94361887","74363723","3.00","0","0"
"38989","83096630","74363723","6.00","0","0"
"38990","49985922","74363723","8.00","0","0"
"38991","78437239","74363723","2.00","0","0"
"38992","84743424","74363723","6.00","0","0"
"38993","60294976","74363723","5.00","0","0"
"38994","46229115","74363723","7.00","0","0"
"38995","76103606","74363723","2.00","0","0"
"38996","66719065","74363723","2.00","0","0"
"38997","59370556","74363723","9.00","0","0"
"38998","94361887","14947601","7.00","0","0"
"38999","83096630","14947601","3.00","0","0"
"39000","49985922","14947601","8.00","0","0"
"39001","78437239","14947601","8.00","0","0"
"39002","84743424","14947601","7.00","0","0"
"39003","60294976","14947601","8.00","0","0"
"39004","46229115","14947601","3.00","0","0"
"39005","76103606","14947601","7.50","0","0"
"39006","66719065","14947601","1.00","0","0"
"39007","59370556","14947601","1.00","0","0"
"39008","94361887","75091219","6.00","0","0"
"39009","83096630","75091219","2.00","0","0"
"39010","49985922","75091219","10.00","0","0"
"39011","78437239","75091219","2.00","0","0"
"39012","84743424","75091219","5.00","0","0"
"39013","60294976","75091219","9.00","0","0"
"39014","46229115","75091219","6.00","0","0"
"39015","76103606","75091219","7.50","0","0"
"39016","66719065","75091219","5.00","0","0"
"39017","59370556","75091219","2.00","0","0"
"39018","94361887","75141924","9.00","0","0"
"39019","83096630","75141924","4.00","0","0"
"39020","49985922","75141924","2.00","0","0"
"39021","78437239","75141924","5.00","0","0"
"39022","84743424","75141924","6.00","0","0"
"39023","60294976","75141924","7.00","0","0"
"39024","46229115","75141924","8.00","0","0"
"39025","76103606","75141924","4.00","0","0"
"39026","66719065","75141924","5.00","0","0"
"39027","59370556","75141924","8.00","0","0"
"39028","94361887","31561187","6.00","0","0"
"39029","83096630","31561187","9.00","0","0"
"39030","49985922","31561187","7.00","0","0"
"39031","78437239","31561187","1.00","0","0"
"39032","84743424","31561187","3.00","0","0"
"39033","60294976","31561187","1.00","0","0"
"39034","46229115","31561187","4.00","0","0"
"39035","76103606","31561187","9.00","0","0"
"39036","66719065","31561187","9.00","0","0"
"39037","59370556","31561187","6.00","0","0"
"39038","94361887","53387446","8.00","0","0"
"39039","83096630","53387446","7.00","0","0"
"39040","49985922","53387446","9.00","0","0"
"39041","78437239","53387446","9.00","0","0"
"39042","84743424","53387446","8.00","0","0"
"39043","60294976","53387446","3.00","0","0"
"39044","46229115","53387446","9.00","0","0"
"39045","76103606","53387446","1.00","0","0"
"39046","66719065","53387446","7.00","0","0"
"39047","59370556","53387446","1.00","0","0"
"39048","94361887","18767554","7.00","0","0"
"39049","83096630","18767554","5.00","0","0"
"39050","49985922","18767554","6.00","0","0"
"39051","78437239","18767554","5.00","0","0"
"39052","84743424","18767554","5.00","0","0"
"39053","60294976","18767554","5.00","0","0"
"39054","46229115","18767554","10.00","0","0"
"39055","76103606","18767554","7.00","0","0"
"39056","66719065","18767554","6.00","0","0"
"39057","59370556","18767554","3.00","0","0"
"39058","94361887","30407568","8.00","0","0"
"39059","83096630","30407568","8.00","0","0"
"39060","49985922","30407568","6.00","0","0"
"39061","78437239","30407568","10.00","0","0"
"39062","84743424","30407568","9.00","0","0"
"39063","60294976","30407568","6.00","0","0"
"39064","46229115","30407568","2.00","0","0"
"39065","76103606","30407568","3.00","0","0"
"39066","66719065","30407568","8.00","0","0"
"39067","59370556","30407568","6.00","0","0"
"39068","94361887","73113253","5.00","0","0"
"39069","83096630","73113253","6.00","0","0"
"39070","49985922","73113253","4.00","0","0"
"39071","78437239","73113253","7.00","0","0"
"39072","84743424","73113253","9.00","0","0"
"39073","60294976","73113253","4.00","0","0"
"39074","46229115","73113253","8.00","0","0"
"39075","76103606","73113253","6.00","0","0"
"39076","66719065","73113253","8.00","0","0"
"39077","59370556","73113253","5.00","0","0"
"39078","94361887","832153","9.00","0","0"
"39079","83096630","832153","8.00","0","0"
"39080","49985922","832153","7.00","0","0"
"39081","78437239","832153","6.00","0","0"
"39082","84743424","832153","4.00","0","0"
"39083","60294976","832153","4.00","0","0"
"39084","46229115","832153","7.00","0","0"
"39085","76103606","832153","5.00","0","0"
"39086","66719065","832153","9.00","0","0"
"39087","59370556","832153","7.00","0","0"
"39088","6014968","49746069","1.00","0","0"
"39089","52271954","49746069","2.00","0","0"
"39090","45494788","49746069","8.00","0","0"
"39091","87114455","49746069","2.00","0","0"
"39092","79715584","49746069","6.00","0","0"
"39093","60129393","49746069","1.00","0","0"
"39094","73188793","49746069","8.00","0","0"
"39095","58164681","49746069","3.00","0","0"
"39096","21297931","49746069","1.00","0","0"
"39097","41605983","49746069","3.00","0","0"
"39098","34957142","49746069","1.00","0","0"
"39099","6014968","30407568","1.00","0","0"
"39100","52271954","30407568","7.00","0","0"
"39101","45494788","30407568","3.00","0","0"
"39102","87114455","30407568","5.00","0","0"
"39103","79715584","30407568","7.00","0","0"
"39104","60129393","30407568","1.00","0","0"
"39105","73188793","30407568","3.00","0","0"
"39106","58164681","30407568","1.00","0","0"
"39107","21297931","30407568","2.00","0","0"
"39108","41605983","30407568","4.00","0","0"
"39109","34957142","30407568","2.00","0","0"
"39110","6014968","9704316","3.00","0","0"
"39111","52271954","9704316","2.00","0","0"
"39112","45494788","9704316","6.00","0","0"
"39113","87114455","9704316","1.00","0","0"
"39114","79715584","9704316","5.00","0","0"
"39115","60129393","9704316","7.00","0","0"
"39116","73188793","9704316","6.00","0","0"
"39117","58164681","9704316","1.00","0","0"
"39118","21297931","9704316","1.00","0","0"
"39119","41605983","9704316","1.00","0","0"
"39120","34957142","9704316","5.00","0","0"
"39121","6014968","73113253","2.00","0","0"
"39122","52271954","73113253","4.00","0","0"
"39123","45494788","73113253","3.00","0","0"
"39124","87114455","73113253","7.00","0","0"
"39125","79715584","73113253","1.00","0","0"
"39126","60129393","73113253","3.00","0","0"
"39127","73188793","73113253","2.00","0","0"
"39128","58164681","73113253","8.00","0","0"
"39129","21297931","73113253","4.00","0","0"
"39130","41605983","73113253","2.00","0","0"
"39131","34957142","73113253","6.00","0","0"
"39132","6014968","53442767","5.00","0","0"
"39133","52271954","53442767","1.00","0","0"
"39134","45494788","53442767","9.00","0","0"
"39135","87114455","53442767","2.00","0","0"
"39136","79715584","53442767","4.00","0","0"
"39137","60129393","53442767","2.00","0","0"
"39138","73188793","53442767","9.00","0","0"
"39139","58164681","53442767","8.00","0","0"
"39140","21297931","53442767","2.00","0","0"
"39141","41605983","53442767","2.00","0","0"
"39142","34957142","53442767","4.00","0","0"
"39143","6014968","53387446","4.00","0","0"
"39144","52271954","53387446","3.00","0","0"
"39145","45494788","53387446","2.00","0","0"
"39146","87114455","53387446","6.00","0","0"
"39147","79715584","53387446","3.00","0","0"
"39148","60129393","53387446","5.00","0","0"
"39149","73188793","53387446","3.00","0","0"
"39150","58164681","53387446","3.00","0","0"
"39151","21297931","53387446","4.00","0","0"
"39152","41605983","53387446","7.00","0","0"
"39153","34957142","53387446","8.00","0","0"
"39154","6014968","832153","6.00","0","0"
"39155","52271954","832153","6.00","0","0"
"39156","45494788","832153","7.00","0","0"
"39157","87114455","832153","7.00","0","0"
"39158","79715584","832153","4.00","0","0"
"39159","60129393","832153","3.00","0","0"
"39160","73188793","832153","1.00","0","0"
"39161","58164681","832153","7.00","0","0"
"39162","21297931","832153","5.00","0","0"
"39163","41605983","832153","3.00","0","0"
"39164","34957142","832153","1.00","0","0"
"39165","6014968","12403011","5.00","0","0"
"39166","52271954","12403011","1.00","0","0"
"39167","45494788","12403011","8.00","0","0"
"39168","87114455","12403011","3.00","0","0"
"39169","79715584","12403011","8.00","0","0"
"39170","60129393","12403011","6.00","0","0"
"39171","73188793","12403011","5.00","0","0"
"39172","58164681","12403011","5.00","0","0"
"39173","21297931","12403011","6.00","0","0"
"39174","41605983","12403011","1.00","0","0"
"39175","34957142","12403011","4.00","0","0"
"39176","6014968","14947601","8.00","0","0"
"39177","52271954","14947601","3.00","0","0"
"39178","45494788","14947601","4.00","0","0"
"39179","87114455","14947601","8.00","0","0"
"39180","79715584","14947601","3.00","0","0"
"39181","60129393","14947601","2.00","0","0"
"39182","73188793","14947601","4.00","0","0"
"39183","58164681","14947601","5.00","0","0"
"39184","21297931","14947601","3.00","0","0"
"39185","41605983","14947601","9.00","0","0"
"39186","34957142","14947601","3.00","0","0"
"39187","6014968","59287240","4.00","0","0"
"39188","52271954","59287240","8.00","0","0"
"39189","45494788","59287240","6.00","0","0"
"39190","87114455","59287240","4.00","0","0"
"39191","79715584","59287240","5.00","0","0"
"39192","60129393","59287240","6.00","0","0"
"39193","73188793","59287240","7.00","0","0"
"39194","58164681","59287240","2.00","0","0"
"39195","21297931","59287240","8.00","0","0"
"39196","41605983","59287240","6.00","0","0"
"39197","34957142","59287240","2.00","0","0"
"39198","6014968","21267167","2.00","0","0"
"39199","52271954","21267167","5.00","0","0"
"39200","45494788","21267167","2.00","0","0"
"39201","87114455","21267167","9.00","0","0"
"39202","79715584","21267167","8.00","0","0"
"39203","60129393","21267167","4.00","0","0"
"39204","73188793","21267167","7.00","0","0"
"39205","58164681","21267167","4.00","0","0"
"39206","21297931","21267167","6.00","0","0"
"39207","41605983","21267167","6.00","0","0"
"39208","34957142","21267167","7.00","0","0"
"39209","6014968","97015711","9.00","0","0"
"39210","52271954","97015711","9.00","0","0"
"39211","45494788","97015711","1.00","0","0"
"39212","87114455","97015711","9.00","0","0"
"39213","79715584","97015711","2.00","0","0"
"39214","60129393","97015711","5.00","0","0"
"39215","73188793","97015711","4.00","0","0"
"39216","58164681","97015711","7.00","0","0"
"39217","21297931","97015711","7.00","0","0"
"39218","41605983","97015711","7.00","0","0"
"39219","34957142","97015711","3.00","0","0"
"39220","6014968","75141924","9.00","0","0"
"39221","52271954","75141924","7.00","0","0"
"39222","45494788","75141924","1.00","0","0"
"39223","87114455","75141924","4.00","0","0"
"39224","79715584","75141924","7.00","0","0"
"39225","60129393","75141924","7.00","0","0"
"39226","73188793","75141924","2.00","0","0"
"39227","58164681","75141924","9.00","0","0"
"39228","21297931","75141924","3.00","0","0"
"39229","41605983","75141924","8.00","0","0"
"39230","34957142","75141924","7.00","0","0"
"39231","6014968","31561187","7.00","0","0"
"39232","52271954","31561187","11.00","0","0"
"39233","45494788","31561187","4.00","0","0"
"39234","87114455","31561187","5.00","0","0"
"39235","79715584","31561187","2.00","0","0"
"39236","60129393","31561187","4.00","0","0"
"39237","73188793","31561187","8.00","0","0"
"39238","58164681","31561187","4.00","0","0"
"39239","21297931","31561187","7.00","0","0"
"39240","41605983","31561187","5.00","0","0"
"39241","34957142","31561187","9.00","0","0"
"39242","6014968","75091219","7.00","0","0"
"39243","52271954","75091219","4.00","0","0"
"39244","45494788","75091219","7.00","0","0"
"39245","87114455","75091219","1.00","0","0"
"39246","79715584","75091219","9.00","0","0"
"39247","60129393","75091219","10.00","0","0"
"39248","73188793","75091219","5.00","0","0"
"39249","58164681","75091219","2.00","0","0"
"39250","21297931","75091219","8.00","0","0"
"39251","41605983","75091219","9.00","0","0"
"39252","34957142","75091219","5.00","0","0"
"39253","6014968","91072341","3.00","0","0"
"39254","52271954","91072341","5.00","0","0"
"39255","45494788","91072341","9.00","0","0"
"39256","87114455","91072341","3.00","0","0"
"39257","79715584","91072341","9.00","0","0"
"39258","60129393","91072341","8.00","0","0"
"39259","73188793","91072341","9.00","0","0"
"39260","58164681","91072341","6.00","0","0"
"39261","21297931","91072341","5.00","0","0"
"39262","41605983","91072341","8.00","0","0"
"39263","34957142","91072341","6.00","0","0"
"39264","6014968","74363723","8.00","0","0"
"39265","52271954","74363723","6.00","0","0"
"39266","45494788","74363723","5.00","0","0"
"39267","87114455","74363723","6.00","0","0"
"39268","79715584","74363723","6.00","0","0"
"39269","60129393","74363723","8.00","0","0"
"39270","73188793","74363723","1.00","0","0"
"39271","58164681","74363723","6.00","0","0"
"39272","21297931","74363723","9.00","0","0"
"39273","41605983","74363723","8.00","0","0"
"39274","34957142","74363723","9.00","0","0"
"39275","6014968","18767554","6.00","0","0"
"39276","52271954","18767554","8.00","0","0"
"39277","45494788","18767554","5.00","0","0"
"39278","87114455","18767554","8.00","0","0"
"39279","79715584","18767554","1.00","0","0"
"39280","60129393","18767554","9.00","0","0"
"39281","73188793","18767554","6.00","0","0"
"39282","58164681","18767554","9.00","0","0"
"39283","21297931","18767554","9.00","0","0"
"39284","41605983","18767554","5.00","0","0"
"39285","34957142","18767554","8.00","0","0"
"39286","96659478","30407568","1.00","0","0"
"39287","50088792","30407568","3.00","0","0"
"39288","67026703","30407568","2.00","0","0"
"39289","97242271","30407568","2.00","0","0"
"39290","37653993","30407568","1.00","0","0"
"39291","50593675","30407568","3.00","0","0"
"39292","72210553","30407568","4.00","0","0"
"39293","92684416","30407568","4.00","0","0"
"39294","1922482","30407568","9.00","0","0"
"39295","34839098","30407568","3.00","0","0"
"39296","82573058","30407568","3.00","0","0"
"39297","96659478","21267167","7.00","0","0"
"39298","50088792","21267167","1.00","0","0"
"39299","67026703","21267167","3.00","0","0"
"39300","97242271","21267167","6.00","0","0"
"39301","37653993","21267167","4.00","0","0"
"39302","50593675","21267167","1.00","0","0"
"39303","72210553","21267167","1.00","0","0"
"39304","92684416","21267167","1.00","0","0"
"39305","1922482","21267167","4.00","0","0"
"39306","34839098","21267167","4.00","0","0"
"39307","82573058","21267167","7.00","0","0"
"39308","96659478","91072341","8.00","0","0"
"39309","50088792","91072341","4.00","0","0"
"39310","67026703","91072341","2.00","0","0"
"39311","97242271","91072341","2.00","0","0"
"39312","37653993","91072341","2.00","0","0"
"39313","50593675","91072341","2.00","0","0"
"39314","72210553","91072341","2.00","0","0"
"39315","92684416","91072341","3.00","0","0"
"39316","1922482","91072341","3.00","0","0"
"39317","34839098","91072341","2.00","0","0"
"39318","82573058","91072341","5.00","0","0"
"39319","96659478","9704316","1.00","0","0"
"39320","50088792","9704316","2.00","0","0"
"39321","67026703","9704316","1.00","0","0"
"39322","97242271","9704316","4.00","0","0"
"39323","37653993","9704316","1.00","0","0"
"39324","50593675","9704316","4.00","0","0"
"39325","72210553","9704316","7.00","0","0"
"39326","92684416","9704316","9.00","0","0"
"39327","1922482","9704316","3.00","0","0"
"39328","34839098","9704316","5.00","0","0"
"39329","82573058","9704316","4.00","0","0"
"39330","96659478","14947601","3.00","0","0"
"39331","50088792","14947601","3.00","0","0"
"39332","67026703","14947601","1.00","0","0"
"39333","97242271","14947601","4.00","0","0"
"39334","37653993","14947601","7.00","0","0"
"39335","50593675","14947601","1.00","0","0"
"39336","72210553","14947601","2.00","0","0"
"39337","92684416","14947601","1.00","0","0"
"39338","1922482","14947601","8.00","0","0"
"39339","34839098","14947601","6.00","0","0"
"39340","82573058","14947601","7.00","0","0"
"39341","96659478","18767554","2.00","0","0"
"39342","50088792","18767554","8.00","0","0"
"39343","67026703","18767554","5.00","0","0"
"39344","97242271","18767554","3.00","0","0"
"39345","37653993","18767554","3.00","0","0"
"39346","50593675","18767554","3.00","0","0"
"39347","72210553","18767554","1.00","0","0"
"39348","92684416","18767554","8.00","0","0"
"39349","1922482","18767554","6.00","0","0"
"39350","34839098","18767554","2.00","0","0"
"39351","82573058","18767554","5.00","0","0"
"39352","96659478","832153","5.00","0","0"
"39353","50088792","832153","4.00","0","0"
"39354","67026703","832153","4.00","0","0"
"39355","97242271","832153","1.00","0","0"
"39356","37653993","832153","7.00","0","0"
"39357","50593675","832153","5.00","0","0"
"39358","72210553","832153","3.00","0","0"
"39359","92684416","832153","4.00","0","0"
"39360","1922482","832153","5.00","0","0"
"39361","34839098","832153","6.00","0","0"
"39362","82573058","832153","2.00","0","0"
"39363","96659478","73113253","2.00","0","0"
"39364","50088792","73113253","6.00","0","0"
"39365","67026703","73113253","3.00","0","0"
"39366","97242271","73113253","6.00","0","0"
"39367","37653993","73113253","8.00","0","0"
"39368","50593675","73113253","2.00","0","0"
"39369","72210553","73113253","6.00","0","0"
"39370","92684416","73113253","2.00","0","0"
"39371","1922482","73113253","6.00","0","0"
"39372","34839098","73113253","7.00","0","0"
"39373","82573058","73113253","1.00","0","0"
"39374","96659478","49746069","5.00","0","0"
"39375","50088792","49746069","1.00","0","0"
"39376","67026703","49746069","9.00","0","0"
"39377","97242271","49746069","3.00","0","0"
"39378","37653993","49746069","2.00","0","0"
"39379","50593675","49746069","8.00","0","0"
"39380","72210553","49746069","9.00","0","0"
"39381","92684416","49746069","0.00","0","0"
"39382","1922482","49746069","1.00","0","0"
"39383","34839098","49746069","1.00","0","0"
"39384","82573058","49746069","3.00","0","0"
"39385","96659478","53387446","9.00","0","0"
"39386","50088792","53387446","5.00","0","0"
"39387","67026703","53387446","6.00","0","0"
"39388","97242271","53387446","1.00","0","0"
"39389","37653993","53387446","8.00","0","0"
"39390","50593675","53387446","5.00","0","0"
"39391","72210553","53387446","8.00","0","0"
"39392","92684416","53387446","5.00","0","0"
"39393","1922482","53387446","2.00","0","0"
"39394","34839098","53387446","4.00","0","0"
"39395","82573058","53387446","1.00","0","0"
"39396","96659478","53442767","6.00","0","0"
"39397","50088792","53442767","5.00","0","0"
"39398","67026703","53442767","7.00","0","0"
"39399","97242271","53442767","7.00","0","0"
"39400","37653993","53442767","9.00","0","0"
"39401","50593675","53442767","9.00","0","0"
"39402","72210553","53442767","6.00","0","0"
"39403","92684416","53442767","5.00","0","0"
"39404","1922482","53442767","2.00","0","0"
"39405","34839098","53442767","1.00","0","0"
"39406","82573058","53442767","4.00","0","0"
"39407","96659478","97015711","4.00","0","0"
"39408","50088792","97015711","8.00","0","0"
"39409","67026703","97015711","7.00","0","0"
"39410","97242271","97015711","8.00","0","0"
"39411","37653993","97015711","5.00","0","0"
"39412","50593675","97015711","7.00","0","0"
"39413","72210553","97015711","5.00","0","0"
"39414","92684416","97015711","7.00","0","0"
"39415","1922482","97015711","4.00","0","0"
"39416","34839098","97015711","3.00","0","0"
"39417","82573058","97015711","6.00","0","0"
"39418","96659478","12403011","6.00","0","0"
"39419","50088792","12403011","6.00","0","0"
"39420","67026703","12403011","4.00","0","0"
"39421","97242271","12403011","5.00","0","0"
"39422","37653993","12403011","5.00","0","0"
"39423","50593675","12403011","6.00","0","0"
"39424","72210553","12403011","5.00","0","0"
"39425","92684416","12403011","2.00","0","0"
"39426","1922482","12403011","1.00","0","0"
"39427","34839098","12403011","5.00","0","0"
"39428","82573058","12403011","0.00","0","0"
"39429","96659478","74363723","4.00","0","0"
"39430","50088792","74363723","2.00","0","0"
"39431","67026703","74363723","5.00","0","0"
"39432","97242271","74363723","7.00","0","0"
"39433","37653993","74363723","4.00","0","0"
"39434","50593675","74363723","8.00","0","0"
"39435","72210553","74363723","3.00","0","0"
"39436","92684416","74363723","6.00","0","0"
"39437","1922482","74363723","8.00","0","0"
"39438","34839098","74363723","7.00","0","0"
"39439","82573058","74363723","9.00","0","0"
"39440","96659478","31561187","9.00","0","0"
"39441","50088792","31561187","7.00","0","0"
"39442","67026703","31561187","8.00","0","0"
"39443","97242271","31561187","8.00","0","0"
"39444","37653993","31561187","6.00","0","0"
"39445","50593675","31561187","9.00","0","0"
"39446","72210553","31561187","4.00","0","0"
"39447","92684416","31561187","6.00","0","0"
"39448","1922482","31561187","5.00","0","0"
"39449","34839098","31561187","8.00","0","0"
"39450","82573058","31561187","2.00","0","0"
"39451","96659478","59287240","7.00","0","0"
"39452","50088792","59287240","7.00","0","0"
"39453","67026703","59287240","8.00","0","0"
"39454","97242271","59287240","5.00","0","0"
"39455","37653993","59287240","3.00","0","0"
"39456","50593675","59287240","7.00","0","0"
"39457","72210553","59287240","7.00","0","0"
"39458","92684416","59287240","8.00","0","0"
"39459","1922482","59287240","7.00","0","0"
"39460","34839098","59287240","9.00","0","0"
"39461","82573058","59287240","8.00","0","0"
"39462","96659478","75091219","3.00","0","0"
"39463","50088792","75091219","9.00","0","0"
"39464","67026703","75091219","9.00","0","0"
"39465","97242271","75091219","9.00","0","0"
"39466","37653993","75091219","6.00","0","0"
"39467","50593675","75091219","4.00","0","0"
"39468","72210553","75091219","8.00","0","0"
"39469","92684416","75091219","3.00","0","0"
"39470","1922482","75091219","7.00","0","0"
"39471","34839098","75091219","8.00","0","0"
"39472","82573058","75091219","6.00","0","0"
"39473","96659478","75141924","8.00","0","0"
"39474","50088792","75141924","9.00","0","0"
"39475","67026703","75141924","6.00","0","0"
"39476","97242271","75141924","9.00","0","0"
"39477","37653993","75141924","9.00","0","0"
"39478","50593675","75141924","6.00","0","0"
"39479","72210553","75141924","9.00","0","0"
"39480","92684416","75141924","7.00","0","0"
"39481","1922482","75141924","9.00","0","0"
"39482","34839098","75141924","0.00","0","0"
"39483","82573058","75141924","8.00","0","0"
"39484","538162","12403011","4.00","0","0"
"39485","11436266","12403011","5.00","0","0"
"39486","10873416","12403011","5.00","0","0"
"39487","24711817","12403011","1.00","0","0"
"39488","27217008","12403011","2.00","0","0"
"39489","48648528","12403011","4.00","0","0"
"39490","72609209","12403011","2.00","0","0"
"39491","56760967","12403011","2.00","0","0"
"39492","41081597","12403011","2.00","0","0"
"39493","94046942","12403011","1.00","0","0"
"39494","538162","49746069","1.00","0","0"
"39495","11436266","49746069","3.00","0","0"
"39496","10873416","49746069","1.00","0","0"
"39497","24711817","49746069","2.00","0","0"
"39498","27217008","49746069","2.00","0","0"
"39499","48648528","49746069","1.00","0","0"
"39500","72609209","49746069","6.00","0","0"
"39501","56760967","49746069","8.00","0","0"
"39502","41081597","49746069","6.00","0","0"
"39503","94046942","49746069","3.00","0","0"
"39504","538162","91072341","3.00","0","0"
"39505","11436266","91072341","2.00","0","0"
"39506","10873416","91072341","3.00","0","0"
"39507","24711817","91072341","5.00","0","0"
"39508","27217008","91072341","1.00","0","0"
"39509","48648528","91072341","2.00","0","0"
"39510","72609209","91072341","4.00","0","0"
"39511","56760967","91072341","8.00","0","0"
"39512","41081597","91072341","7.00","0","0"
"39513","94046942","91072341","2.00","0","0"
"39514","538162","30407568","8.00","0","0"
"39515","11436266","30407568","3.00","0","0"
"39516","10873416","30407568","6.00","0","0"
"39517","24711817","30407568","3.00","0","0"
"39518","27217008","30407568","4.00","0","0"
"39519","48648528","30407568","4.00","0","0"
"39520","72609209","30407568","1.00","0","0"
"39521","56760967","30407568","4.00","0","0"
"39522","41081597","30407568","2.00","0","0"
"39523","94046942","30407568","3.00","0","0"
"39524","538162","21267167","5.00","0","0"
"39525","11436266","21267167","4.00","0","0"
"39526","10873416","21267167","2.00","0","0"
"39527","24711817","21267167","1.00","0","0"
"39528","27217008","21267167","4.00","0","0"
"39529","48648528","21267167","3.00","0","0"
"39530","72609209","21267167","1.00","0","0"
"39531","56760967","21267167","6.00","0","0"
"39532","41081597","21267167","5.00","0","0"
"39533","94046942","21267167","7.00","0","0"
"39534","538162","53442767","6.00","0","0"
"39535","11436266","53442767","7.00","0","0"
"39536","10873416","53442767","4.00","0","0"
"39537","24711817","53442767","8.00","0","0"
"39538","27217008","53442767","3.00","0","0"
"39539","48648528","53442767","1.00","0","0"
"39540","72609209","53442767","2.00","0","0"
"39541","56760967","53442767","5.00","0","0"
"39542","41081597","53442767","7.00","0","0"
"39543","94046942","53442767","4.00","0","0"
"39544","538162","59287240","2.00","0","0"
"39545","11436266","59287240","8.00","0","0"
"39546","10873416","59287240","1.00","0","0"
"39547","24711817","59287240","6.00","0","0"
"39548","27217008","59287240","8.00","0","0"
"39549","48648528","59287240","6.00","0","0"
"39550","72609209","59287240","9.00","0","0"
"39551","56760967","59287240","1.00","0","0"
"39552","41081597","59287240","5.00","0","0"
"39553","94046942","59287240","2.00","0","0"
"39554","538162","14947601","7.00","0","0"
"39555","11436266","14947601","1.00","0","0"
"39556","10873416","14947601","5.00","0","0"
"39557","24711817","14947601","8.00","0","0"
"39558","27217008","14947601","5.00","0","0"
"39559","48648528","14947601","2.00","0","0"
"39560","72609209","14947601","5.00","0","0"
"39561","56760967","14947601","4.00","0","0"
"39562","41081597","14947601","1.00","0","0"
"39563","94046942","14947601","9.00","0","0"
"39564","538162","9704316","2.00","0","0"
"39565","11436266","9704316","1.00","0","0"
"39566","10873416","9704316","9.00","0","0"
"39567","24711817","9704316","6.00","0","0"
"39568","27217008","9704316","6.00","0","0"
"39569","48648528","9704316","5.00","0","0"
"39570","72609209","9704316","8.00","0","0"
"39571","56760967","9704316","3.00","0","0"
"39572","41081597","9704316","9.00","0","0"
"39573","94046942","9704316","4.00","0","0"
"39574","538162","31561187","1.00","0","0"
"39575","11436266","31561187","8.00","0","0"
"39576","10873416","31561187","7.00","0","0"
"39577","24711817","31561187","3.00","0","0"
"39578","27217008","31561187","9.00","0","0"
"39579","48648528","31561187","8.00","0","0"
"39580","72609209","31561187","3.00","0","0"
"39581","56760967","31561187","3.00","0","0"
"39582","41081597","31561187","4.00","0","0"
"39583","94046942","31561187","9.00","0","0"
"39584","538162","75141924","5.00","0","0"
"39585","11436266","75141924","9.00","0","0"
"39586","10873416","75141924","8.00","0","0"
"39587","24711817","75141924","4.00","0","0"
"39588","27217008","75141924","7.00","0","0"
"39589","48648528","75141924","7.00","0","0"
"39590","72609209","75141924","8.00","0","0"
"39591","56760967","75141924","1.00","0","0"
"39592","41081597","75141924","1.00","0","0"
"39593","94046942","75141924","7.00","0","0"
"39594","538162","53387446","4.00","0","0"
"39595","11436266","53387446","4.00","0","0"
"39596","10873416","53387446","2.00","0","0"
"39597","24711817","53387446","7.00","0","0"
"39598","27217008","53387446","3.00","0","0"
"39599","48648528","53387446","9.00","0","0"
"39600","72609209","53387446","6.00","0","0"
"39601","56760967","53387446","6.00","0","0"
"39602","41081597","53387446","9.00","0","0"
"39603","94046942","53387446","8.00","0","0"
"39604","538162","73113253","9.00","0","0"
"39605","11436266","73113253","6.00","0","0"
"39606","10873416","73113253","6.00","0","0"
"39607","24711817","73113253","9.00","0","0"
"39608","27217008","73113253","1.00","0","0"
"39609","48648528","73113253","3.00","0","0"
"39610","72609209","73113253","7.00","0","0"
"39611","56760967","73113253","5.00","0","0"
"39612","41081597","73113253","6.00","0","0"
"39613","94046942","73113253","6.00","0","0"
"39614","538162","74363723","3.00","0","0"
"39615","11436266","74363723","2.00","0","0"
"39616","10873416","74363723","9.00","0","0"
"39617","24711817","74363723","2.00","0","0"
"39618","27217008","74363723","7.00","0","0"
"39619","48648528","74363723","9.00","0","0"
"39620","72609209","74363723","9.00","0","0"
"39621","56760967","74363723","7.00","0","0"
"39622","41081597","74363723","3.00","0","0"
"39623","94046942","74363723","5.00","0","0"
"39624","538162","97015711","6.00","0","0"
"39625","11436266","97015711","9.00","0","0"
"39626","10873416","97015711","9.00","0","0"
"39627","24711817","97015711","5.00","0","0"
"39628","27217008","97015711","8.00","0","0"
"39629","48648528","97015711","8.00","0","0"
"39630","72609209","97015711","5.00","0","0"
"39631","56760967","97015711","7.00","0","0"
"39632","41081597","97015711","3.00","0","0"
"39633","94046942","97015711","5.00","0","0"
"39634","538162","18767554","9.00","0","0"
"39635","11436266","18767554","5.00","0","0"
"39636","10873416","18767554","4.00","0","0"
"39637","24711817","18767554","7.00","0","0"
"39638","27217008","18767554","9.00","0","0"
"39639","48648528","18767554","6.00","0","0"
"39640","72609209","18767554","7.00","0","0"
"39641","56760967","18767554","2.00","0","0"
"39642","41081597","18767554","8.00","0","0"
"39643","94046942","18767554","1.00","0","0"
"39644","538162","832153","8.00","0","0"
"39645","11436266","832153","7.00","0","0"
"39646","10873416","832153","3.00","0","0"
"39647","24711817","832153","9.00","0","0"
"39648","27217008","832153","5.00","0","0"
"39649","48648528","832153","7.00","0","0"
"39650","72609209","832153","3.00","0","0"
"39651","56760967","832153","9.00","0","0"
"39652","41081597","832153","4.00","0","0"
"39653","94046942","832153","6.00","0","0"
"39654","538162","75091219","7.00","0","0"
"39655","11436266","75091219","6.00","0","0"
"39656","10873416","75091219","8.00","0","0"
"39657","24711817","75091219","4.00","0","0"
"39658","27217008","75091219","6.00","0","0"
"39659","48648528","75091219","5.00","0","0"
"39660","72609209","75091219","4.00","0","0"
"39661","56760967","75091219","9.00","0","0"
"39662","41081597","75091219","8.00","0","0"
"39663","94046942","75091219","8.00","0","0"
"39664","1688968","3343985","2.00","0","0"
"39665","81907497","3343985","3.00","0","0"
"39666","39502289","3343985","1.00","0","0"
"39667","70145776","3343985","1.00","0","0"
"39668","56687445","3343985","1.00","0","0"
"39669","47616182","3343985","4.00","0","0"
"39670","15291303","3343985","3.00","0","0"
"39671","82433893","3343985","3.00","0","0"
"39672","71513799","3343985","1.00","0","0"
"39673","94162489","3343985","2.00","0","0"
"39674","76558081","3343985","3.00","0","0"
"39675","1688968","2877157","1.00","0","0"
"39676","81907497","2877157","5.00","0","0"
"39677","39502289","2877157","2.00","0","0"
"39678","70145776","2877157","2.00","0","0"
"39679","56687445","2877157","3.00","0","0"
"39680","47616182","2877157","1.00","0","0"
"39681","15291303","2877157","1.00","0","0"
"39682","82433893","2877157","1.00","0","0"
"39683","71513799","2877157","3.00","0","0"
"39684","94162489","2877157","5.00","0","0"
"39685","76558081","2877157","1.00","0","0"
"39686","1688968","25482520","5.00","0","0"
"39687","81907497","25482520","2.00","0","0"
"39688","39502289","25482520","1.00","0","0"
"39689","70145776","25482520","3.00","0","0"
"39690","56687445","25482520","2.00","0","0"
"39691","47616182","25482520","3.00","0","0"
"39692","15291303","25482520","4.00","0","0"
"39693","82433893","25482520","1.00","0","0"
"39694","71513799","25482520","1.00","0","0"
"39695","94162489","25482520","4.00","0","0"
"39696","76558081","25482520","2.00","0","0"
"39697","1688968","12403011","3.00","0","0"
"39698","81907497","12403011","2.00","0","0"
"39699","39502289","12403011","8.00","0","0"
"39700","70145776","12403011","1.00","0","0"
"39701","56687445","12403011","1.00","0","0"
"39702","47616182","12403011","1.00","0","0"
"39703","15291303","12403011","2.00","0","0"
"39704","82433893","12403011","7.00","0","0"
"39705","71513799","12403011","2.00","0","0"
"39706","94162489","12403011","1.00","0","0"
"39707","76558081","12403011","1.00","0","0"
"39708","1688968","29673695","2.00","0","0"
"39709","81907497","29673695","6.00","0","0"
"39710","39502289","29673695","2.00","0","0"
"39711","70145776","29673695","3.00","0","0"
"39712","56687445","29673695","4.00","0","0"
"39713","47616182","29673695","2.00","0","0"
"39714","15291303","29673695","5.00","0","0"
"39715","82433893","29673695","2.00","0","0"
"39716","71513799","29673695","6.00","0","0"
"39717","94162489","29673695","2.00","0","0"
"39718","76558081","29673695","4.00","0","0"
"39719","1688968","48603239","1.00","0","0"
"39720","81907497","48603239","5.00","0","0"
"39721","39502289","48603239","3.00","0","0"
"39722","70145776","48603239","2.00","0","0"
"39723","56687445","48603239","2.00","0","0"
"39724","47616182","48603239","4.00","0","0"
"39725","15291303","48603239","4.00","0","0"
"39726","82433893","48603239","2.00","0","0"
"39727","71513799","48603239","4.00","0","0"
"39728","94162489","48603239","7.00","0","0"
"39729","76558081","48603239","5.00","0","0"
"39730","1688968","21267167","3.00","0","0"
"39731","81907497","21267167","1.00","0","0"
"39732","39502289","21267167","4.00","0","0"
"39733","70145776","21267167","4.00","0","0"
"39734","56687445","21267167","7.00","0","0"
"39735","47616182","21267167","5.00","0","0"
"39736","15291303","21267167","6.00","0","0"
"39737","82433893","21267167","3.00","0","0"
"39738","71513799","21267167","7.00","0","0"
"39739","94162489","21267167","1.00","0","0"
"39740","76558081","21267167","3.00","0","0"
"39741","1688968","99948523","4.00","0","0"
"39742","81907497","99948523","3.00","0","0"
"39743","39502289","99948523","5.00","0","0"
"39744","70145776","99948523","6.00","0","0"
"39745","56687445","99948523","5.00","0","0"
"39746","47616182","99948523","3.00","0","0"
"39747","15291303","99948523","1.00","0","0"
"39748","82433893","99948523","6.00","0","0"
"39749","71513799","99948523","4.00","0","0"
"39750","94162489","99948523","3.00","0","0"
"39751","76558081","99948523","4.00","0","0"
"39752","1688968","25666958","8.00","0","0"
"39753","81907497","25666958","4.00","0","0"
"39754","39502289","25666958","6.00","0","0"
"39755","70145776","25666958","5.00","0","0"
"39756","56687445","25666958","7.00","0","0"
"39757","47616182","25666958","2.00","0","0"
"39758","15291303","25666958","5.00","0","0"
"39759","82433893","25666958","5.00","0","0"
"39760","71513799","25666958","2.00","0","0"
"39761","94162489","25666958","5.00","0","0"
"39762","76558081","25666958","2.00","0","0"
"39763","1688968","74054412","6.00","0","0"
"39764","81907497","74054412","1.00","0","0"
"39765","39502289","74054412","5.00","0","0"
"39766","70145776","74054412","6.00","0","0"
"39767","56687445","74054412","6.00","0","0"
"39768","47616182","74054412","6.00","0","0"
"39769","15291303","74054412","3.00","0","0"
"39770","82433893","74054412","4.00","0","0"
"39771","71513799","74054412","3.00","0","0"
"39772","94162489","74054412","3.00","0","0"
"39773","76558081","74054412","5.00","0","0"
"39774","1688968","39146377","7.00","0","0"
"39775","81907497","39146377","7.00","0","0"
"39776","39502289","39146377","3.00","0","0"
"39777","70145776","39146377","5.00","0","0"
"39778","56687445","39146377","3.00","0","0"
"39779","47616182","39146377","6.00","0","0"
"39780","15291303","39146377","2.00","0","0"
"39781","82433893","39146377","4.00","0","0"
"39782","71513799","39146377","5.00","0","0"
"39783","94162489","39146377","4.00","0","0"
"39784","76558081","39146377","7.00","0","0"
"39785","1688968","81328377","4.00","0","0"
"39786","81907497","81328377","4.00","0","0"
"39787","39502289","81328377","6.00","0","0"
"39788","70145776","81328377","4.00","0","0"
"39789","56687445","81328377","5.00","0","0"
"39790","47616182","81328377","5.00","0","0"
"39791","15291303","81328377","7.00","0","0"
"39792","82433893","81328377","5.00","0","0"
"39793","71513799","81328377","5.00","0","0"
"39794","94162489","81328377","6.00","0","0"
"39795","76558081","81328377","6.00","0","0"
"39796","1688968","90476956","6.00","0","0"
"39797","81907497","90476956","6.00","0","0"
"39798","39502289","90476956","7.00","0","0"
"39799","70145776","90476956","7.00","0","0"
"39800","56687445","90476956","4.00","0","0"
"39801","47616182","90476956","7.00","0","0"
"39802","15291303","90476956","7.00","0","0"
"39803","82433893","90476956","6.00","0","0"
"39804","71513799","90476956","6.00","0","0"
"39805","94162489","90476956","6.00","0","0"
"39806","76558081","90476956","6.00","0","0"
"39807","1688968","88825641","5.00","0","0"
"39808","81907497","88825641","7.00","0","0"
"39809","39502289","88825641","4.00","0","0"
"39810","70145776","88825641","7.00","0","0"
"39811","56687445","88825641","6.00","0","0"
"39812","47616182","88825641","7.00","0","0"
"39813","15291303","88825641","6.00","0","0"
"39814","82433893","88825641","7.00","0","0"
"39815","71513799","88825641","7.00","0","0"
"39816","94162489","88825641","7.00","0","0"
"39817","76558081","88825641","7.00","0","0"
"39818","36372050","12403011","2.00","0","0"
"39819","28334227","12403011","1.00","0","0"
"39820","88397903","12403011","5.00","0","0"
"39821","42415719","12403011","5.00","0","0"
"39822","75928300","12403011","1.00","0","0"
"39823","67611200","12403011","2.00","0","0"
"39824","43775929","12403011","1.00","0","0"
"39825","25348582","12403011","1.00","0","0"
"39826","83596217","12403011","4.00","0","0"
"39827","6787167","12403011","6.00","0","0"
"39828","9678100","12403011","1.00","0","0"
"39829","85200521","12403011","1.00","0","0"
"39830","36372050","3343985","5.00","0","0"
"39831","28334227","3343985","1.00","0","0"
"39832","88397903","3343985","1.00","0","0"
"39833","42415719","3343985","1.00","0","0"
"39834","75928300","3343985","1.00","0","0"
"39835","67611200","3343985","6.00","0","0"
"39836","43775929","3343985","5.00","0","0"
"39837","25348582","3343985","3.00","0","0"
"39838","83596217","3343985","1.00","0","0"
"39839","6787167","3343985","2.00","0","0"
"39840","9678100","3343985","1.00","0","0"
"39841","85200521","3343985","5.00","0","0"
"39842","36372050","2877157","1.00","0","0"
"39843","28334227","2877157","3.00","0","0"
"39844","88397903","2877157","3.00","0","0"
"39845","42415719","2877157","2.00","0","0"
"39846","75928300","2877157","6.00","0","0"
"39847","67611200","2877157","4.00","0","0"
"39848","43775929","2877157","3.00","0","0"
"39849","25348582","2877157","3.00","0","0"
"39850","83596217","2877157","2.00","0","0"
"39851","6787167","2877157","1.00","0","0"
"39852","9678100","2877157","2.00","0","0"
"39853","85200521","2877157","3.00","0","0"
"39854","36372050","74054412","2.00","0","0"
"39855","28334227","74054412","2.00","0","0"
"39856","88397903","74054412","1.00","0","0"
"39857","42415719","74054412","4.00","0","0"
"39858","75928300","74054412","2.00","0","0"
"39859","67611200","74054412","1.00","0","0"
"39860","43775929","74054412","5.00","0","0"
"39861","25348582","74054412","8.00","0","0"
"39862","83596217","74054412","6.00","0","0"
"39863","6787167","74054412","3.00","0","0"
"39864","9678100","74054412","5.00","0","0"
"39865","85200521","74054412","4.00","0","0"
"39866","36372050","99948523","5.00","0","0"
"39867","28334227","99948523","3.00","0","0"
"39868","88397903","99948523","2.00","0","0"
"39869","42415719","99948523","7.00","0","0"
"39870","75928300","99948523","3.00","0","0"
"39871","67611200","99948523","4.00","0","0"
"39872","43775929","99948523","1.00","0","0"
"39873","25348582","99948523","5.00","0","0"
"39874","83596217","99948523","6.00","0","0"
"39875","6787167","99948523","2.00","0","0"
"39876","9678100","99948523","2.00","0","0"
"39877","85200521","99948523","2.00","0","0"
"39878","36372050","25666958","4.00","0","0"
"39879","28334227","25666958","2.00","0","0"
"39880","88397903","25666958","4.00","0","0"
"39881","42415719","25666958","2.00","0","0"
"39882","75928300","25666958","5.00","0","0"
"39883","67611200","25666958","2.00","0","0"
"39884","43775929","25666958","2.00","0","0"
"39885","25348582","25666958","6.00","0","0"
"39886","83596217","25666958","4.00","0","0"
"39887","6787167","25666958","4.00","0","0"
"39888","9678100","25666958","5.00","0","0"
"39889","85200521","25666958","3.00","0","0"
"39890","36372050","29673695","1.00","0","0"
"39891","28334227","29673695","4.00","0","0"
"39892","88397903","29673695","4.00","0","0"
"39893","42415719","29673695","1.00","0","0"
"39894","75928300","29673695","3.00","0","0"
"39895","67611200","29673695","1.00","0","0"
"39896","43775929","29673695","2.00","0","0"
"39897","25348582","29673695","4.00","0","0"
"39898","83596217","29673695","5.00","0","0"
"39899","6787167","29673695","3.00","0","0"
"39900","9678100","29673695","6.00","0","0"
"39901","85200521","29673695","9.00","1","0"
"39902","36372050","81328377","3.00","0","0"
"39903","28334227","81328377","4.00","0","0"
"39904","88397903","81328377","5.00","0","0"
"39905","42415719","81328377","6.00","0","0"
"39906","75928300","81328377","5.00","0","0"
"39907","67611200","81328377","3.00","0","0"
"39908","43775929","81328377","6.00","0","0"
"39909","25348582","81328377","2.00","0","0"
"39910","83596217","81328377","1.00","0","0"
"39911","6787167","81328377","3.00","0","0"
"39912","9678100","81328377","3.00","0","0"
"39913","85200521","81328377","2.00","0","0"
"39914","36372050","21267167","3.00","0","0"
"39915","28334227","21267167","5.00","0","0"
"39916","88397903","21267167","2.00","0","0"
"39917","42415719","21267167","4.00","0","0"
"39918","75928300","21267167","2.00","0","0"
"39919","67611200","21267167","3.00","0","0"
"39920","43775929","21267167","4.00","0","0"
"39921","25348582","21267167","2.00","0","0"
"39922","83596217","21267167","7.00","0","0"
"39923","6787167","21267167","5.00","0","0"
"39924","9678100","21267167","4.00","0","0"
"39925","85200521","21267167","5.00","0","0"
"39926","36372050","48603239","6.00","0","0"
"39927","28334227","48603239","5.00","0","0"
"39928","88397903","48603239","3.00","0","0"
"39929","42415719","48603239","3.00","0","0"
"39930","75928300","48603239","4.00","0","0"
"39931","67611200","48603239","8.00","0","0"
"39932","43775929","48603239","3.00","0","0"
"39933","25348582","48603239","4.00","0","0"
"39934","83596217","48603239","3.00","0","0"
"39935","6787167","48603239","1.00","0","0"
"39936","9678100","48603239","4.00","0","0"
"39937","85200521","48603239","6.00","0","0"
"39938","36372050","25482520","7.00","0","0"
"39939","28334227","25482520","6.00","0","0"
"39940","88397903","25482520","6.00","0","0"
"39941","42415719","25482520","5.00","0","0"
"39942","75928300","25482520","7.00","0","0"
"39943","67611200","25482520","5.00","0","0"
"39944","43775929","25482520","4.00","0","0"
"39945","25348582","25482520","1.00","0","0"
"39946","83596217","25482520","3.00","0","0"
"39947","6787167","25482520","5.00","0","0"
"39948","9678100","25482520","3.00","0","0"
"39949","85200521","25482520","1.00","0","0"
"39950","36372050","39146377","4.00","0","0"
"39951","28334227","39146377","7.00","0","0"
"39952","88397903","39146377","7.00","0","0"
"39953","42415719","39146377","3.00","0","0"
"39954","75928300","39146377","6.00","0","0"
"39955","67611200","39146377","5.00","0","0"
"39956","43775929","39146377","7.00","0","0"
"39957","25348582","39146377","5.00","0","0"
"39958","83596217","39146377","5.00","0","0"
"39959","6787167","39146377","4.00","0","0"
"39960","9678100","39146377","6.00","0","0"
"39961","85200521","39146377","4.00","0","0"
"39962","36372050","90476956","6.00","0","0"
"39963","28334227","90476956","6.00","0","0"
"39964","88397903","90476956","6.00","0","0"
"39965","42415719","90476956","6.00","0","0"
"39966","75928300","90476956","4.00","0","0"
"39967","67611200","90476956","8.00","0","0"
"39968","43775929","90476956","6.00","0","0"
"39969","25348582","90476956","7.00","0","0"
"39970","83596217","90476956","2.00","0","0"
"39971","6787167","90476956","7.00","0","0"
"39972","9678100","90476956","7.00","0","0"
"39973","85200521","90476956","6.00","0","0"
"39974","36372050","88825641","7.00","0","0"
"39975","28334227","88825641","7.00","0","0"
"39976","88397903","88825641","7.00","0","0"
"39977","42415719","88825641","7.00","0","0"
"39978","75928300","88825641","7.00","0","0"
"39979","67611200","88825641","7.00","0","0"
"39980","43775929","88825641","7.00","0","0"
"39981","25348582","88825641","6.00","0","0"
"39982","83596217","88825641","7.00","0","0"
"39983","6787167","88825641","6.00","0","0"
"39984","9678100","88825641","9.00","0","0"
"39985","85200521","88825641","7.00","0","0"
"39986","98784130","3343985","5.00","0","0"
"39987","96963062","3343985","5.00","0","0"
"39988","7367295","3343985","1.00","0","0"
"39989","45730985","3343985","4.00","0","0"
"39990","2884984","3343985","2.00","0","0"
"39991","77746840","3343985","1.00","0","0"
"39992","55845574","3343985","1.00","0","0"
"39993","49699340","3343985","3.00","0","0"
"39994","93636816","3343985","1.00","0","0"
"39995","18270010","3343985","1.00","0","0"
"39996","73424024","3343985","1.00","0","0"
"39997","27925577","3343985","2.00","0","0"
"39998","98784130","99948523","4.00","0","0"
"39999","96963062","99948523","1.00","0","0"
"40000","7367295","99948523","2.00","0","0"
"40001","45730985","99948523","2.00","0","0"
"40002","2884984","99948523","1.00","0","0"
"40003","77746840","99948523","8.00","0","0"
"40004","55845574","99948523","3.00","0","0"
"40005","49699340","99948523","1.00","0","0"
"40006","93636816","99948523","4.00","0","0"
"40007","18270010","99948523","7.00","0","0"
"40008","73424024","99948523","3.00","0","0"
"40009","27925577","99948523","1.00","0","0"
"40010","98784130","12403011","5.00","0","0"
"40011","96963062","12403011","4.00","0","0"
"40012","7367295","12403011","1.00","0","0"
"40013","45730985","12403011","1.00","0","0"
"40014","2884984","12403011","3.00","0","0"
"40015","77746840","12403011","1.00","0","0"
"40016","55845574","12403011","2.00","0","0"
"40017","49699340","12403011","5.00","0","0"
"40018","93636816","12403011","5.00","0","0"
"40019","18270010","12403011","4.00","0","0"
"40020","73424024","12403011","1.00","0","0"
"40021","27925577","12403011","1.00","0","0"
"40022","98784130","48603239","2.00","0","0"
"40023","96963062","48603239","3.00","0","0"
"40024","7367295","48603239","5.00","0","0"
"40025","45730985","48603239","1.00","0","0"
"40026","2884984","48603239","1.00","0","0"
"40027","77746840","48603239","6.00","0","0"
"40028","55845574","48603239","2.00","0","0"
"40029","49699340","48603239","2.00","0","0"
"40030","93636816","48603239","3.00","0","0"
"40031","18270010","48603239","5.00","0","0"
"40032","73424024","48603239","5.00","0","0"
"40033","27925577","48603239","4.00","0","0"
"40034","98784130","25482520","1.00","0","0"
"40035","96963062","25482520","1.00","0","0"
"40036","7367295","25482520","4.00","0","0"
"40037","45730985","25482520","3.00","0","0"
"40038","2884984","25482520","5.00","0","0"
"40039","77746840","25482520","4.00","0","0"
"40040","55845574","25482520","7.00","0","0"
"40041","49699340","25482520","2.00","0","0"
"40042","93636816","25482520","6.00","0","0"
"40043","18270010","25482520","1.00","0","0"
"40044","73424024","25482520","2.00","0","0"
"40045","27925577","25482520","6.00","0","0"
"40046","98784130","39146377","1.00","0","0"
"40047","96963062","39146377","2.00","0","0"
"40048","7367295","39146377","5.00","0","0"
"40049","45730985","39146377","7.00","0","0"
"40050","2884984","39146377","4.00","0","0"
"40051","77746840","39146377","2.00","0","0"
"40052","55845574","39146377","3.00","0","0"
"40053","49699340","39146377","4.00","0","0"
"40054","93636816","39146377","1.00","0","0"
"40055","18270010","39146377","2.00","0","0"
"40056","73424024","39146377","6.00","0","0"
"40057","27925577","39146377","7.00","0","0"
"40058","98784130","2877157","4.00","0","0"
"40059","96963062","2877157","6.00","0","0"
"40060","7367295","2877157","2.00","0","0"
"40061","45730985","2877157","2.00","0","0"
"40062","2884984","2877157","5.00","0","0"
"40063","77746840","2877157","8.00","0","0"
"40064","55845574","2877157","1.00","0","0"
"40065","49699340","2877157","3.00","0","0"
"40066","93636816","2877157","7.00","0","0"
"40067","18270010","2877157","3.00","0","0"
"40068","73424024","2877157","3.00","0","0"
"40069","27925577","2877157","2.00","0","0"
"40070","98784130","74054412","3.00","0","0"
"40071","96963062","74054412","4.00","0","0"
"40072","7367295","74054412","7.00","0","0"
"40073","45730985","74054412","5.00","0","0"
"40074","2884984","74054412","3.00","0","0"
"40075","77746840","74054412","2.00","0","0"
"40076","55845574","74054412","5.00","0","0"
"40077","49699340","74054412","1.00","0","0"
"40078","93636816","74054412","6.00","0","0"
"40079","18270010","74054412","3.00","0","0"
"40080","73424024","74054412","4.00","0","0"
"40081","27925577","74054412","5.00","0","0"
"40082","98784130","25666958","7.00","0","0"
"40083","96963062","25666958","2.00","0","0"
"40084","7367295","25666958","3.00","0","0"
"40085","45730985","25666958","5.00","0","0"
"40086","2884984","25666958","4.00","0","0"
"40087","77746840","25666958","3.00","0","0"
"40088","55845574","25666958","4.00","0","0"
"40089","49699340","25666958","6.00","0","0"
"40090","93636816","25666958","4.00","0","0"
"40091","18270010","25666958","6.00","0","0"
"40092","73424024","25666958","2.00","0","0"
"40093","27925577","25666958","3.00","0","0"
"40094","98784130","21267167","3.00","0","0"
"40095","96963062","21267167","3.00","0","0"
"40096","7367295","21267167","4.00","0","0"
"40097","45730985","21267167","4.00","0","0"
"40098","2884984","21267167","2.00","0","0"
"40099","77746840","21267167","5.00","0","0"
"40100","55845574","21267167","5.00","0","0"
"40101","49699340","21267167","6.00","0","0"
"40102","93636816","21267167","3.00","0","0"
"40103","18270010","21267167","6.00","0","0"
"40104","73424024","21267167","4.00","0","0"
"40105","27925577","21267167","4.00","0","0"
"40106","98784130","81328377","2.00","0","0"
"40107","96963062","81328377","6.00","0","0"
"40108","7367295","81328377","3.00","0","0"
"40109","45730985","81328377","6.00","0","0"
"40110","2884984","81328377","7.00","0","0"
"40111","77746840","81328377","4.00","0","0"
"40112","55845574","81328377","6.00","0","0"
"40113","49699340","81328377","7.00","0","0"
"40114","93636816","81328377","2.00","0","0"
"40115","18270010","81328377","2.00","0","0"
"40116","73424024","81328377","5.00","0","0"
"40117","27925577","81328377","3.00","0","0"
"40118","98784130","29673695","6.00","0","0"
"40119","96963062","29673695","5.00","0","0"
"40120","7367295","29673695","6.00","0","0"
"40121","45730985","29673695","3.00","0","0"
"40122","2884984","29673695","6.00","0","0"
"40123","77746840","29673695","3.00","0","0"
"40124","55845574","29673695","4.00","0","0"
"40125","49699340","29673695","4.00","0","0"
"40126","93636816","29673695","2.00","0","0"
"40127","18270010","29673695","5.00","0","0"
"40128","73424024","29673695","6.00","0","0"
"40129","27925577","29673695","6.00","0","0"
"40130","98784130","90476956","6.00","0","0"
"40131","96963062","90476956","7.00","0","0"
"40132","7367295","90476956","6.00","0","0"
"40133","45730985","90476956","6.00","0","0"
"40134","2884984","90476956","6.00","0","0"
"40135","77746840","90476956","8.00","0","0"
"40136","55845574","90476956","6.00","0","0"
"40137","49699340","90476956","5.00","0","0"
"40138","93636816","90476956","5.00","0","0"
"40139","18270010","90476956","4.00","0","0"
"40140","73424024","90476956","7.00","0","0"
"40141","27925577","90476956","5.00","0","0"
"40142","98784130","88825641","8.00","0","0"
"40143","96963062","88825641","8.00","0","0"
"40144","7367295","88825641","8.00","0","0"
"40145","45730985","88825641","8.00","0","0"
"40146","2884984","88825641","8.00","0","0"
"40147","77746840","88825641","8.00","0","0"
"40148","55845574","88825641","8.00","0","0"
"40149","49699340","88825641","8.00","0","0"
"40150","93636816","88825641","8.00","0","0"
"40151","18270010","88825641","8.00","0","0"
"40152","73424024","88825641","8.00","0","0"
"40153","27925577","88825641","8.00","0","0"
"107421","20304840","74174186","9.00","0",
"314676","11378372","71024784","6.00","0",
"572034","70328249","17296471","9.00","0",
"819261","75556357","97015711","9.00","0",
"931951","45880337","21267167","3.00","0",
"1019274","50003665","53387446","6.00","0",
"1077662","6863565","50693065","7.00","0",
"1220889","55475929","97015711","6.00","0",
"1257245","12334729","80098965","9.00","0",
"1370084","68930755","91072341","5.00","0",
"1527756","95675647","90735668","10.00","0",
"1619026","70328249","87679588","2.00","0",
"1676990","77846032","50693065","9.00","0",
"1677533","47035844","55674587","10.00","0",
"1801398","39319830","92127505","6.00","0",
"1961493","78421047","97015711","3.00","0",
"2030448","72389118","80812925","9.00","0",
"2137158","40211693","74174186","7.00","0",
"2267685","75556357","59952554","1.00","0",
"2516411","47035844","35910270","2.00","0",
"2662738","57362164","74220210","4.00","0",
"2729855","30203030","23474192","5.00","0",
"2776622","40211693","23474192","21.00","0",
"3114188","8989557","74174186","5.00","0",
"3181865","72389118","38417452","2.00","0",
"3292897","6863565","55674587","10.00","0",
"3371581","83065685","38417452","7.00","0",
"3410564","75556357","71024784","1.00","0",
"3457570","30203030","39262660","10.00","0",
"3659286","65446073","74220210","6.00","0",
"3893603","6863565","80098965","3.00","0",
"3895999","72389118","26090069","1.00","0",
"4060202","20304840","80098965","6.00","0",
"4380512","99299025","80098965","5.00","0",
"4818042","6863565","26090069","1.00","0",
"4831493","20304840","74603081","1.00","0",
"4835760","6863565","39262660","4.00","0",
"4842343","11687695","55674587","9.00","0",
"4948246","40211693","50693065","6.00","0",
"5071711","97339718","91072341","7.00","0",
"5118625","47844415","87679588","6.00","0",
"5252881","46215132","87679588","7.00","0",
"5353343","76466792","39262660","9.00","0",
"5567458","30203030","92127505","1.00","0",
"5677693","45880337","38075179","7.00","0",
"5831932","88951401","37537849","8.00","0",
"5856412","78421047","59952554","9.00","0",
"5930974","68930755","38075179","9.00","0",
"5940173","41746460","49746069","1.00","0",
"5959822","11687695","22762275","8.00","0",
"6042628","65846915","53442767","3.00","0",
"6180321","8989557","58692555","6.00","0",
"6294844","55475929","49746069","6.00","0",
"6303838","39319830","57004617","8.00","0",
"6397738","12334729","33741103","2.00","0",
"6523049","95888827","35910270","4.00","0",
"6708049","83065685","74603081","2.00","0",
"6740283","72389118","87679588","9.00","0",
"6794783","61831165","80098965","1.00","0",
"6837278","72389118","74174186","7.00","0",
"6848092","45880337","49746069","2.00","0",
"6914162","41746460","74220210","9.00","0",
"7093244","49558427","80098965","1.00","0",
"7240513","79181330","21267167","8.00","0",
"7384827","95675647","59952554","1.00","0",
"7450903","39319830","90476956","9.00","0",
"7461912","46215132","23474192","4.00","0",
"7524159","20304840","87679588","3.00","0",
"7863522","47844415","29673695","5.00","0",
"8057184","77846032","55674587","8.00","0",
"8129905","65846915","95701656","10.00","0",
"8415313","50003665","31561187","3.00","0",
"8559049","90412972","97015711","6.00","0",
"8794991","88867550","53442767","6.00","0",
"8819502","47035844","58692555","10.00","0",
"8887462","55475929","77473926","1.00","0",
"9024270","58008274","53442767","9.00","0",
"9216953","95888827","29673695","9.00","0",
"9251751","77846032","17296471","5.00","0",
"9407911","65773712","74174186","5.00","0",
"9415503","58008274","21267167","5.00","0",
"9565481","47844415","39262660","9.00","0",
"9656071","34766595","74603081","2.00","0",
"9746187","50003665","18767554","3.00","0",
"9759078","88951401","53442767","4.00","0",
"9945778","78421047","91072341","7.00","0",
"10127195","58008274","31990349","6.00","0",
"10184511","39319830","74603081","4.00","0",
"10494102","65846915","77473926","1.00","0",
"10550865","99299025","87679588","2.00","0",
"10582694","57362164","91072341","1.00","0",
"10693920","70328249","35910270","9.00","0",
"10695141","39319830","33741103","5.00","0",
"10718399","47844415","74603081","7.00","0",
"10746242","61831165","57004617","9.00","0",
"10824879","79181330","90735668","6.00","0",
"11352422","61831165","90476956","1.00","0",
"11557195","39319830","23474192","2.00","0",
"11560734","83065685","80812925","5.00","0",
"11881456","34766595","74174186","8.00","0",
"11968185","77846032","80098965","6.00","0",
"11993540","95888827","80098965","2.00","0",
"12392435","49558427","80812925","9.00","0",
"12420023","30203030","38417452","3.00","0",
"12462781","58008274","74220210","7.00","0",
"12580364","90412972","31990349","9.00","0",
"12716491","65773712","23474192","7.00","0",
"12738706","99299025","92127505","6.00","0",
"12998820","590998","18767554","1.00","0",
"13065973","65846915","97015711","5.00","0",
"13120790","76466792","87679588","3.00","0",
"13388553","58008274","90735668","7.00","0",
"13768787","47844415","26090069","1.00","0",
"14234980","76466792","80812925","7.00","0",
"14312189","95675647","73113253","3.00","0",
"14396909","49558427","38417452","3.00","0",
"14484975","41746460","90735668","7.00","0",
"14595997","40211693","35910270","8.00","0",
"14716698","70328249","39262660","4.00","0",
"14725271","78421047","18767554","10.00","0",
"14802932","88867550","21267167","9.00","0",
"15043358","57362164","38075179","4.00","0",
"15092923","40211693","29673695","5.00","0",
"15180390","45880337","53442767","6.00","0",
"15365917","45880337","77473926","6.00","0",
"15408848","61831165","87679588","2.00","0",
"15651276","41746460","31561187","3.00","0",
"15734068","88951401","38075179","2.00","0",
"15769969","65846915","91072341","4.00","0",
"15812207","12334729","92127505","5.00","0",
"15873292","65446073","73113253","10.00","0",
"16065429","46215132","80098965","1.00","0",
"16107706","20304840","58692555","21.00","0",
"16163363","79181330","59287240","5.00","0",
"16173250","88951401","90735668","7.00","0",
"16277436","40211693","90476956","7.00","0",
"16292754","77846032","35910270","10.00","0",
"16307877","40211693","22762275","2.00","0",
"16437770","68930755","90735668","3.00","0",
"16455890","58008274","95701656","1.00","0",
"16514571","590998","91072341","3.00","0",
"16785003","97339718","38075179","2.00","0",
"16790327","49558427","26090069","4.00","0",
"16938802","83065685","50693065","8.00","0",
"17006552","78421047","31990349","10.00","0",
"17218118","590998","74220210","8.00","0",
"17258038","65846915","31990349","7.00","0",
"17297271","47035844","74174186","8.00","0",
"17370382","55475929","53442767",,"0",
"17480744","90412972","37537849","9.00","0",
"17614761","70328249","74174186","5.00","0",
"17638942","6863565","58692555","7.00","0",
"17805182","11687695","17296471","3.00","0",
"17979159","6863565","74603081","9.00","0",
"18352703","68930755","95701656","8.00","0",
"18465806","55475929","77440855","10.00","0",
"18483505","47844415","38417452","6.00","0",
"18540651","88951401","77440855","9.00","0",
"18605217","40211693","38417452","1.00","0",
"18675364","76466792","29673695","2.00","0",
"18733798","79181330","31990349","4.00","0",
"19054924","6863565","80812925","8.00","0",
"19104114","47035844","17296471","6.00","0",
"19208021","58008274","37537849","3.00","0",
"19359318","75556357","59287240","2.00","0",
"19392648","11687695","80812925","9.00","0",
"19491214","11378372","59287240","9.00","0",
"19636516","70328249","57004617","7.00","0",
"19697068","25965086","95701656","9.00","0",
"19758472","25965086","38075179","7.00","0",
"19779048","34766595","39262660","4.00","0",
"19986573","58008274","71024784","6.00","0",
"20137088","99299025","50693065","8.00","0",
"20399152","46215132","50693065","8.00","0",
"20410398","6863565","22762275","6.00","0",
"20440394","58008274","49746069","4.00","0",
"20465383","72389118","55674587","8.00","0",
"20751524","92023591","26090069","4.00","0",
"20824829","88951401","74220210","3.00","0",
"20863550","90412972","77473926","1.00","0",
"20898726","55475929","90735668","5.00","0",
"20996234","34766595","80812925","10.00","0",
"21128925","12334729","58692555","8.00","0",
"21513533","68930755","73113253","4.00","0",
"21683778","99299025","57004617","3.00","0",
"21724483","90412972","53387446","5.00","0",
"21814581","65446073","53387446","2.00","0",
"21833515","34766595","80098965","3.00","0",
"21844582","72389118","92127505","3.00","0",
"22051447","30203030","17296471","9.00","0",
"22225850","79181330","73113253","8.00","0",
"22308311","11687695","92127505","5.00","0",
"22309700","65446073","91072341","1.00","0",
"22333967","45880337","97015711","10.00","0",
"22336119","99299025","22762275","4.00","0",
"22473488","79181330","59952554","7.00","0",
"22549193","99299025","33741103","1.00","0",
"22823717","83065685","39262660","9.00","0",
"22840106","95675647","21267167","1.00","0",
"23045189","58008274","97015711","8.00","0",
"23058907","99299025","55674587","10.00","0",
"23157516","50003665","90735668","4.00","0",
"23454563","590998","73113253","9.00","0",
"23513509","77846032","22762275","8.00","0",
"23663638","88867550","95701656","10.00","0",
"23680124","65446073","90735668","8.00","0",
"23721945","50003665","73113253","7.00","0",
"23754179","11378372","91072341","10.00","0",
"23757055","8989557","87679588","2.00","0",
"23891952","78421047","38075179","2.00","0",
"24145946","20304840","35910270","8.00","0",
"24153811","47035844","26090069","1.00","0",
"24401222","77846032","26090069","21.00","0",
"24429921","88951401","59287240","5.00","0",
"24469131","25965086","97015711","8.00","0",
"24485707","40211693","17296471","10.00","0",
"24588383","49558427","39262660","7.00","0",
"24596592","11378372","18767554","5.00","0",
"24612162","34766595","22762275","7.00","0",
"24699382","47035844","90476956","9.00","0",
"24728238","12334729","74174186","6.00","0",
"24810297","590998","53442767","7.00","0",
"24817693","78421047","49746069","2.00","0",
"24987366","8989557","74603081","1.00","0",
"25183195","8989557","23474192","10.00","0",
"25298500","49558427","90476956","4.00","0",
"25660433","41746460","71024784","1.00","0",
"25762079","78421047","53442767","6.00","0",
"25787692","11378372","53442767","7.00","0",
"25874544","95675647","74220210","10.00","0",
"25941727","95888827","38417452","5.00","0",
"25989114","76466792","26090069","5.00","0",
"26018595","95675647","97015711","9.00","0",
"26159927","6863565","92127505","9.00","0",
"26416424","8989557","35910270","9.00","0",
"26706910","49558427","29673695","2.00","0",
"27213273","68930755","31561187","9.00","0",
"27635441","61831165","55674587","9.00","0",
"27852984","30203030","57004617","4.00","0",
"27908427","72389118","90476956","2.00","0",
"27950884","25965086","18767554","9.00","0",
"28346525","78421047","59287240","8.00","0",
"28514394","92023591","92127505","11.00","0",
"28558694","83065685","22762275","8.00","0",
"28685974","58008274","18767554","5.00","0",
"28744509","75556357","31990349","8.00","0",
"28880299","95888827","23474192","3.00","0",
"28947613","65446073","31990349","8.00","0",
"28982821","88867550","31990349","8.00","0",
"29106929","88867550","77440855","8.00","0",
"29276922","76466792","23474192","6.00","0",
"29498271","95888827","92127505","8.00","0",
"29620002","12334729","38417452","7.00","0",
"29722941","92023591","87679588","5.00","0",
"29741846","72389118","57004617","5.00","0",
"29923439","40211693","58692555","8.00","0",
"29928481","25965086","73113253","5.00","0",
"29932197","20304840","92127505","5.00","0",
"30073289","50003665","91072341","5.00","0",
"30105681","41746460","91072341","5.00","0",
"30238079","8989557","55674587","7.00","0",
"30330614","58008274","91072341","2.00","0",
"30440921","49558427","57004617","10.00","0",
"30446158","65773712","29673695","4.00","0",
"30475763","95675647","18767554","6.00","0",
"30820481","99299025","23474192","3.00","0",
"30849797","90412972","21267167","5.00","0",
"30935596","39319830","26090069","1.00","0",
"31046987","78421047","95701656","1.00","0",
"31326443","88867550","71024784","2.00","0",
"31439675","590998","71024784","1.00","0",
"31512025","65773712","22762275","4.00","0",
"31625319","76466792","55674587","3.00","0",
"31693469","90412972","18767554","2.00","0",
"31700630","34766595","26090069","1.00","0",
"31950371","50003665","53442767","10.00","0",
"31980507","45880337","77440855","8.00","0",
"32056713","77846032","33741103","2.00","0",
"32062472","68930755","31990349","2.00","0",
"32100247","12334729","74603081","21.00","0",
"32291304","72389118","35910270","4.00","0",
"32305759","47035844","38417452","1.00","0",
"32311306","99299025","74174186","7.00","0",
"32311412","20304840","17296471","9.00","0",
"32491312","75556357","37537849","9.00","0",
"33064888","58008274","59287240","10.00","0",
"33352002","70328249","80812925","6.00","0",
"33513864","75556357","18767554","8.00","0",
"33518156","47844415","58692555","8.00","0",
"33579594","75556357","95701656","3.00","0",
"33588521","30203030","22762275","9.00","0",
"33712190","77846032","38417452","7.00","0",
"33760651","12334729","29673695","3.00","0",
"33879288","20304840","26090069","2.00","0",
"33941047","68930755","71024784","7.00","0",
"33968041","6863565","38417452","1.00","0",
"34252251","76466792","17296471","6.00","0",
"34375786","25965086","31561187","7.00","0",
"34486325","6863565","17296471","8.00","0",
"34550545","46215132","74174186","6.00","0",
"34828437","88867550","18767554","4.00","0",
"34956841","88867550","37537849","4.00","0",
"35060151","75556357","77473926","2.00","0",
"35164711","6863565","87679588","2.00","0",
"35230930","57362164","21267167","1.00","0",
"35271610","88867550","59952554","1.00","0",
"35397628","77846032","58692555","9.00","0",
"35499825","99299025","29673695","8.00","0",
"35625816","6863565","74174186","5.00","0",
"35781337","45880337","90735668","9.00","0",
"35876800","95675647","91072341","7.00","0",
"36017987","65846915","74220210","9.00","0",
"36062862","88867550","91072341","6.00","0",
"36154614","46215132","80812925","3.00","0",
"36323942","83065685","35910270","10.00","0",
"36490596","47035844","74603081","4.00","0",
"36573359","55475929","95701656","9.00","0",
"36876560","68930755","21267167","1.00","0",
"37140912","45880337","31561187","4.00","0",
"37282223","40211693","87679588","3.00","0",
"37348275","75556357","31561187","3.00","0",
"37683133","47035844","92127505","5.00","0",
"37866481","20304840","33741103","4.00","0",
"38075623","70328249","74603081","5.00","0",
"38220449","39319830","58692555","10.00","0",
"38760878","78421047","77440855","7.00","0",
"38767205","65773712","39262660","21.00","0",
"38783670","70328249","80098965","10.00","0",
"38913613","75556357","53442767","4.00","0",
"39069246","95888827","55674587","6.00","0",
"39078897","590998","77473926","2.00","0",
"39098502","50003665","95701656","8.00","0",
"39153437","39319830","38417452","3.00","0",
"39181902","39319830","74174186","6.00","0",
"39622987","47035844","80812925","7.00","0",
"39778426","92023591","29673695","11.00","0",
"40189685","45880337","74220210","8.00","0",
"40238163","57362164","95701656","9.00","0",
"40530390","49558427","74603081","6.00","0",
"40546662","70328249","38417452","1.00","0",
"40597567","79181330","74220210","7.00","0",
"40967609","65773712","33741103","1.00","0",
"41022928","88951401","71024784","6.00","0",
"41023560","40211693","55674587","6.00","0",
"41074305","78421047","73113253","4.00","0",
"41164960","65846915","18767554","1.00","0",
"41221455","12334729","57004617","3.00","0",
"41284463","65846915","38075179","7.00","0",
"41416054","34766595","29673695","9.00","0",
"41480548","57362164","59287240","2.00","0",
"41520276","12334729","23474192","4.00","0",
"41818203","83065685","58692555","4.00","0",
"41997737","75556357","74220210","10.00","0",
"42014206","590998","31990349","8.00","0",
"42131536","11378372","73113253","2.00","0",
"42211516","55475929","31561187","2.00","0",
"42341303","70328249","33741103","3.00","0",
"42367987","55475929","71024784","7.00","0",
"42503709","30203030","26090069","2.00","0",
"42536612","57362164","53442767","7.00","0",
"42864854","95888827","22762275","6.00","0",
"42968517","46215132","29673695","9.00","0",
"43338834","590998","59287240","3.00","0",
"43424761","8989557","38417452","4.00","0",
"43723898","88951401","21267167","8.00","0",
"43746751","49558427","23474192","6.00","0",
"43799638","77846032","87679588","2.00","0",
"44059764","49558427","55674587","9.00","0",
"44117203","95675647","95701656","5.00","0",
"44194166","78421047","21267167","4.00","0",
"44682466","6863565","90476956","3.00","0",
"44772158","20304840","50693065","8.00","0",
"44781228","72389118","50693065","6.00","0",
"44858666","97339718","59952554","9.00","0",
"44882946","79181330","53442767","3.00","0",
"44966489","47844415","22762275","3.00","0",
"45100465","30203030","58692555","5.00","0",
"45367993","12334729","50693065","9.00","0",
"45476561","77846032","39262660","3.00","0",
"45572532","88867550","31561187","9.00","0",
"45593918","72389118","39262660","21.00","0",
"45859136","61831165","35910270","6.00","0",
"45864679","8989557","80098965","2.00","0",
"45888442","65773712","35910270","9.00","0",
"46058815","79181330","38075179","9.00","0",
"46102453","41746460","59952554","2.00","0",
"46131898","57362164","59952554","6.00","0",
"46150516","95675647","53442767","9.00","0",
"46338860","95888827","39262660","9.00","0",
"46425679","90412972","31561187","10.00","0",
"46470368","12334729","17296471","8.00","0",
"46487952","99299025","90476956","6.00","0",
"46633293","95675647","37537849","2.00","0",
"46678202","97339718","53387446","8.00","0",
"46771653","97339718","71024784","5.00","0",
"47084399","92023591","22762275","1.00","0",
"47146952","65773712","87679588","7.00","0",
"47147718","90412972","95701656","7.00","0",
"47402255","70328249","22762275","7.00","0",
"47413053","99299025","39262660","5.00","0",
"47426868","65846915","73113253","2.00","0",
"47622182","61831165","26090069","3.00","0",
"47776484","65446073","31561187","4.00","0",
"47870291","49558427","17296471","8.00","0",
"48051658","46215132","39262660","3.00","0",
"48082031","11687695","26090069","1.00","0",
"48227819","47035844","57004617","3.00","0",
"48287471","55475929","91072341","11.00","0",
"48333160","57362164","49746069","5.00","0",
"48358686","90412972","74220210","10.00","0",
"48496814","46215132","22762275","1.00","0",
"48511129","65773712","80098965","2.00","0",
"48731119","83065685","55674587","9.00","0",
"48784438","46215132","92127505","7.00","0",
"48897693","34766595","90476956","2.00","0",
"49047643","11687695","23474192","6.00","0",
"49104130","8989557","33741103","3.00","0",
"49215431","75556357","73113253","11.00","0",
"49264947","8989557","17296471","9.00","0",
"49411644","65446073","21267167","2.00","0",
"49463250","83065685","74174186","6.00","0",
"49553512","72389118","29673695","7.00","0",
"49620542","25965086","71024784","6.00","0",
"49726877","47844415","90476956","1.00","0",
"49796335","95675647","31561187","8.00","0",
"49811607","41746460","77440855","4.00","0",
"49870601","57362164","73113253","11.00","0",
"49904136","46215132","35910270","2.00","0",
"49909913","72389118","33741103","4.00","0",
"50280514","79181330","71024784","3.00","0",
"50285663","76466792","58692555","9.00","0",
"50350993","65446073","18767554","6.00","0",
"50458204","88867550","90735668","5.00","0",
"50809047","30203030","80098965","6.00","0",
"50826650","92023591","90476956","6.00","0",
"50833994","65446073","53442767","7.00","0",
"50864261","25965086","37537849","10.00","0",
"50982908","79181330","53387446","9.00","0",
"51206447","76466792","90476956","4.00","0",
"51380453","95675647","31990349","4.00","0",
"51633530","50003665","59952554","4.00","0",
"51692503","39319830","50693065","8.00","0",
"51763817","55475929","74220210","7.00","0",
"52024989","65773712","26090069","3.00","0",
"52076674","88951401","77473926","2.00","0",
"52182337","25965086","77473926","1.00","0",
"52210138","72389118","58692555","10.00","0",
"52245342","50003665","74220210","9.00","0",
"52394846","68930755","77473926","7.00","0",
"52535327","46215132","55674587","10.00","0",
"52872857","45880337","95701656","5.00","0",
"53174103","75556357","49746069","7.00","0",
"53456927","41746460","38075179","10.00","0",
"53500833","95675647","77473926","3.00","0",
"53649404","30203030","33741103","3.00","0",
"53697387","99299025","80812925","7.00","0",
"53734069","58008274","73113253","9.00","0",
"53770509","65846915","59287240","6.00","0",
"53990100","41746460","73113253","9.00","0",
"54069376","20304840","57004617","3.00","0",
"54082703","79181330","37537849","10.00","0",
"54097097","95888827","33741103","5.00","0",
"54110417","47844415","33741103","3.00","0",
"54217028","88951401","49746069","1.00","0",
"54303506","8989557","92127505","4.00","0",
"54405134","30203030","55674587","7.00","0",
"54548077","12334729","80812925","4.00","0",
"54799809","77846032","74174186","7.00","0",
"54837904","47035844","87679588","3.00","0",
"54845705","55475929","21267167","2.00","0",
"54866792","99299025","38417452","4.00","0",
"55054796","41746460","59287240","10.00","0",
"55295779","68930755","97015711","21.00","0",
"55412043","95675647","59287240","6.00","0",
"55526273","90412972","49746069","4.00","0",
"55736776","88951401","73113253","10.00","0",
"55753175","61831165","58692555","2.00","0",
"55814579","25965086","59287240","2.00","0",
"55995200","90412972","59287240","8.00","0",
"56140600","90412972","90735668","3.00","0",
"56253361","46215132","17296471","4.00","0",
"56670614","55475929","53387446","1.00","0",
"56775648","77846032","57004617","5.00","0",
"56925924","61831165","38417452","7.00","0",
"56984214","49558427","87679588","7.00","0",
"57096060","88867550","97015711","3.00","0",
"57109303","95675647","49746069","5.00","0",
"57172192","47844415","74174186","10.00","0",
"57338254","76466792","92127505","10.00","0",
"57349893","65773712","74603081","3.00","0",
"57379554","47844415","35910270","9.00","0",
"57557060","11687695","33741103","4.00","0",
"57642421","47035844","50693065","9.00","0",
"57917161","57362164","97015711","8.00","0",
"58146647","11687695","57004617","1.00","0",
"58157257","47844415","57004617","2.00","0",
"58175026","39319830","22762275","3.00","0",
"58435878","49558427","33741103","5.00","0",
"58509645","65446073","37537849","5.00","0",
"58545145","8989557","80812925","21.00","0",
"58562064","78421047","37537849","9.00","0",
"58593139","25965086","90735668","6.00","0",
"58635853","65773712","17296471","9.00","0",
"58674170","65846915","53387446","9.00","0",
"58854404","95675647","53387446","2.00","0",
"58893899","46215132","90476956","6.00","0",
"58970042","92023591","33741103","2.00","0",
"59117993","88951401","91072341","1.00","0",
"59165641","590998","21267167","4.00","0",
"59196895","25965086","77440855","3.00","0",
"59235706","65773712","38417452","1.00","0",
"59378624","20304840","29673695","2.00","0",
"59691079","55475929","59952554","3.00","0",
"59709674","61831165","17296471","7.00","0",
"59712951","55475929","59287240","3.00","0",
"59815577","72389118","23474192","3.00","0",
"59934710","34766595","92127505","8.00","0",
"60013969","65773712","80812925","5.00","0",
"60075692","65773712","90476956","2.00","0",
"60202861","34766595","55674587","6.00","0",
"60344481","88951401","18767554","5.00","0",
"60356951","65446073","38075179","10.00","0",
"60486281","25965086","49746069","8.00","0",
"60562494","57362164","18767554","9.00","0",
"61153573","75556357","53387446","8.00","0",
"61227446","77846032","29673695","6.00","0",
"61284264","99299025","35910270","1.00","0",
"61644511","47035844","39262660","6.00","0",
"62038914","83065685","33741103","6.00","0",
"62134780","49558427","92127505","1.00","0",
"62185293","30203030","74174186","7.00","0",
"62197894","590998","59952554","6.00","0",
"62219646","45880337","73113253","2.00","0",
"62352982","95888827","74174186","7.00","0",
"62457178","83065685","29673695","1.00","0",
"62556847","78421047","90735668","5.00","0",
"62720035","57362164","77440855","7.00","0",
"62906824","61831165","22762275","4.00","0",
"62923041","70328249","55674587","10.00","0",
"63010719","65846915","37537849","10.00","0",
"63129052","46215132","26090069","8.00","0",
"63302455","41746460","18767554","2.00","0",
"63489641","20304840","90476956","6.00","0",
"63603509","34766595","58692555","7.00","0",
"63828951","34766595","87679588","1.00","0",
"63959932","41746460","53387446","7.00","0",
"64230795","8989557","22762275","1.00","0",
"64312523","47844415","92127505","4.00","0",
"64374013","34766595","35910270","9.00","0",
"64402001","11378372","49746069","1.00","0",
"64531263","55475929","18767554","4.00","0",
"64669279","25965086","53442767","3.00","0",
"64913498","45880337","53387446","10.00","0",
"64971894","11378372","59952554","3.00","0",
"65039823","55475929","73113253","8.00","0",
"65107744","47844415","80812925","10.00","0",
"65157448","6863565","29673695","2.00","0",
"65178109","65446073","77440855","3.00","0",
"65319324","39319830","80812925","7.00","0",
"65393732","92023591","57004617","3.00","0",
"65545570","41746460","77473926","4.00","0",
"65601949","58008274","31561187","3.00","0",
"66153193","45880337","59287240","4.00","0",
"66249099","76466792","35910270",,"0",
"66541953","65446073","97015711","4.00","0",
"66818992","8989557","39262660","8.00","0",
"66863084","90412972","77440855","7.00","0",
"66868318","50003665","77440855","2.00","0",
"66930052","45880337","31990349","5.00","0",
"66934337","39319830","87679588","1.00","0",
"67072317","590998","97015711","5.00","0",
"67228077","41746460","21267167","6.00","0",
"67296526","79181330","95701656","2.00","0",
"67337467","76466792","22762275","2.00","0",
"67370611","88951401","59952554","4.00","0",
"67653722","70328249","50693065","3.00","0",
"67782421","95888827","74603081","3.00","0",
"67795698","55475929","38075179","5.00","0",
"68256372","46215132","33741103","9.00","0",
"68369090","61831165","80812925","10.00","0",
"68617172","76466792","33741103","8.00","0",
"68685163","25965086","91072341","5.00","0",
"68718897","75556357","77440855","5.00","0",
"68825974","30203030","87679588","1.00","0",
"68893450","6863565","23474192","10.00","0",
"69087573","65846915","77440855","5.00","0",
"69347894","45880337","18767554","1.00","0",
"69478833","34766595","57004617","5.00","0",
"69569500","83065685","17296471","7.00","0",
"69781235","46215132","57004617","2.00","0",
"69789982","95888827","87679588","2.00","0",
"69894311","50003665","77473926","6.00","0",
"69930470","47035844","23474192","8.00","0",
"70186294","77846032","90476956","1.00","0",
"70366806","61831165","92127505","4.00","0",
"70537993","65446073","59952554","9.00","0",
"70816492","77846032","23474192","1.00","0",
"70866958","39319830","35910270","7.00","0",
"70954052","58008274","77473926","4.00","0",
"71185933","95888827","58692555","7.00","0",
"71399852","65846915","90735668","8.00","0",
"71437256","83065685","80098965","1.00","0",
"71452726","20304840","38417452","4.00","0",
"71633667","83065685","87679588","4.00","0",
"71649537","50003665","38075179","1.00","0",
"71795783","68930755","53442767","1.00","0",
"72130776","46215132","74603081","5.00","0",
"72184572","65446073","71024784","3.00","0",
"72374851","65446073","49746069","5.00","0",
"72388684","47844415","80098965","2.00","0",
"72496186","34766595","38417452","10.00","0",
"72499998","8989557","50693065","8.00","0",
"72553083","75556357","90735668","4.00","0",
"72556536","72389118","17296471","6.00","0",
"72616756","25965086","59952554","2.00","0",
"73068058","47844415","55674587","7.00","0",
"73283981","65773712","57004617","6.00","0",
"73503102","65846915","21267167","8.00","0",
"73709979","590998","53387446","7.00","0",
"73716214","12334729","22762275","1.00","0",
"73749552","11687695","74603081","6.00","0",
"73861200","88867550","74220210","21.00","0",
"73872542","61831165","33741103","10.00","0",
"74175085","92023591","80098965","11.00","0",
"74187583","30203030","50693065","10.00","0",
"74331086","65446073","59287240","10.00","0",
"74373623","65846915","49746069","4.00","0",
"74407455","68930755","59287240","4.00","0",
"74496025","75556357","21267167","6.00","0",
"74610855","11687695","74174186","8.00","0",
"74646583","95675647","77440855","8.00","0",
"74760578","88867550","53387446","1.00","0",
"74921173","8989557","29673695","5.00","0",
"74997363","76466792","38417452","4.00","0",
"75027126","70328249","92127505","4.00","0",
"75029175","77846032","80812925","4.00","0",
"75102847","76466792","74174186","7.00","0",
"75203859","76466792","57004617","1.00","0",
"75439988","30203030","29673695","8.00","0",
"75666812","12334729","87679588","1.00","0",
"75818296","20304840","22762275","1.00","0",
"75953889","78421047","53387446","1.00","0",
"75991988","50003665","71024784","5.00","0",
"76135734","12334729","39262660","5.00","0",
"76164720","79181330","91072341","4.00","0",
"76325892","590998","31561187","5.00","0",
"76347212","58008274","59952554","1.00","0",
"76449377","40211693","26090069","1.00","0",
"76485779","97339718","49746069","1.00","0",
"76605435","30203030","74603081","8.00","0",
"76627476","20304840","55674587","7.00","0",
"76800148","49558427","22762275","10.00","0",
"76855761","65773712","92127505","8.00","0",
"76974342","57362164","77473926","2.00","0",
"77058320","75556357","91072341","5.00","0",
"77069695","99299025","17296471","9.00","0",
"77217426","34766595","33741103","5.00","0",
"77364926","88951401","53387446","10.00","0",
"77437157","11687695","39262660","2.00","0",
"77600140","11687695","29673695","5.00","0",
"77663457","76466792","74603081","8.00","0",
"77663508","95888827","17296471","4.00","0",
"78138470","88867550","77473926","5.00","0",
"78243517","65446073","95701656","7.00","0",
"78436864","590998","77440855","10.00","0",
"78454878","11687695","90476956","4.00","0",
"78535990","39319830","80098965","2.00","0",
"78651958","70328249","23474192","8.00","0",
"78978128","49558427","58692555","5.00","0",
"79205273","95888827","80812925","10.00","0",
"79323302","88951401","31561187","7.00","0",
"79330401","68930755","53387446","5.00","0",
"79480521","70328249","29673695","6.00","0",
"79495163","95888827","90476956","21.00","0",
"79718842","46215132","58692555","10.00","0",
"79748464","61831165","50693065","3.00","0",
"79838691","20304840","39262660","7.00","0",
"80036466","61831165","39262660","5.00","0",
"80266617","30203030","35910270","6.00","0",
"80351722","99299025","74603081","10.00","0",
"80436919","88951401","31990349","3.00","0",
"81032410","65846915","71024784","2.00","0",
"81159775","8989557","26090069","3.00","0",
"81180116","79181330","77440855","2.00","0",
"81236918","590998","95701656","10.00","0",
"81367423","58008274","38075179","10.00","0",
"81437981","78421047","71024784","3.00","0",
"81676584","61831165","74174186","8.00","0",
"81676625","49558427","50693065","8.00","0",
"81683267","88867550","38075179","7.00","0",
"81701331","88951401","97015711","9.00","0",
"81708037","11687695","58692555","10.00","0",
"81860388","8989557","57004617","7.00","0",
"82082756","99299025","26090069","2.00","0",
"82205055","92023591","38417452","11.00","0",
"82295395","41746460","31990349","6.00","0",
"82297617","76466792","50693065","5.00","0",
"82436924","50003665","31990349","9.00","0",
"82446479","95888827","26090069","1.00","0",
"82516233","30203030","90476956","2.00","0",
"82530760","57362164","71024784","3.00","0",
"82750272","45880337","37537849","9.00","0",
"82813874","50003665","21267167","8.00","0",
"82924696","50003665","37537849","10.00","0",
"83152921","68930755","74220210","6.00","0",
"83469588","83065685","57004617","3.00","0",
"83699421","95888827","50693065","8.00","0",
"83783595","50003665","49746069","1.00","0",
"83801509","12334729","35910270","7.00","0",
"84038022","83065685","26090069","2.00","0",
"84237821","39319830","55674587","10.00","0",
"84361359","90412972","71024784","8.00","0",
"84471103","58008274","53387446","2.00","0",
"84870193","99299025","58692555","9.00","0",
"85141110","79181330","97015711","10.00","0",
"85184970","34766595","50693065","4.00","0",
"85627866","41746460","53442767","3.00","0",
"85651365","76466792","80098965","1.00","0",
"85791683","65773712","55674587","6.00","0",
"85830380","6863565","33741103","4.00","0",
"86223242","65846915","31561187","4.00","0",
"86386900","34766595","17296471","3.00","0",
"86527899","90412972","73113253","4.00","0",
"86742975","41746460","97015711","5.00","0",
"86821702","78421047","74220210","8.00","0",
"87208354","47035844","33741103","7.00","0",
"87213201","40211693","74603081","9.00","0",
"87470300","72389118","80098965","5.00","0",
"87557854","90412972","91072341","1.00","0",
"87587633","40211693","80812925","5.00","0",
"87617493","45880337","59952554","7.00","0",
"87633473","97339718","18767554","10.00","0",
"87717105","61831165","23474192","5.00","0",
"87854354","39319830","17296471","9.00","0",
"87886169","78421047","77473926","6.00","0",
"88020768","72389118","22762275","1.00","0",
"88085068","88867550","59287240","7.00","0",
"88426070","57362164","31561187","6.00","0",
"88426971","11687695","80098965","2.00","0",
"88455243","20304840","23474192","21.00","0",
"88507059","12334729","26090069","6.00","0",
"88572285","47844415","17296471","5.00","0",
"88841179","79181330","31561187","1.00","0",
"88857974","65846915","59952554","6.00","0",
"88858402","55475929","37537849","8.00","0",
"89078078","65773712","50693065","8.00","0",
"89109897","25965086","31990349","4.00","0",
"89193463","30203030","80812925","4.00","0",
"89307466","41746460","95701656","8.00","0",
"89468244","590998","37537849","2.00","0",
"89955967","45880337","91072341","3.00","0",
"89986173","90412972","53442767","3.00","0",
"90464722","58008274","77440855","8.00","0",
"90574886","47035844","80098965","5.00","0",
"90687523","68930755","59952554","2.00","0",
"90815204","590998","90735668","9.00","0",
"91018572","39319830","39262660","4.00","0",
"91138317","90412972","59952554","2.00","0",
"91254308","70328249","26090069","1.00","0",
"91302272","590998","38075179","6.00","0",
"91558561","40211693","57004617","3.00","0",
"91588717","68930755","18767554","8.00","0",
"91691572","11378372","77473926","4.00","0",
"92117540","88867550","73113253","2.00","0",
"92260981","77846032","92127505","4.00","0",
"92262373","83065685","92127505","3.00","0",
"92356397","11687695","50693065","3.00","0",
"92365661","41746460","37537849","8.00","0",
"92421527","11687695","35910270","10.00","0",
"92477187","11378372","31561187","8.00","0",
"92523632","95675647","71024784","4.00","0",
"92529360","78421047","31561187","6.00","0",
"92532460","61831165","74603081","6.00","0",
"92643228","70328249","90476956","2.00","0",
"92653465","25965086","53387446","4.00","0",
"92711363","46215132","38417452","5.00","0",
"92719814","25965086","21267167","1.00","0",
"92906404","11687695","38417452","7.00","0",
"93175854","88867550","49746069","3.00","0",
"93202681","25965086","74220210","10.00","0",
"93389690","20304840","80812925","5.00","0",
"93415091","49558427","35910270","3.00","0",
"93606910","11687695","87679588","7.00","0",
"93693496","40211693","33741103","9.00","0",
"93753099","49558427","74174186","2.00","0",
"93790737","45880337","71024784","1.00","0",
"93826003","39319830","29673695","5.00","0",
"93839322","68930755","77440855","10.00","0",
"94022836","79181330","49746069","5.00","0",
"94109729","47035844","22762275","4.00","0",
"94355764","50003665","97015711","7.00","0",
"94547296","12334729","55674587","10.00","0",
"94638206","47844415","50693065","8.00","0",
"94685374","79181330","18767554","1.00","0",
"94710909","79181330","77473926","6.00","0",
"95254132","57362164","37537849","10.00","0",
"95314204","8989557","90476956","6.00","0",
"95334224","90412972","38075179","6.00","0",
"95633090","12334729","90476956","2.00","0",
"95654266","47844415","23474192","4.00","0",
"95725005","70328249","58692555","8.00","0",
"95731899","77846032","74603081","3.00","0",
"95914506","68930755","49746069","6.00","0",
"96322455","50003665","59287240","2.00","0",
"96454320","40211693","80098965","2.00","0",
"96525838","55475929","31990349","4.00","0",
"96573990","97339718","31561187","6.00","0",
"96689764","95888827","57004617","1.00","0",
"96841254","590998","49746069","4.00","0",
"96859179","65773712","58692555","10.00","0",
"96938489","95675647","38075179","7.00","0",
"96974711","83065685","90476956","10.00","0",
"96995100","47035844","29673695","2.00","0",
"97184605","75556357","38075179","6.00","0",
"97612623","57362164","53387446","3.00","0",
"97795158","57362164","90735668","5.00","0",
"97964456","61831165","29673695","8.00","0",
"97966543","65446073","77473926","1.00","0",
"98160915","72389118","74603081","8.00","0",
"98167466","97339718","21267167","4.00","0",
"98337109","6863565","35910270","6.00","0",
"98430628","40211693","92127505","4.00","0",
"98476170","88951401","95701656","6.00","0",
"98874510","40211693","39262660","4.00","0",
"98946577","57362164","31990349","8.00","0",
"99073226","68930755","37537849","3.00","0",
"99349661","97339718","77473926","3.00","0",
"99526263","34766595","23474192","6.00","0",
"99553639","83065685","23474192","5.00","0",
"99568015","6863565","57004617","5.00","0",
